Transaction_ID,Transaction_Date,Region,Province,City,Sales_Channel,Distributor_Name,Outlet_ID,Outlet_Type,Salesperson_ID,Product_Category,Product_Name,SKU_Code,Unit_Price,Quantity_Sold,Gross_Sales,Discount_Percent,Discount_Amount,Net_Sales,Promotion_Type,Return_Flag,Payment_Method,Delivery_Time_Days
TRX2021816886,07/02/2021,Bandung,West Java,Bandung,General Trade,PT Global Snack Dist,OUT5950,Minimarket,SP597,Candy,Fruit Jelly Candy,SKU37175,28347,91,2579577,0.2442,629932.7,1949644.3,Retail Discount,No,Cash,7
TRX2021609684,19/01/2021,Makassar,South Sulawesi,Makassar,E-commerce,PT Nusantara Supply,OUT2940,Traditional Store,SP989,Candy,Mint Pop Candy,SKU45236,37739,115,4339985,0.2339,1015122.49,3324862.51,Bundle Promo,No,Transfer,14
TRX2021720176,01/08/2021,Bandung,West Java,Bandung,E-commerce,PT Global Snack Dist,OUT9414,Minimarket,SP368,Snacks,Spicy Curl,SKU79670,29194,191,5576054,0.0625,348503.38,5227550.62,Retail Discount,No,Transfer,6
TRX2021784704,2021-11-28,Medan,North Sumatra,Medan,General Trade,PT Maju Jaya Distribusi,OUT9534,Supermarket,SP538,Biscuits, Golden Cream Biscuit ,SKU49593,15912,184,2927808,0.177,518222.02,2409585.98,Bundle Promo,No,Transfer,9
TRX2021829711,09/12/2021,Makassar,South Sulawesi,Makassar,Distributor,PT Sinar Distribusi,OUT4927,Minimarket,SP149,Candy,Caramel Drop Candy,SKU36595,42102,44,1852488,0.0255,47238.44,1805249.56,None,No,Credit Term,1
TRX2021144589,2021-09-03,Surabaya,East Java,Surabaya,E-commerce,PT Maju Jaya Distribusi,OUT9479,Traditional Store,SP621,Snacks, Crunchy Bite ,SKU97664,3535,97,342895,0.1044,35798.24,307096.76,,No,Transfer,10
TRX2021244534,22/01/2021,Bandung,West Java,Bandung,Modern Trade,PT Sinar Distribusi,OUT7308,Online Store,SP868,Snacks,Savory Chips,SKU69889,35031,103,3608193,0.216,779369.69,2828823.31,Bundle Promo,No,Credit Term,2
TRX2021937106,2021-02-07,Makassar,South Sulawesi,Makassar,E-commerce,PT Global Snack Dist,OUT6199,Online Store,SP210,Beverages, Energy Cocoa Drink ,SKU19692,3727,175,652225,0.0657,42851.18,609373.82,Retail Discount,No,Transfer,8
TRX2021301814,2021-12-24,Bandung,West Java,Bandung,Distributor,PT Nusantara Supply,OUT4306,Traditional Store,SP317,Snacks,Savory Chips,SKU49500,20383,139,2833237,0.2294,649944.57,2183292.43,,No,Credit Term,12
TRX2021790134,2021-10-29,Yogyakarta,DI Yogyakarta,Yogyakarta,General Trade,,OUT1733,Minimarket,SP951,Biscuits,Golden Cream Biscuit,SKU61343,11842,7,82894,0.0881,7302.96,75591.04,,No,Credit Term,12
TRX2021648727,29/12/2021,Semarang,Central Java,Semarang,Modern Trade,PT Global Snack Dist,OUT9361,Online Store,SP561,Beverages,Nutri Grain Drink,SKU56533,41801,103,4305503,0.1885,811587.32,3493915.68,Retail Discount,No,Credit Term,6
TRX2021183114,2021-03-28,Bandung,West Java,Bandung,General Trade,PT Maju Jaya Distribusi,OUT1828,Traditional Store,SP362,Biscuits,Choco Delight Biscuit,SKU67140,48591,145,7045695,0.1338,942713.99,6102981.01,,No,Transfer,3
TRX2021134462,2021-06-23,Surabaya,East Java,Surabaya,Modern Trade,,OUT9301,Minimarket,SP598,Biscuits,Golden Cream Biscuit,SKU70561,25207,79,1991353,0.2114,420972.02,1570380.98,,No,Transfer,14
TRX2021906458,2021-07-10,Makassar,South Sulawesi,Makassar,E-commerce,PT Global Snack Dist,OUT3966,Supermarket,SP789,Beverages, Energy Cocoa Drink ,SKU35880,2083,9,18747,0.2175,4077.47,14669.53,Retail Discount,No,Transfer,10
TRX2021176708,2021-04-12,Medan,North Sumatra,Medan,Modern Trade,,OUT9678,Traditional Store,SP688,Nuts, Spicy Peanut Mix ,SKU83260,10921,108,1179468,0.1137,134105.51,1045362.49,Bundle Promo,No,Cash,13
TRX2021427804,09/11/2021,Surabaya,East Java,Surabaya,E-commerce,PT Maju Jaya Distribusi,OUT7268,Traditional Store,SP268,Candy,Mint Pop Candy,SKU19989,39266,134,5261644,0.1109,583516.32,4678127.68,Seasonal Promo,No,Credit Term,5
TRX2021490486,2021-05-15,Palembang,South Sumatra,Palembang,Modern Trade,PT Sinar Distribusi,OUT8051,Traditional Store,SP971,Biscuits,Choco Delight Biscuit,SKU81827,48012,78,3744936,0.029,108603.14,3636332.86,,No,Credit Term,2
TRX2021690342,2021-05-10,Semarang,Central Java,Semarang,General Trade,PT Nusantara Supply,OUT5340,Traditional Store,SP432,Candy, Fruit Jelly Candy ,SKU51345,40372,1,40372,0.1532,6184.99,34187.01,Seasonal Promo,No,Cash,3
TRX2021935808,2021-05-09,Bandung,West Java,Bandung,E-commerce,PT Maju Jaya Distribusi,OUT6484,Traditional Store,SP205,Biscuits, Golden Cream Biscuit ,SKU80959,5296,104,550784,0.1377,75842.96,474941.04,Seasonal Promo,No,Credit Term,9
TRX2021812126,2021-01-16,Palembang,South Sumatra,Palembang,E-commerce,PT Global Snack Dist,OUT9895,Online Store,SP184,Biscuits,Choco Delight Biscuit,SKU61286,23290,83,1933070,0.2193,423922.25,1509147.75,Retail Discount,No,Cash,5
TRX2021614026,10/11/2021,Yogyakarta,DI Yogyakarta,Yogyakarta,Distributor,PT Global Snack Dist,OUT8851,Online Store,SP638,Snacks,Savory Chips,SKU70807,6731,162,1090422,0.0416,45361.56,1045060.44,Bundle Promo,No,Credit Term,10
TRX2021242540,2021-12-14,Surabaya,East Java,Surabaya,Distributor,PT Global Snack Dist,OUT8446,Minimarket,SP614,Snacks,Crunchy Bite,SKU31642,24595,89,2188955,0.2227,487480.28,1701474.72,Seasonal Promo,No,Cash,2
TRX2021196756,30/10/2021,Surabaya,East Java,Surabaya,General Trade,PT Nusantara Supply,OUT1482,Supermarket,SP801,Beverages,Choco Malt Drink,SKU13273,43821,142,6222582,0.0673,418779.77,5803802.23,Seasonal Promo,No,Cash,11
TRX2021762304,2021-02-15,Jakarta,DKI Jakarta,Jakarta,Distributor,PT Nusantara Supply,OUT1503,Traditional Store,SP447,Nuts, Honey Roasted Peanut ,SKU92412,34044,41,1395804,0.1725,240776.19,1155027.81,Seasonal Promo,No,Cash,1
TRX2021201312,02/03/2021,Semarang,Central Java,Semarang,Distributor,PT Sinar Distribusi,OUT8935,Online Store,SP233,Nuts,Spicy Peanut Mix,SKU91274,18549,22,408078,0.1068,43582.73,364495.27,Bundle Promo,No,Cash,3
TRX2021880984,2021-01-30,Semarang,Central Java,Semarang,E-commerce,PT Global Snack Dist,OUT5840,Supermarket,SP457,Biscuits,Butter Crunch Biscuit,SKU37039,5258,111,583638,0.0793,46282.49,537355.51,Bundle Promo,No,Credit Term,9
TRX2021411061,26/05/2021,Jakarta,DKI Jakarta,Jakarta,Distributor,PT Maju Jaya Distribusi,OUT5315,Minimarket,SP258,Candy,Mint Pop Candy,SKU51624,37821,191,7223811,0.2251,1626079.86,5597731.14,Retail Discount,No,Cash,6
TRX2021881449,2021-11-29,Medan,North Sumatra,Medan,Modern Trade,PT Global Snack Dist,OUT6655,Minimarket,SP557,Nuts,Honey Roasted Peanut,SKU50741,46026,102,4694652,0.1695,795743.51,3898908.49,,No,Cash,11
TRX2021743150,2021-10-24,Medan,North Sumatra,Medan,E-commerce,PT Sinar Distribusi,OUT8460,Online Store,SP112,Biscuits,Butter Crunch Biscuit,SKU20725,11879,140,1663060,0.0919,152835.21,1510224.79,Bundle Promo,No,Cash,6
TRX2021555155,2021-09-26,Jakarta,DKI Jakarta,Jakarta,General Trade,PT Sinar Distribusi,OUT1150,Traditional Store,SP548,Beverages, Nutri Grain Drink ,SKU92534,27675,74,2047950,0.2174,445224.33,1602725.67,Seasonal Promo,No,Cash,10
TRX2021790998,2021-09-25,Semarang,Central Java,Semarang,Modern Trade,PT Global Snack Dist,OUT4794,Minimarket,SP441,Snacks,Crunchy Bite,SKU22452,48633,93,4522869,0.0442,199910.81,4322958.19,,No,Credit Term,7
TRX2021671169,10/06/2021,Jakarta,DKI Jakarta,Jakarta,Modern Trade,PT Maju Jaya Distribusi,OUT7766,Supermarket,SP244,Candy,Caramel Drop Candy,SKU72497,33958,26,882908,0.2444,215782.72,667125.28,None,No,Credit Term,14
TRX2021816886,25/03/2021,Palembang,South Sumatra,Palembang,E-commerce,,OUT8706,Minimarket,SP808,Beverages,Choco Malt Drink,SKU37568,28672,180,5160960,0.0705,363847.68,4797112.32,None,No,Cash,13
TRX2021726126,2021-12-16,Makassar,South Sulawesi,Makassar,Modern Trade,PT Nusantara Supply,OUT7535,Traditional Store,SP590,Beverages,Energy Cocoa Drink,SKU29415,30790,133,4095070,0.03,122852.1,3972217.9,Seasonal Promo,No,Credit Term,13
TRX2021981991,28/06/2021,Makassar,South Sulawesi,Makassar,E-commerce,PT Nusantara Supply,OUT9966,Supermarket,SP326,Nuts, Spicy Peanut Mix ,SKU61127,28921,29,838709,0.1644,137883.76,700825.24,Retail Discount,Yes,Cash,9
TRX2021165959,04/04/2021,Medan,North Sumatra,Medan,Modern Trade,PT Maju Jaya Distribusi,OUT1833,Minimarket,SP619,Nuts,Spicy Peanut Mix,SKU22702,32804,112,3674048,0.0766,281432.08,3392615.92,Seasonal Promo,No,Transfer,6
TRX2021513740,2021-04-21,Medan,North Sumatra,Medan,General Trade,PT Global Snack Dist,OUT5738,Minimarket,SP665,Candy,Fruit Jelly Candy,SKU85537,18705,86,1608630,0.1108,178236.2,1430393.8,Retail Discount,No,Cash,5
TRX2021567696,14/08/2021,Makassar,South Sulawesi,Makassar,Modern Trade,PT Maju Jaya Distribusi,OUT9326,Supermarket,SP818,Biscuits,Choco Delight Biscuit,SKU70601,15817,121,1913857,0.2275,435402.47,1478454.53,Bundle Promo,No,Credit Term,6
TRX2021716174,26/10/2021,Makassar,South Sulawesi,Makassar,General Trade,PT Nusantara Supply,OUT9904,Traditional Store,SP546,Nuts, Salted Cashew Mix ,SKU32279,17302,14,242228,0.1688,40888.09,201339.91,None,No,Transfer,9
TRX2021663548,26/08/2021,Semarang,Central Java,Semarang,Modern Trade,PT Nusantara Supply,OUT4152,Supermarket,SP373,Nuts,Honey Roasted Peanut,SKU17796,36858,37,1363746,0.0879,119873.27,1243872.73,Bundle Promo,No,Cash,1
TRX2021749623,2021-07-05,Jakarta,DKI Jakarta,Jakarta,General Trade,PT Maju Jaya Distribusi,OUT3357,Supermarket,SP147,Nuts,Honey Roasted Peanut,SKU58277,43372,137,5941964,0.061,362459.8,5579504.2,Bundle Promo,No,Transfer,8
TRX2021879584,17/02/2021,Yogyakarta,DI Yogyakarta,Yogyakarta,Distributor,PT Nusantara Supply,OUT9883,Traditional Store,SP605,Biscuits,Golden Cream Biscuit,SKU54722,33773,25,844325,0.115,97097.38,747227.62,,No,Transfer,8
TRX2021672907,2021-05-11,Medan,North Sumatra,Medan,General Trade,PT Maju Jaya Distribusi,OUT7835,Supermarket,SP425,Snacks,Savory Chips,SKU11608,39334,83,3264722,0.2254,735868.34,2528853.66,Retail Discount,No,Credit Term,7
TRX2021393388,13/09/2021,Yogyakarta,DI Yogyakarta,Yogyakarta,E-commerce,PT Nusantara Supply,OUT2412,Online Store,SP559,Biscuits,Choco Delight Biscuit,SKU70856,45998,58,2667884,0.046,122722.66,2545161.34,Seasonal Promo,No,Cash,4
TRX2021247989,2021-05-16,Semarang,Central Java,Semarang,General Trade,PT Nusantara Supply,OUT4275,Traditional Store,SP629,Snacks,Savory Chips,SKU31887,13717,61,836737,0.0371,31042.94,805694.06,,No,Transfer,2
TRX2021667419,2021-09-06,Jakarta,DKI Jakarta,Jakarta,Modern Trade,PT Sinar Distribusi,OUT2605,Traditional Store,SP249,Snacks, Spicy Curl ,SKU19041,44538,121,5389098,0.0301,162211.85,5226886.15,,No,Cash,1
TRX2021538726,2021-09-19,Palembang,South Sumatra,Palembang,Modern Trade,,OUT6646,Minimarket,SP123,Nuts,Salted Cashew Mix,SKU92703,48663,43,2092509,0.1986,415572.29,1676936.71,Seasonal Promo,No,Cash,4
TRX2021938871,2021-02-19,Makassar,South Sulawesi,Makassar,General Trade,PT Global Snack Dist,OUT2176,Online Store,SP730,Biscuits,Butter Crunch Biscuit,SKU81853,42407,131,5555317,0.0933,518311.08,5037005.92,Retail Discount,No,Cash,13
TRX2021265987,2021-05-10,Yogyakarta,DI Yogyakarta,Yogyakarta,Distributor,PT Nusantara Supply,OUT2223,Traditional Store,SP667,Candy,Fruit Jelly Candy,SKU42536,27792,50,1389600,0.2371,329474.16,1060125.84,,No,Credit Term,1
TRX2021959839,16/06/2021,Bandung,West Java,Bandung,Distributor,PT Global Snack Dist,OUT3444,Minimarket,SP775,Nuts,Honey Roasted Peanut,SKU48831,30297,109,3302373,0.0217,71661.49,3230711.51,,No,Cash,10
TRX2021543568,2021-12-28,Medan,North Sumatra,Medan,Distributor,,OUT6483,Online Store,SP194,Candy,Mint Pop Candy,SKU51392,29833,134,3997622,0.0297,118729.37,3878892.63,Bundle Promo,No,Credit Term,3
TRX2021408154,2021-05-14,Yogyakarta,DI Yogyakarta,Yogyakarta,Distributor,,OUT4357,Supermarket,SP675,Beverages,Energy Cocoa Drink,SKU25438,33018,137,4523466,0.2394,1082917.76,3440548.24,Retail Discount,No,Credit Term,14
TRX2021561743,2021-09-28,Semarang,Central Java,Semarang,Distributor,,OUT6557,Online Store,SP959,Snacks,Spicy Curl,SKU87059,45750,125,5718750,0.1383,790903.12,4927846.88,None,No,Cash,9
TRX2021867033,20/02/2021,Yogyakarta,DI Yogyakarta,Yogyakarta,E-commerce,,OUT1166,Traditional Store,SP571,Biscuits,Golden Cream Biscuit,SKU17036,5530,194,1072820,0.023,24674.86,1048145.14,Retail Discount,No,Cash,1
TRX2021844712,2021-10-03,Makassar,South Sulawesi,Makassar,E-commerce,PT Nusantara Supply,OUT4934,Minimarket,SP747,Biscuits,Golden Cream Biscuit,SKU92145,33416,170,5680720,0.0867,492518.42,5188201.58,,No,Transfer,5
TRX2021931783,2021-04-08,Jakarta,DKI Jakarta,Jakarta,Modern Trade,,OUT3292,Minimarket,SP238,Candy, Mint Pop Candy ,SKU43468,18998,117,2222766,0.0253,56235.98,2166530.02,None,No,Credit Term,3
TRX2021716167,2021-05-09,Makassar,South Sulawesi,Makassar,Distributor,PT Maju Jaya Distribusi,OUT5022,Online Store,SP430,Snacks,Crunchy Bite,SKU60318,31863,100,3186300,0.1806,575445.78,2610854.22,Retail Discount,No,Credit Term,7
TRX2021181443,2021-04-11,Surabaya,East Java,Surabaya,Modern Trade,PT Global Snack Dist,OUT9938,Supermarket,SP537,Biscuits,Butter Crunch Biscuit,SKU52243,13963,103,1438189,0.0584,83990.24,1354198.76,Seasonal Promo,Yes,Credit Term,4
TRX2021632197,2021-09-03,Bandung,West Java,Bandung,Modern Trade,PT Maju Jaya Distribusi,OUT4056,Traditional Store,SP777,Candy,Fruit Jelly Candy,SKU96062,29483,167,4923661,0.0848,417526.45,4506134.55,Retail Discount,No,Cash,5
TRX2021965511,26/06/2021,Jakarta,DKI Jakarta,Jakarta,E-commerce,PT Global Snack Dist,OUT4997,Online Store,SP744,Candy,Caramel Drop Candy,SKU88329,32998,175,5774650,0.1662,959746.83,4814903.17,None,No,Cash,3
TRX2021964064,17/05/2021,Bandung,West Java,Bandung,General Trade,PT Sinar Distribusi,OUT5256,Supermarket,SP392,Biscuits,Choco Delight Biscuit,SKU41802,29536,176,5198336,0.189,982485.5,4215850.5,Seasonal Promo,No,Cash,10
TRX2021782599,24/04/2021,Bandung,West Java,Bandung,Modern Trade,PT Maju Jaya Distribusi,OUT4758,Supermarket,SP403,Nuts,Salted Cashew Mix,SKU62834,29990,59,1769410,0.216,382192.56,1387217.44,,No,Cash,9
TRX2021423756,13/11/2021,Medan,North Sumatra,Medan,Distributor,PT Global Snack Dist,OUT5416,Minimarket,SP690,Beverages,Energy Cocoa Drink,SKU59315,8875,114,1011750,0.0871,88123.43,923626.57,None,No,Transfer,14
TRX2021477557,2021-10-08,Bandung,West Java,Bandung,Modern Trade,PT Nusantara Supply,OUT2757,Online Store,SP996,Candy,Fruit Jelly Candy,SKU28233,13357,95,1268915,0.2009,254925.02,1013989.98,Retail Discount,No,Credit Term,2
TRX2021976496,2021-04-27,Bandung,West Java,Bandung,Modern Trade,PT Nusantara Supply,OUT2942,Traditional Store,SP935,Nuts,Salted Cashew Mix,SKU27642,46683,25,1167075,0.0765,89281.24,1077793.76,Seasonal Promo,No,Cash,4
TRX2021218908,2021-10-13,Bandung,West Java,Bandung,Distributor,PT Nusantara Supply,OUT9386,Minimarket,SP997,Biscuits, Butter Crunch Biscuit ,SKU24141,42903,151,6478353,0.1764,1142781.47,5335571.53,Bundle Promo,No,Cash,10
TRX2021459904,03/07/2021,Makassar,South Sulawesi,Makassar,Distributor,PT Maju Jaya Distribusi,OUT3604,Online Store,SP140,Biscuits,Choco Delight Biscuit,SKU49118,5556,41,227796,0.2189,49864.54,177931.46,,No,Cash,8
TRX2021301290,02/07/2021,Medan,North Sumatra,Medan,General Trade,PT Sinar Distribusi,OUT3246,Supermarket,SP183,Candy,Caramel Drop Candy,SKU13964,3679,27,99333,0.1595,15843.61,83489.39,Seasonal Promo,No,Cash,5
TRX2021435749,2021-06-29,Semarang,Central Java,Semarang,General Trade,PT Sinar Distribusi,OUT2917,Traditional Store,SP278,Beverages,Nutri Grain Drink,SKU71813,25152,47,1182144,0.0876,103555.81,1078588.19,,No,Cash,7
TRX2021706643,2021-04-21,Bandung,West Java,Bandung,E-commerce,PT Sinar Distribusi,OUT2707,Online Store,SP829,Beverages,Choco Malt Drink,SKU10201,34867,21,732207,0.2108,154349.24,577857.76,Bundle Promo,No,Transfer,11
TRX2021490778,07/05/2021,Palembang,South Sumatra,Palembang,Modern Trade,,OUT4258,Online Store,SP645,Snacks,Spicy Curl,SKU85771,8593,155,1331915,0.1218,162227.25,1169687.75,Retail Discount,No,Transfer,11
TRX2021649795,11/02/2021,Bandung,West Java,Bandung,Modern Trade,PT Global Snack Dist,OUT6973,Supermarket,SP769,Beverages,Choco Malt Drink,SKU87403,15982,45,719190,0.0155,11147.44,708042.56,Retail Discount,No,Transfer,4
TRX2021883354,06/05/2021,Semarang,Central Java,Semarang,E-commerce,PT Sinar Distribusi,OUT1715,Online Store,SP541,Nuts,Spicy Peanut Mix,SKU97587,5783,13,75179,0.1423,10697.97,64481.03,,No,Credit Term,14
TRX2021507133,2021-01-27,Bandung,West Java,Bandung,E-commerce,PT Maju Jaya Distribusi,OUT5347,Supermarket,SP386,Nuts,Salted Cashew Mix,SKU34190,38970,126,4910220,0.0293,143869.45,4766350.55,None,No,Credit Term,6
TRX2021959856,01/08/2021,Surabaya,East Java,Surabaya,Modern Trade,PT Sinar Distribusi,OUT3269,Online Store,SP768,Snacks, Spicy Curl ,SKU12732,12594,150,1889100,0.1997,377253.27,1511846.73,,No,Credit Term,7
TRX2021913389,2021-01-06,Yogyakarta,DI Yogyakarta,Yogyakarta,E-commerce,PT Sinar Distribusi,OUT4844,Supermarket,SP912,Candy,Mint Pop Candy,SKU12738,35627,57,2030739,0.099,201043.16,1829695.84,Bundle Promo,No,Cash,4
TRX2021733480,04/08/2021,Bandung,West Java,Bandung,E-commerce,PT Sinar Distribusi,OUT2741,Supermarket,SP197,Nuts,Honey Roasted Peanut,SKU57939,25482,83,2115006,0.2214,468262.33,1646743.67,,Yes,Transfer,1
TRX2021816886,08/02/2021,Makassar,South Sulawesi,Makassar,Distributor,PT Global Snack Dist,OUT4454,Online Store,SP172,Candy,Mint Pop Candy,SKU80693,13807,80,1104560,0.0168,18556.61,1086003.39,,No,Transfer,8
TRX2021666475,2021-03-26,Bandung,West Java,Bandung,Modern Trade,PT Nusantara Supply,OUT2839,Traditional Store,SP529,Biscuits,Butter Crunch Biscuit,SKU81175,35067,3,105201,0.2394,25185.12,80015.88,,No,Transfer,13
TRX2021510643,2021-04-19,Makassar,South Sulawesi,Makassar,Distributor,PT Nusantara Supply,OUT1780,Minimarket,SP355,Candy,Fruit Jelly Candy,SKU32003,49142,11,540562,0.0118,6378.63,534183.37,,No,Transfer,12
TRX2021689328,2021-06-28,Palembang,South Sumatra,Palembang,Modern Trade,PT Maju Jaya Distribusi,OUT2505,Online Store,SP964,Beverages,Choco Malt Drink,SKU93784,36685,99,3631815,0.168,610144.92,3021670.08,Bundle Promo,No,Transfer,6
TRX2021550469,01/09/2021,Jakarta,DKI Jakarta,Jakarta,Modern Trade,PT Nusantara Supply,OUT3534,Minimarket,SP162,Beverages,Choco Malt Drink,SKU59036,2518,172,433096,0.0082,3551.39,429544.61,Seasonal Promo,No,Credit Term,10
TRX2021369321,20/08/2021,Surabaya,East Java,Surabaya,Distributor,PT Global Snack Dist,OUT2921,Online Store,SP384,Snacks,Crunchy Bite,SKU46512,34641,136,4711176,0.207,975213.43,3735962.57,None,No,Transfer,12
TRX2021679082,2021-02-05,Semarang,Central Java,Semarang,Distributor,PT Maju Jaya Distribusi,OUT4522,Supermarket,SP272,Beverages,Nutri Grain Drink,SKU89053,37424,3,112272,0.071,7971.31,104300.69,Bundle Promo,No,Cash,9
TRX2021354619,08/05/2021,Surabaya,East Java,Surabaya,E-commerce,PT Nusantara Supply,OUT5085,Online Store,SP806,Beverages,Choco Malt Drink,SKU35412,43161,97,4186617,0.1249,522908.46,3663708.54,Bundle Promo,No,Transfer,2
TRX2021881132,05/08/2021,Makassar,South Sulawesi,Makassar,General Trade,PT Maju Jaya Distribusi,OUT7360,Traditional Store,SP214,Beverages,Nutri Grain Drink,SKU56274,26876,83,2230708,0.0554,123581.22,2107126.78,Retail Discount,No,Credit Term,8
TRX2021756989,2021-08-31,Semarang,Central Java,Semarang,Distributor,PT Sinar Distribusi,OUT6581,Supermarket,SP548,Beverages,Choco Malt Drink,SKU66365,29853,25,746325,0.0366,27315.49,719009.51,Retail Discount,No,Cash,9
TRX2021239287,2021-02-16,Jakarta,DKI Jakarta,Jakarta,E-commerce,PT Maju Jaya Distribusi,OUT2334,Traditional Store,SP544,Beverages,Energy Cocoa Drink,SKU94467,43707,115,5026305,0.1288,647388.08,4378916.92,Seasonal Promo,No,Cash,1
TRX2021654411,2021-03-28,Medan,North Sumatra,Medan,E-commerce,PT Sinar Distribusi,OUT7046,Minimarket,SP731,Beverages,Nutri Grain Drink,SKU78131,41546,134,5567164,0.0444,247182.08,5319981.92,Retail Discount,No,Cash,7
TRX2021304764,2021-09-18,Yogyakarta,DI Yogyakarta,Yogyakarta,E-commerce,PT Global Snack Dist,OUT7190,Online Store,SP755,Candy,Caramel Drop Candy,SKU45971,23477,94,2206838,0.23,507572.74,1699265.26,Seasonal Promo,No,Cash,3
TRX2021516001,18/01/2021,Semarang,Central Java,Semarang,General Trade,PT Sinar Distribusi,OUT8542,Online Store,SP771,Candy,Caramel Drop Candy,SKU95693,28144,102,2870688,0.1537,441224.75,2429463.25,,No,Transfer,2
TRX2021533053,2021-10-25,Surabaya,East Java,Surabaya,Distributor,PT Maju Jaya Distribusi,OUT6634,Traditional Store,SP368,Candy,Fruit Jelly Candy,SKU48607,27791,5,138955,0.1658,23038.74,115916.26,None,No,Cash,1
TRX2021816886,2021-08-30,Makassar,South Sulawesi,Makassar,E-commerce,PT Sinar Distribusi,OUT9612,Supermarket,SP112,Biscuits,Golden Cream Biscuit,SKU96972,22577,181,4086437,0.097,396384.39,3690052.61,,Yes,Transfer,13
TRX2021857599,2021-03-31,Palembang,South Sumatra,Palembang,Distributor,PT Global Snack Dist,OUT3559,Traditional Store,SP311,Beverages,Nutri Grain Drink,SKU60217,9851,152,1497352,0.2089,312796.83,1184555.17,None,No,Transfer,4
TRX2021306530,03/01/2021,Surabaya,East Java,Surabaya,Modern Trade,PT Global Snack Dist,OUT2325,Online Store,SP920,Snacks,Crunchy Bite,SKU36247,37366,79,2951914,0.0467,137854.38,2814059.62,,No,Credit Term,8
TRX2021178809,25/06/2021,Makassar,South Sulawesi,Makassar,Distributor,PT Nusantara Supply,OUT8268,Online Store,SP653,Beverages,Choco Malt Drink,SKU38532,5013,94,471222,0.0027,1272.3,469949.7,None,No,Credit Term,10
TRX2021441253,14/07/2021,Medan,North Sumatra,Medan,E-commerce,PT Maju Jaya Distribusi,OUT6803,Supermarket,SP509,Beverages,Energy Cocoa Drink,SKU99690,34363,68,2336684,0.2298,536969.98,1799714.02,Retail Discount,Yes,Cash,14
TRX2021677308,21/05/2021,Makassar,South Sulawesi,Makassar,Modern Trade,PT Maju Jaya Distribusi,OUT4484,Online Store,SP276,Beverages, Nutri Grain Drink ,SKU38449,33277,152,5058104,0.0074,37429.97,5020674.03,None,No,Credit Term,1
TRX2021518230,08/04/2021,Surabaya,East Java,Surabaya,General Trade,PT Nusantara Supply,OUT9199,Traditional Store,SP515,Candy,Caramel Drop Candy,SKU15909,29976,124,3717024,0.1441,535623.16,3181400.84,None,No,Credit Term,2
TRX2021576811,14/09/2021,Yogyakarta,DI Yogyakarta,Yogyakarta,Modern Trade,PT Nusantara Supply,OUT2648,Online Store,SP333,Biscuits,Butter Crunch Biscuit,SKU45660,41055,117,4803435,0.1229,590342.16,4213092.84,,No,Cash,12
TRX2021186580,2021-03-19,Bandung,West Java,Bandung,General Trade,PT Nusantara Supply,OUT9163,Online Store,SP830,Beverages,Energy Cocoa Drink,SKU52839,29066,77,2238082,0.0173,38718.82,2199363.18,Bundle Promo,No,Transfer,1
TRX2021518889,05/12/2021,Jakarta,DKI Jakarta,Jakarta,Distributor,PT Maju Jaya Distribusi,OUT1291,Online Store,SP751,Beverages,Energy Cocoa Drink,SKU72889,20547,134,2753298,0.0731,201266.08,2552031.92,None,No,Transfer,2
TRX2021798627,13/05/2021,Semarang,Central Java,Semarang,Modern Trade,,OUT7190,Supermarket,SP518,Biscuits, Choco Delight Biscuit ,SKU59003,42683,33,1408539,0.0861,121275.21,1287263.79,Retail Discount,No,Transfer,3
TRX2021721103,27/11/2021,Makassar,South Sulawesi,Makassar,Modern Trade,PT Maju Jaya Distribusi,OUT5346,Online Store,SP144,Beverages,Choco Malt Drink,SKU20134,42153,145,6112185,0.0423,258545.43,5853639.57,None,No,Credit Term,8
TRX2021579952,2021-11-29,Surabaya,East Java,Surabaya,Modern Trade,PT Sinar Distribusi,OUT5147,Minimarket,SP503,Beverages,Choco Malt Drink,SKU35571,28834,146,4209764,0.1241,522431.71,3687332.29,Retail Discount,No,Transfer,11
TRX2021241151,2021-03-17,Bandung,West Java,Bandung,Modern Trade,PT Maju Jaya Distribusi,OUT2320,Supermarket,SP604,Snacks,Savory Chips,SKU44583,27499,156,4289844,0.2451,1051440.76,3238403.24,Seasonal Promo,Yes,Cash,2
TRX2021479038,03/11/2021,Palembang,South Sumatra,Palembang,Distributor,,OUT7508,Minimarket,SP309,Nuts,Salted Cashew Mix,SKU91499,26597,133,3537401,0.0843,298202.9,3239198.1,,No,Credit Term,7
TRX2021647802,12/11/2021,Yogyakarta,DI Yogyakarta,Yogyakarta,Modern Trade,,OUT1373,Minimarket,SP911,Beverages,Energy Cocoa Drink,SKU18660,11329,156,1767324,0.0279,49308.34,1718015.66,Bundle Promo,No,Credit Term,13
TRX2021698095,15/01/2021,Makassar,South Sulawesi,Makassar,General Trade,PT Sinar Distribusi,OUT1867,Online Store,SP458,Biscuits,Golden Cream Biscuit,SKU34676,34008,76,2584608,0.1083,279913.05,2304694.95,Bundle Promo,No,Credit Term,9
TRX2021808136,2021-09-18,Palembang,South Sumatra,Palembang,General Trade,PT Sinar Distribusi,OUT6459,Online Store,SP900,Nuts,Salted Cashew Mix,SKU49691,48166,53,2552798,0.1967,502135.37,2050662.63,,No,Cash,10
TRX2021469583,08/03/2021,Palembang,South Sumatra,Palembang,General Trade,PT Nusantara Supply,OUT2774,Minimarket,SP546,Beverages,Choco Malt Drink,SKU85161,38274,80,3061920,0.1348,412746.82,2649173.18,Retail Discount,No,Transfer,2
TRX2021367165,2021-05-04,Semarang,Central Java,Semarang,E-commerce,PT Nusantara Supply,OUT3975,Online Store,SP293,Beverages,Energy Cocoa Drink,SKU19777,30693,88,2700984,0.1676,452684.92,2248299.08,,No,Credit Term,12
TRX2021934318,2021-05-09,Yogyakarta,DI Yogyakarta,Yogyakarta,General Trade,PT Maju Jaya Distribusi,OUT2174,Traditional Store,SP403,Nuts,Salted Cashew Mix,SKU67582,25498,157,4003186,0.0219,87669.77,3915516.23,Seasonal Promo,No,Transfer,5
TRX2021809714,31/01/2021,Semarang,Central Java,Semarang,Modern Trade,PT Maju Jaya Distribusi,OUT8574,Supermarket,SP625,Biscuits,Butter Crunch Biscuit,SKU90749,9913,98,971474,0.0328,31864.35,939609.65,Seasonal Promo,No,Credit Term,10
TRX2021701747,16/03/2021,Surabaya,East Java,Surabaya,Modern Trade,PT Nusantara Supply,OUT1163,Traditional Store,SP987,Nuts,Spicy Peanut Mix,SKU42080,25166,87,2189442,0.0471,103122.72,2086319.28,Retail Discount,No,Credit Term,3
TRX2021534190,2021-05-21,Bandung,West Java,Bandung,Modern Trade,PT Maju Jaya Distribusi,OUT8719,Minimarket,SP747,Biscuits,Butter Crunch Biscuit,SKU63894,48223,19,916237,0.0202,18507.99,897729.01,,No,Transfer,10
TRX2021592008,04/05/2021,Jakarta,DKI Jakarta,Jakarta,E-commerce,PT Global Snack Dist,OUT9610,Traditional Store,SP632,Candy,Fruit Jelly Candy,SKU92723,48292,170,8209640,0.245,2011361.8,6198278.2,,No,Credit Term,11
TRX2021318998,2021-11-07,Yogyakarta,DI Yogyakarta,Yogyakarta,General Trade,PT Global Snack Dist,OUT5452,Traditional Store,SP734,Candy,Fruit Jelly Candy,SKU64307,22301,7,156107,0.086,13425.2,142681.8,None,No,Transfer,6
TRX2021312974,2021-06-29,Jakarta,DKI Jakarta,Jakarta,Modern Trade,,OUT6006,Traditional Store,SP285,Biscuits,Choco Delight Biscuit,SKU35934,22481,63,1416303,0.068,96308.6,1319994.4,,No,Transfer,8
TRX2021690364,26/07/2021,Semarang,Central Java,Semarang,General Trade,PT Maju Jaya Distribusi,OUT7788,Minimarket,SP180,Nuts,Spicy Peanut Mix,SKU97736,11935,144,1718640,0.1278,219642.19,1498997.81,None,No,Cash,10
TRX2021201913,2021-07-09,Medan,North Sumatra,Medan,E-commerce,PT Maju Jaya Distribusi,OUT6122,Online Store,SP650,Snacks,Crunchy Bite,SKU86397,22194,155,3440070,0.092,316486.44,3123583.56,Seasonal Promo,No,Cash,6
TRX2021179293,2021-11-24,Bandung,West Java,Bandung,General Trade,PT Global Snack Dist,OUT2210,Supermarket,SP624,Nuts,Salted Cashew Mix,SKU82939,19275,139,2679225,0.0549,147089.45,2532135.55,Retail Discount,No,Credit Term,9
TRX2021138451,05/06/2021,Semarang,Central Java,Semarang,Modern Trade,PT Sinar Distribusi,OUT5556,Supermarket,SP172,Candy,Mint Pop Candy,SKU94428,38697,12,464364,0.035,16252.74,448111.26,Bundle Promo,No,Credit Term,2
TRX2021945329,2021-11-29,Jakarta,DKI Jakarta,Jakarta,General Trade,PT Global Snack Dist,OUT9358,Minimarket,SP100,Beverages,Nutri Grain Drink,SKU34955,14622,172,2514984,0.0503,126503.7,2388480.3,Retail Discount,No,Transfer,5
TRX2021129248,30/05/2021,Semarang,Central Java,Semarang,Modern Trade,PT Global Snack Dist,OUT4464,Minimarket,SP774,Snacks,Savory Chips,SKU95019,7892,78,615576,0.2393,147307.34,468268.66,Seasonal Promo,No,Credit Term,14
TRX2021145581,2021-10-07,Medan,North Sumatra,Medan,Distributor,,OUT1202,Minimarket,SP376,Biscuits,Choco Delight Biscuit,SKU96456,44369,198,8785062,0.1843,1619086.93,7165975.07,Bundle Promo,No,Cash,6
TRX2021801503,31/05/2021,Medan,North Sumatra,Medan,Modern Trade,PT Global Snack Dist,OUT7749,Minimarket,SP579,Candy,Mint Pop Candy,SKU10061,26079,39,1017081,0.0009,915.37,1016165.63,None,No,Credit Term,2
TRX2021205169,04/01/2021,Makassar,South Sulawesi,Makassar,Distributor,PT Global Snack Dist,OUT4422,Supermarket,SP220,Candy,Mint Pop Candy,SKU66038,22781,15,341715,0.2321,79312.05,262402.95,Retail Discount,No,Credit Term,5
TRX2021594520,2021-07-07,Semarang,Central Java,Semarang,General Trade,PT Global Snack Dist,OUT8865,Supermarket,SP628,Beverages,Choco Malt Drink,SKU38939,8887,127,1128649,0.1906,215120.5,913528.5,Seasonal Promo,No,Cash,6
TRX2021663415,2021-11-14,Bandung,West Java,Bandung,Distributor,,OUT9862,Traditional Store,SP639,Biscuits,Butter Crunch Biscuit,SKU34621,36164,129,4665156,0.0614,286440.58,4378715.42,None,No,Transfer,2
TRX2021366991,2021-07-08,Medan,North Sumatra,Medan,Modern Trade,PT Nusantara Supply,OUT6489,Online Store,SP618,Snacks,Spicy Curl,SKU29280,5223,166,867018,0.1615,140023.41,726994.59,None,No,Transfer,10
TRX2021687451,17/05/2021,Medan,North Sumatra,Medan,Distributor,PT Global Snack Dist,OUT7086,Minimarket,SP205,Nuts,Honey Roasted Peanut,SKU99398,22995,170,3909150,0.0846,330714.09,3578435.91,Seasonal Promo,No,Credit Term,3
TRX2021538212,18/06/2021,Yogyakarta,DI Yogyakarta,Yogyakarta,E-commerce,PT Nusantara Supply,OUT3642,Supermarket,SP233,Nuts,Honey Roasted Peanut,SKU98089,46616,80,3729280,0.2143,799184.7,2930095.3,Seasonal Promo,No,Credit Term,6
TRX2021741116,2021-05-28,Makassar,South Sulawesi,Makassar,Distributor,PT Nusantara Supply,OUT9711,Traditional Store,SP836,Snacks,Spicy Curl,SKU39724,47183,140,6605620,0.1665,1099835.73,5505784.27,None,Yes,Credit Term,13
TRX2021757328,2021-07-14,Makassar,South Sulawesi,Makassar,Modern Trade,PT Maju Jaya Distribusi,OUT8950,Supermarket,SP689,Candy,Fruit Jelly Candy,SKU96297,38014,154,5854156,0.2132,1248106.06,4606049.94,Seasonal Promo,No,Cash,8
TRX2021666305,2021-06-29,Surabaya,East Java,Surabaya,Distributor,,OUT6897,Supermarket,SP513,Biscuits,Choco Delight Biscuit,SKU79919,22177,57,1264089,0.0012,1516.91,1262572.09,Bundle Promo,No,Credit Term,5
TRX2021586552,2021-10-18,Yogyakarta,DI Yogyakarta,Yogyakarta,E-commerce,,OUT9298,Minimarket,SP106,Beverages, Choco Malt Drink ,SKU23053,45594,98,4468212,0.1309,584888.95,3883323.05,Bundle Promo,No,Cash,1
TRX2021948413,22/11/2021,Medan,North Sumatra,Medan,E-commerce,PT Nusantara Supply,OUT5213,Online Store,SP701,Beverages,Choco Malt Drink,SKU24344,43957,2,87914,0.0154,1353.88,86560.12,None,No,Transfer,4
TRX2021264206,30/06/2021,Medan,North Sumatra,Medan,Modern Trade,PT Maju Jaya Distribusi,OUT1722,Online Store,SP745,Snacks,Savory Chips,SKU41881,13034,140,1824760,0.0783,142878.71,1681881.29,Bundle Promo,No,Credit Term,7
TRX2021853239,2021-11-15,Jakarta,DKI Jakarta,Jakarta,Modern Trade,PT Nusantara Supply,OUT8405,Supermarket,SP980,Biscuits,Choco Delight Biscuit,SKU87851,10098,194,1959012,0.1631,319514.86,1639497.14,None,No,Transfer,6
TRX2021143352,29/09/2021,Semarang,Central Java,Semarang,E-commerce,PT Nusantara Supply,OUT5751,Supermarket,SP897,Snacks,Crunchy Bite,SKU64305,16878,83,1400874,0.2414,338170.98,1062703.02,Seasonal Promo,No,Credit Term,14
TRX2021816886,2021-05-04,Medan,North Sumatra,Medan,Modern Trade,PT Nusantara Supply,OUT5124,Minimarket,SP490,Nuts,Honey Roasted Peanut,SKU31109,31256,22,687632,0.0588,40432.76,647199.24,Bundle Promo,No,Credit Term,5
TRX2021680897,2021-03-25,Palembang,South Sumatra,Palembang,Distributor,PT Nusantara Supply,OUT9867,Traditional Store,SP808,Biscuits,Choco Delight Biscuit,SKU61848,10603,96,1017888,0.1186,120721.52,897166.48,Seasonal Promo,No,Credit Term,2
TRX2021777719,2021-12-14,Yogyakarta,DI Yogyakarta,Yogyakarta,Modern Trade,PT Sinar Distribusi,OUT5222,Online Store,SP333,Candy, Caramel Drop Candy ,SKU98210,18695,178,3327710,0.0247,82194.44,3245515.56,Seasonal Promo,No,Cash,9
TRX2021728603,09/10/2021,Palembang,South Sumatra,Palembang,Distributor,PT Nusantara Supply,OUT3262,Supermarket,SP461,Candy,Caramel Drop Candy,SKU41118,22496,115,2587040,0.1565,404871.76,2182168.24,Bundle Promo,No,Transfer,2
TRX2021930799,01/02/2021,Jakarta,DKI Jakarta,Jakarta,E-commerce,PT Maju Jaya Distribusi,OUT5488,Minimarket,SP298,Beverages,Choco Malt Drink,SKU58085,45666,41,1872306,0.0922,172626.61,1699679.39,Retail Discount,No,Transfer,12
TRX2021682723,06/08/2021,Bandung,West Java,Bandung,General Trade,PT Nusantara Supply,OUT4686,Traditional Store,SP547,Candy, Caramel Drop Candy ,SKU83437,12659,53,670927,0.0326,21872.22,649054.78,Seasonal Promo,No,Transfer,11
TRX2021752844,2021-04-08,Palembang,South Sumatra,Palembang,Modern Trade,PT Sinar Distribusi,OUT8374,Supermarket,SP541,Nuts,Spicy Peanut Mix,SKU51868,36040,13,468520,0.216,101200.32,367319.68,Retail Discount,No,Credit Term,3
TRX2021998884,2021-11-17,Bandung,West Java,Bandung,E-commerce,PT Sinar Distribusi,OUT3162,Online Store,SP755,Biscuits,Choco Delight Biscuit,SKU61754,6787,192,1303104,0.0467,60854.96,1242249.04,Retail Discount,No,Transfer,5
TRX2021597432,23/02/2021,Medan,North Sumatra,Medan,E-commerce,PT Nusantara Supply,OUT2296,Online Store,SP763,Biscuits,Golden Cream Biscuit,SKU99825,37947,180,6830460,0.2383,1627698.62,5202761.38,None,No,Credit Term,4
TRX2021195927,24/06/2021,Semarang,Central Java,Semarang,Distributor,PT Nusantara Supply,OUT5979,Minimarket,SP843,Beverages,Nutri Grain Drink,SKU36387,9339,180,1681020,0.0868,145912.54,1535107.46,Bundle Promo,No,Credit Term,2
TRX2021738941,29/12/2021,Semarang,Central Java,Semarang,General Trade,PT Maju Jaya Distribusi,OUT5780,Traditional Store,SP343,Candy,Fruit Jelly Candy,SKU79941,22393,187,4187491,0.0075,31406.18,4156084.82,Retail Discount,No,Cash,6
TRX2021693726,2021-03-03,Surabaya,East Java,Surabaya,Modern Trade,PT Maju Jaya Distribusi,OUT6140,Minimarket,SP628,Biscuits,Butter Crunch Biscuit,SKU49197,15922,34,541348,0.0655,35458.29,505889.71,,No,Credit Term,9
TRX2021423161,2021-07-01,Yogyakarta,DI Yogyakarta,Yogyakarta,E-commerce,PT Maju Jaya Distribusi,OUT9059,Traditional Store,SP559,Candy, Mint Pop Candy ,SKU82832,7745,127,983615,0.0929,91377.83,892237.17,Retail Discount,No,Transfer,7
TRX2021588026,04/07/2021,Medan,North Sumatra,Medan,E-commerce,PT Nusantara Supply,OUT5696,Supermarket,SP472,Biscuits,Golden Cream Biscuit,SKU49318,32501,20,650020,0.1308,85022.62,564997.38,Bundle Promo,No,Credit Term,2
TRX2021948789,2021-09-19,Palembang,South Sumatra,Palembang,Distributor,PT Global Snack Dist,OUT7179,Traditional Store,SP919,Nuts,Honey Roasted Peanut,SKU12858,4108,50,205400,0.2181,44797.74,160602.26,None,No,Transfer,13
TRX2021106627,22/01/2021,Medan,North Sumatra,Medan,E-commerce,PT Maju Jaya Distribusi,OUT6693,Supermarket,SP597,Snacks,Savory Chips,SKU82698,44806,187,8378722,0.0238,199413.58,8179308.42,None,No,Transfer,3
TRX2021251985,28/08/2021,Yogyakarta,DI Yogyakarta,Yogyakarta,Modern Trade,,OUT1475,Traditional Store,SP839,Biscuits,Golden Cream Biscuit,SKU21488,25895,158,4091410,0.16,654625.6,3436784.4,Retail Discount,Yes,Credit Term,7
TRX2021866499,2021-12-29,Palembang,South Sumatra,Palembang,Modern Trade,PT Global Snack Dist,OUT1331,Supermarket,SP280,Snacks,Spicy Curl,SKU16066,39798,124,4934952,0.0662,326693.82,4608258.18,Seasonal Promo,No,Credit Term,14
TRX2021710542,03/01/2021,Jakarta,DKI Jakarta,Jakarta,General Trade,,OUT9225,Traditional Store,SP255,Beverages,Nutri Grain Drink,SKU81404,2696,123,331608,0.0587,19465.39,312142.61,Seasonal Promo,No,Credit Term,6
TRX2021510784,2021-02-12,Medan,North Sumatra,Medan,General Trade,PT Global Snack Dist,OUT9715,Supermarket,SP475,Biscuits,Golden Cream Biscuit,SKU21228,34920,45,1571400,0.0567,89098.38,1482301.62,Retail Discount,No,Credit Term,3
TRX2021761829,2021-08-15,Jakarta,DKI Jakarta,Jakarta,Modern Trade,,OUT7246,Minimarket,SP434,Candy,Mint Pop Candy,SKU27374,41537,61,2533757,0.0633,160386.82,2373370.18,Seasonal Promo,No,Credit Term,9
TRX2021453521,16/01/2021,Palembang,South Sumatra,Palembang,Modern Trade,PT Sinar Distribusi,OUT8983,Supermarket,SP464,Snacks,Crunchy Bite,SKU98606,11958,102,1219716,0.0952,116116.96,1103599.04,Retail Discount,No,Cash,8
TRX2021159756,2021-10-22,Yogyakarta,DI Yogyakarta,Yogyakarta,E-commerce,PT Sinar Distribusi,OUT8920,Supermarket,SP745,Beverages,Energy Cocoa Drink,SKU23820,49263,14,689682,0.0845,58278.13,631403.87,Seasonal Promo,No,Cash,6
TRX2021421447,22/08/2021,Medan,North Sumatra,Medan,Distributor,PT Nusantara Supply,OUT4066,Online Store,SP431,Snacks,Crunchy Bite,SKU39874,36057,142,5120094,0.1158,592906.89,4527187.11,Bundle Promo,No,Transfer,7
TRX2021707527,02/07/2021,Yogyakarta,DI Yogyakarta,Yogyakarta,E-commerce,PT Sinar Distribusi,OUT7743,Online Store,SP415,Candy,Caramel Drop Candy,SKU67814,20903,18,376254,0.0151,5681.44,370572.56,Retail Discount,No,Transfer,3
TRX2021635633,2021-10-22,Makassar,South Sulawesi,Makassar,Distributor,PT Nusantara Supply,OUT9364,Minimarket,SP851,Nuts,Honey Roasted Peanut,SKU35607,40862,17,694654,0.1932,134207.15,560446.85,Retail Discount,No,Transfer,4
TRX2021360149,12/03/2021,Surabaya,East Java,Surabaya,Modern Trade,PT Maju Jaya Distribusi,OUT9035,Supermarket,SP197,Nuts,Honey Roasted Peanut,SKU17655,28514,104,2965456,0.1224,362971.81,2602484.19,,No,Credit Term,5
TRX2021476470,2021-07-21,Semarang,Central Java,Semarang,General Trade,,OUT4051,Online Store,SP467,Candy,Fruit Jelly Candy,SKU33521,39216,29,1137264,0.2031,230978.32,906285.68,Retail Discount,No,Cash,3
TRX2021230007,2021-11-08,Semarang,Central Java,Semarang,Modern Trade,PT Sinar Distribusi,OUT3851,Minimarket,SP206,Candy,Caramel Drop Candy,SKU71863,32195,78,2511210,0.1887,473865.33,2037344.67,None,No,Cash,14
TRX2021775979,30/12/2021,Yogyakarta,DI Yogyakarta,Yogyakarta,E-commerce,PT Nusantara Supply,OUT9971,Supermarket,SP290,Beverages,Nutri Grain Drink,SKU92990,5405,37,199985,0.0195,3899.71,196085.29,,No,Credit Term,7
TRX2021333651,06/05/2021,Bandung,West Java,Bandung,E-commerce,PT Global Snack Dist,OUT3441,Supermarket,SP876,Candy,Caramel Drop Candy,SKU16345,44186,99,4374414,0.0511,223532.56,4150881.44,,No,Credit Term,11
TRX2021599321,2021-09-04,Jakarta,DKI Jakarta,Jakarta,Modern Trade,PT Maju Jaya Distribusi,OUT1415,Traditional Store,SP671,Beverages,Energy Cocoa Drink,SKU60164,13367,76,1015892,0.0892,90617.57,925274.43,None,No,Credit Term,6
TRX2021981925,29/06/2021,Semarang,Central Java,Semarang,E-commerce,PT Nusantara Supply,OUT6457,Online Store,SP160,Nuts,Honey Roasted Peanut,SKU14721,48954,16,783264,0.2063,161587.36,621676.64,Bundle Promo,No,Credit Term,9
TRX2021245747,20/11/2021,Jakarta,DKI Jakarta,Jakarta,General Trade,PT Global Snack Dist,OUT7992,Supermarket,SP746,Candy,Fruit Jelly Candy,SKU77982,30213,81,2447253,0.167,408691.25,2038561.75,Retail Discount,No,Transfer,6
TRX2021225407,28/12/2021,Surabaya,East Java,Surabaya,Modern Trade,PT Sinar Distribusi,OUT6490,Online Store,SP885,Beverages,Energy Cocoa Drink,SKU87411,32186,121,3894506,0.1728,672970.64,3221535.36,None,No,Credit Term,10
TRX2021368527,2021-12-07,Jakarta,DKI Jakarta,Jakarta,Distributor,PT Maju Jaya Distribusi,OUT5508,Minimarket,SP556,Biscuits,Butter Crunch Biscuit,SKU50041,44553,90,4009770,0.0784,314365.97,3695404.03,,No,Credit Term,2
TRX2021490048,2021-09-30,Surabaya,East Java,Surabaya,Distributor,PT Sinar Distribusi,OUT8262,Online Store,SP675,Candy,Caramel Drop Candy,SKU75787,48778,112,5463136,0.0883,482394.91,4980741.09,,No,Transfer,4
TRX2021468055,07/08/2021,Yogyakarta,DI Yogyakarta,Yogyakarta,Distributor,PT Global Snack Dist,OUT6557,Online Store,SP806,Nuts,Honey Roasted Peanut,SKU74251,6988,179,1250852,0.1867,233534.07,1017317.93,Retail Discount,No,Transfer,4
TRX2021696319,2021-12-05,Bandung,West Java,Bandung,General Trade,PT Maju Jaya Distribusi,OUT2039,Supermarket,SP299,Beverages,Nutri Grain Drink,SKU36132,29927,138,4129926,0.024,99118.22,4030807.78,,No,Cash,7
TRX2021265272,12/08/2021,Surabaya,East Java,Surabaya,Distributor,,OUT3855,Supermarket,SP136,Snacks,Spicy Curl,SKU39262,38697,58,2244426,0.0707,158680.92,2085745.08,Seasonal Promo,No,Cash,14
TRX2021329832,19/05/2021,Medan,North Sumatra,Medan,General Trade,PT Maju Jaya Distribusi,OUT9725,Online Store,SP509,Beverages,Choco Malt Drink,SKU73763,32169,66,2123154,0.0674,143100.58,1980053.42,Retail Discount,No,Credit Term,3
TRX2021565695,2021-09-10,Yogyakarta,DI Yogyakarta,Yogyakarta,General Trade,PT Sinar Distribusi,OUT1373,Supermarket,SP996,Beverages,Choco Malt Drink,SKU99645,10193,74,754282,0.0596,44955.21,709326.79,Seasonal Promo,No,Transfer,13
TRX2021852961,16/01/2021,Makassar,South Sulawesi,Makassar,General Trade,PT Nusantara Supply,OUT7835,Minimarket,SP263,Candy,Caramel Drop Candy,SKU19832,47272,153,7232616,0.1149,831027.58,6401588.42,Retail Discount,No,Transfer,5
TRX2021135691,2021-05-27,Yogyakarta,DI Yogyakarta,Yogyakarta,Modern Trade,PT Nusantara Supply,OUT2542,Online Store,SP224,Candy,Fruit Jelly Candy,SKU12454,23485,65,1526525,0.0587,89607.02,1436917.98,Retail Discount,No,Credit Term,13
TRX2021266688,08/04/2021,Palembang,South Sumatra,Palembang,Distributor,PT Nusantara Supply,OUT9034,Minimarket,SP578,Beverages,Energy Cocoa Drink,SKU97474,42323,77,3258871,0.0363,118297.02,3140573.98,Bundle Promo,No,Cash,8
TRX2021966366,16/04/2021,Bandung,West Java,Bandung,General Trade,PT Global Snack Dist,OUT7271,Online Store,SP644,Biscuits,Butter Crunch Biscuit,SKU82960,45647,86,3925642,0.1542,605334.0,3320308.0,Seasonal Promo,No,Cash,10
TRX2021597023,2021-06-16,Surabaya,East Java,Surabaya,E-commerce,,OUT5229,Online Store,SP415,Beverages, Energy Cocoa Drink ,SKU26859,17502,46,805092,0.0919,73987.95,731104.05,None,No,Transfer,5
TRX2021997403,05/11/2021,Jakarta,DKI Jakarta,Jakarta,E-commerce,,OUT5037,Traditional Store,SP984,Nuts,Salted Cashew Mix,SKU10296,48204,185,8917740,0.0791,705393.23,8212346.77,Retail Discount,No,Credit Term,2
TRX2021339973,2021-02-26,Semarang,Central Java,Semarang,E-commerce,PT Sinar Distribusi,OUT2235,Online Store,SP356,Biscuits,Golden Cream Biscuit,SKU69286,12510,105,1313550,0.0981,128859.26,1184690.75,None,No,Credit Term,14
TRX2021402589,2021-09-09,Palembang,South Sumatra,Palembang,Modern Trade,PT Sinar Distribusi,OUT6151,Online Store,SP465,Nuts,Honey Roasted Peanut,SKU74014,36977,181,6692837,0.0407,272398.47,6420438.53,,No,Cash,2
TRX2021797858,2021-06-03,Yogyakarta,DI Yogyakarta,Yogyakarta,Modern Trade,PT Sinar Distribusi,OUT4638,Supermarket,SP851,Snacks,Savory Chips,SKU25053,32805,50,1640250,0.2261,370860.52,1269389.48,Seasonal Promo,No,Transfer,9
TRX2021599006,16/11/2021,Bandung,West Java,Bandung,E-commerce,PT Maju Jaya Distribusi,OUT4109,Traditional Store,SP229,Biscuits,Golden Cream Biscuit,SKU48989,3357,134,449838,0.238,107061.44,342776.56,None,No,Cash,4
TRX2021349766,30/05/2021,Surabaya,East Java,Surabaya,General Trade,PT Sinar Distribusi,OUT3102,Minimarket,SP305,Nuts,Salted Cashew Mix,SKU51267,3662,66,241692,0.0335,8096.68,233595.32,None,No,Cash,12
TRX2021719431,2021-03-17,Surabaya,East Java,Surabaya,General Trade,PT Sinar Distribusi,OUT1789,Minimarket,SP593,Beverages,Nutri Grain Drink,SKU94013,25915,145,3757675,0.2475,930024.56,2827650.44,,No,Cash,12
TRX2021391114,09/07/2021,Yogyakarta,DI Yogyakarta,Yogyakarta,Modern Trade,PT Global Snack Dist,OUT5325,Traditional Store,SP130,Snacks, Crunchy Bite ,SKU52279,27360,170,4651200,0.0297,138140.64,4513059.36,Retail Discount,No,Credit Term,4
TRX2021868701,2021-04-12,Palembang,South Sumatra,Palembang,Distributor,PT Maju Jaya Distribusi,OUT1348,Traditional Store,SP374,Snacks,Crunchy Bite,SKU27646,35509,169,6001021,0.0466,279647.58,5721373.42,,No,Credit Term,1
TRX2021297675,14/05/2021,Jakarta,DKI Jakarta,Jakarta,E-commerce,PT Maju Jaya Distribusi,OUT4113,Online Store,SP510,Biscuits,Butter Crunch Biscuit,SKU24827,3528,133,469224,0.0674,31625.7,437598.3,Seasonal Promo,No,Transfer,7
TRX2021857229,15/05/2021,Medan,North Sumatra,Medan,Distributor,PT Sinar Distribusi,OUT6706,Supermarket,SP619,Snacks,Crunchy Bite,SKU98262,33656,85,2860760,0.0959,274346.88,2586413.12,None,No,Cash,7
TRX2021601258,2021-10-08,Medan,North Sumatra,Medan,Distributor,PT Maju Jaya Distribusi,OUT1273,Minimarket,SP193,Biscuits,Butter Crunch Biscuit,SKU84572,12343,46,567778,0.2288,129907.61,437870.39,Bundle Promo,No,Transfer,6
TRX2021627229,16/09/2021,Palembang,South Sumatra,Palembang,Distributor,PT Nusantara Supply,OUT7757,Supermarket,SP949,Snacks,Spicy Curl,SKU72716,38730,160,6196800,0.0724,448648.32,5748151.68,Bundle Promo,No,Transfer,14
TRX2021165471,2021-05-20,Jakarta,DKI Jakarta,Jakarta,Modern Trade,PT Sinar Distribusi,OUT8392,Traditional Store,SP375,Snacks,Crunchy Bite,SKU34446,26205,30,786150,0.2397,188440.15,597709.84,None,No,Transfer,10
TRX2021769421,2021-05-30,Yogyakarta,DI Yogyakarta,Yogyakarta,Modern Trade,PT Maju Jaya Distribusi,OUT2609,Traditional Store,SP712,Beverages,Energy Cocoa Drink,SKU42138,40741,149,6070409,0.1244,755158.88,5315250.12,Retail Discount,No,Cash,14
TRX2021129357,20/11/2021,Yogyakarta,DI Yogyakarta,Yogyakarta,Modern Trade,,OUT8851,Supermarket,SP619,Candy,Mint Pop Candy,SKU34585,23084,131,3024004,0.0816,246758.73,2777245.27,None,No,Credit Term,6
TRX2021932482,16/02/2021,Semarang,Central Java,Semarang,Modern Trade,PT Sinar Distribusi,OUT8200,Supermarket,SP569,Candy,Fruit Jelly Candy,SKU30720,27839,113,3145807,0.0222,69836.92,3075970.08,,No,Cash,14
TRX2021334129,2021-01-16,Palembang,South Sumatra,Palembang,Distributor,PT Global Snack Dist,OUT5980,Minimarket,SP116,Biscuits,Golden Cream Biscuit,SKU18042,5055,60,303300,0.0376,11404.08,291895.92,None,No,Cash,11
TRX2021939251,2021-05-07,Surabaya,East Java,Surabaya,E-commerce,PT Nusantara Supply,OUT7284,Online Store,SP808,Biscuits,Butter Crunch Biscuit,SKU60885,19965,83,1657095,0.1118,185263.22,1471831.78,Retail Discount,No,Cash,3
TRX2021923141,25/08/2021,Yogyakarta,DI Yogyakarta,Yogyakarta,Modern Trade,,OUT2513,Online Store,SP697,Candy,Fruit Jelly Candy,SKU59820,43380,40,1735200,0.0812,140898.24,1594301.76,Seasonal Promo,Yes,Credit Term,13
TRX2021878691,2021-10-07,Yogyakarta,DI Yogyakarta,Yogyakarta,General Trade,PT Maju Jaya Distribusi,OUT3349,Minimarket,SP518,Nuts,Honey Roasted Peanut,SKU34465,39280,77,3024560,0.1771,535649.58,2488910.42,,No,Transfer,4
TRX2021222670,2021-12-12,Palembang,South Sumatra,Palembang,General Trade,PT Global Snack Dist,OUT9984,Minimarket,SP805,Beverages, Energy Cocoa Drink ,SKU43077,11847,20,236940,0.1619,38360.59,198579.41,Seasonal Promo,No,Cash,10
TRX2021850272,2021-03-02,Medan,North Sumatra,Medan,E-commerce,PT Nusantara Supply,OUT5763,Traditional Store,SP292,Beverages,Energy Cocoa Drink,SKU78923,47284,73,3451732,0.0902,311346.23,3140385.77,Seasonal Promo,No,Cash,12
TRX2021984888,2021-09-09,Surabaya,East Java,Surabaya,Distributor,PT Sinar Distribusi,OUT8935,Traditional Store,SP919,Snacks,Savory Chips,SKU16910,49630,128,6352640,0.154,978306.56,5374333.44,Seasonal Promo,No,Transfer,7
TRX2021983025,2021-07-01,Bandung,West Java,Bandung,Modern Trade,PT Global Snack Dist,OUT7667,Traditional Store,SP260,Nuts,Spicy Peanut Mix,SKU63587,19948,199,3969652,0.1848,733591.69,3236060.31,None,No,Transfer,9
TRX2021691597,11/03/2021,Semarang,Central Java,Semarang,E-commerce,PT Maju Jaya Distribusi,OUT8348,Traditional Store,SP421,Candy,Caramel Drop Candy,SKU59466,36978,71,2625438,0.1323,347345.45,2278092.55,,No,Credit Term,13
TRX2021329213,2021-09-04,Medan,North Sumatra,Medan,General Trade,,OUT3344,Supermarket,SP153,Biscuits,Golden Cream Biscuit,SKU20803,10485,61,639585,0.1654,105787.36,533797.64,Bundle Promo,No,Transfer,2
TRX2021476613,19/05/2021,Semarang,Central Java,Semarang,Modern Trade,,OUT8709,Supermarket,SP692,Nuts,Spicy Peanut Mix,SKU69344,9566,166,1587956,0.0267,42398.43,1545557.57,Retail Discount,No,Credit Term,14
TRX2021110969,2021-05-26,Jakarta,DKI Jakarta,Jakarta,Modern Trade,PT Maju Jaya Distribusi,OUT4463,Minimarket,SP911,Beverages,Choco Malt Drink,SKU56257,45740,111,5077140,0.1057,536653.7,4540486.3,,No,Cash,8
TRX2021997457,08/09/2021,Palembang,South Sumatra,Palembang,General Trade,PT Global Snack Dist,OUT9504,Minimarket,SP576,Biscuits,Butter Crunch Biscuit,SKU64879,39175,17,665975,0.201,133860.98,532114.03,Seasonal Promo,No,Transfer,6
TRX2021555174,2021-12-12,Palembang,South Sumatra,Palembang,Distributor,,OUT8913,Traditional Store,SP706,Nuts,Salted Cashew Mix,SKU43980,45281,45,2037645,0.1207,245943.75,1791701.25,None,No,Transfer,1
TRX2021809791,09/06/2021,Palembang,South Sumatra,Palembang,Modern Trade,PT Maju Jaya Distribusi,OUT2911,Online Store,SP504,Biscuits,Golden Cream Biscuit,SKU99714,24661,100,2466100,0.179,441431.9,2024668.1,None,No,Credit Term,14
TRX2021110392,05/02/2021,Makassar,South Sulawesi,Makassar,Distributor,PT Sinar Distribusi,OUT6187,Online Store,SP156,Beverages,Choco Malt Drink,SKU95942,9745,183,1783335,0.1394,248596.9,1534738.1,,No,Cash,10
TRX2021353185,2021-04-26,Medan,North Sumatra,Medan,Distributor,PT Sinar Distribusi,OUT4638,Supermarket,SP596,Beverages,Energy Cocoa Drink,SKU48878,42489,174,7393086,0.0727,537477.35,6855608.65,Bundle Promo,No,Credit Term,8
TRX2021485297,2021-03-16,Yogyakarta,DI Yogyakarta,Yogyakarta,General Trade,,OUT9145,Minimarket,SP778,Candy,Fruit Jelly Candy,SKU42062,33428,168,5615904,0.0501,281356.79,5334547.21,Bundle Promo,No,Transfer,6
TRX2021314525,2021-10-14,Jakarta,DKI Jakarta,Jakarta,E-commerce,PT Sinar Distribusi,OUT8216,Online Store,SP401,Snacks,Savory Chips,SKU70877,41223,100,4122300,0.1914,789008.22,3333291.78,Bundle Promo,No,Credit Term,3
TRX2021567607,2021-12-23,Bandung,West Java,Bandung,E-commerce,PT Global Snack Dist,OUT9877,Supermarket,SP698,Biscuits,Golden Cream Biscuit,SKU61350,49790,120,5974800,0.2413,1441719.24,4533080.76,Seasonal Promo,No,Cash,1
TRX2021290538,2021-05-14,Makassar,South Sulawesi,Makassar,Distributor,,OUT1574,Minimarket,SP978,Beverages,Choco Malt Drink,SKU88941,35578,66,2348148,0.1274,299154.06,2048993.94,Seasonal Promo,No,Transfer,5
TRX2021715062,2021-05-17,Surabaya,East Java,Surabaya,Modern Trade,PT Sinar Distribusi,OUT6905,Supermarket,SP228,Candy,Fruit Jelly Candy,SKU32185,19061,6,114366,0.0791,9046.35,105319.65,Retail Discount,No,Transfer,7
TRX2021963263,2021-04-27,Medan,North Sumatra,Medan,Distributor,,OUT1024,Supermarket,SP298,Snacks,Savory Chips,SKU52871,31880,187,5961560,0.2413,1438524.43,4523035.57,Retail Discount,No,Transfer,1
TRX2021280781,2021-08-08,Jakarta,DKI Jakarta,Jakarta,E-commerce,PT Sinar Distribusi,OUT5271,Online Store,SP579,Candy,Caramel Drop Candy,SKU20642,18317,100,1831700,0.0409,74916.53,1756783.47,Retail Discount,No,Transfer,1
TRX2021584288,2021-03-10,Yogyakarta,DI Yogyakarta,Yogyakarta,Distributor,PT Sinar Distribusi,OUT3736,Minimarket,SP108,Biscuits,Butter Crunch Biscuit,SKU60968,40933,155,6344615,0.0547,347050.44,5997564.56,,No,Credit Term,5
TRX2021635680,07/12/2021,Surabaya,East Java,Surabaya,Modern Trade,PT Global Snack Dist,OUT1396,Online Store,SP835,Snacks,Crunchy Bite,SKU68226,23375,137,3202375,0.1394,446411.08,2755963.92,Retail Discount,No,Cash,14
TRX2021370154,04/02/2021,Palembang,South Sumatra,Palembang,E-commerce,,OUT5105,Online Store,SP144,Biscuits,Choco Delight Biscuit,SKU72673,25118,110,2762980,0.0721,199210.86,2563769.14,None,No,Credit Term,14
TRX2021905244,2021-08-15,Medan,North Sumatra,Medan,Modern Trade,PT Global Snack Dist,OUT1234,Online Store,SP383,Biscuits,Butter Crunch Biscuit,SKU99927,8621,92,793132,0.0673,53377.78,739754.22,,No,Cash,14
TRX2021660587,2021-10-26,Palembang,South Sumatra,Palembang,Modern Trade,PT Maju Jaya Distribusi,OUT9096,Supermarket,SP551,Nuts,Spicy Peanut Mix,SKU16244,45795,42,1923390,0.2372,456228.11,1467161.89,Seasonal Promo,Yes,Transfer,7
TRX2021199683,2021-03-25,Jakarta,DKI Jakarta,Jakarta,Modern Trade,PT Maju Jaya Distribusi,OUT3105,Traditional Store,SP254,Candy,Caramel Drop Candy,SKU92702,26216,19,498104,0.1453,72374.51,425729.49,None,No,Credit Term,6
TRX2021219881,2021-07-18,Bandung,West Java,Bandung,E-commerce,PT Maju Jaya Distribusi,OUT2343,Minimarket,SP996,Candy,Mint Pop Candy,SKU21242,22649,117,2649933,0.0036,9539.76,2640393.24,None,No,Credit Term,10
TRX2021376158,2021-06-30,Palembang,South Sumatra,Palembang,Modern Trade,PT Maju Jaya Distribusi,OUT1451,Minimarket,SP116,Snacks,Savory Chips,SKU15034,38262,141,5394942,0.2346,1265653.39,4129288.61,Seasonal Promo,No,Cash,5
TRX2021755492,2021-02-13,Bandung,West Java,Bandung,Modern Trade,PT Global Snack Dist,OUT4949,Online Store,SP300,Snacks,Savory Chips,SKU29630,19839,37,734043,0.0637,46758.54,687284.46,Bundle Promo,No,Transfer,3
TRX2021444145,08/09/2021,Palembang,South Sumatra,Palembang,Modern Trade,PT Nusantara Supply,OUT9354,Online Store,SP382,Biscuits,Choco Delight Biscuit,SKU63074,18971,14,265594,0.2347,62334.91,203259.09,Seasonal Promo,No,Cash,4
TRX2021944832,24/01/2021,Bandung,West Java,Bandung,Distributor,PT Nusantara Supply,OUT7460,Supermarket,SP315,Candy,Mint Pop Candy,SKU55378,3951,147,580797,0.0734,42630.5,538166.5,Seasonal Promo,No,Cash,8
TRX2021836404,2021-08-09,Jakarta,DKI Jakarta,Jakarta,Distributor,PT Nusantara Supply,OUT8176,Minimarket,SP937,Candy,Caramel Drop Candy,SKU80008,47315,54,2555010,0.0847,216409.35,2338600.65,Retail Discount,No,Cash,1
TRX2021629065,2021-06-29,Surabaya,East Java,Surabaya,General Trade,,OUT7954,Online Store,SP997,Candy,Caramel Drop Candy,SKU73865,44899,4,179596,0.206,36996.78,142599.22,,No,Transfer,14
TRX2021451249,2021-08-10,Medan,North Sumatra,Medan,E-commerce,PT Sinar Distribusi,OUT5203,Supermarket,SP444,Snacks, Crunchy Bite ,SKU21307,46460,5,232300,0.2494,57935.62,174364.38,None,No,Transfer,3
TRX2021951206,08/03/2021,Yogyakarta,DI Yogyakarta,Yogyakarta,E-commerce,,OUT4289,Traditional Store,SP649,Nuts,Spicy Peanut Mix,SKU69744,47138,87,4101006,0.1522,624173.11,3476832.89,None,No,Transfer,13
TRX2021541468,2021-04-14,Palembang,South Sumatra,Palembang,E-commerce,PT Sinar Distribusi,OUT4620,Minimarket,SP333,Beverages,Nutri Grain Drink,SKU97412,32045,97,3108365,0.2411,749426.8,2358938.2,,No,Transfer,4
TRX2021842739,18/06/2021,Jakarta,DKI Jakarta,Jakarta,Distributor,,OUT3225,Traditional Store,SP715,Candy,Caramel Drop Candy,SKU57778,12409,64,794176,0.068,54003.97,740172.03,Seasonal Promo,No,Credit Term,8
TRX2021625015,21/06/2021,Surabaya,East Java,Surabaya,E-commerce,PT Sinar Distribusi,OUT7480,Traditional Store,SP933,Candy,Caramel Drop Candy,SKU21857,5069,67,339623,0.2026,68807.62,270815.38,Bundle Promo,No,Cash,2
TRX2021665894,2021-01-17,Makassar,South Sulawesi,Makassar,Modern Trade,PT Maju Jaya Distribusi,OUT1121,Supermarket,SP613,Beverages,Choco Malt Drink,SKU11274,24852,102,2534904,0.0523,132575.48,2402328.52,,No,Transfer,9
TRX2021938049,15/03/2021,Yogyakarta,DI Yogyakarta,Yogyakarta,General Trade,PT Sinar Distribusi,OUT4886,Minimarket,SP321,Candy,Fruit Jelly Candy,SKU86389,15400,169,2602600,0.1352,351871.52,2250728.48,Seasonal Promo,No,Transfer,4
TRX2021697993,2021-10-13,Bandung,West Java,Bandung,E-commerce,,OUT2154,Supermarket,SP138,Nuts,Honey Roasted Peanut,SKU43609,12110,48,581280,0.0391,22728.05,558551.95,Bundle Promo,No,Cash,6
TRX2021838710,14/03/2021,Palembang,South Sumatra,Palembang,Modern Trade,PT Maju Jaya Distribusi,OUT2672,Minimarket,SP255,Snacks,Spicy Curl,SKU86610,4664,36,167904,0.0121,2031.64,165872.36,Bundle Promo,No,Transfer,4
TRX2021689161,01/07/2021,Surabaya,East Java,Surabaya,Distributor,PT Maju Jaya Distribusi,OUT1044,Supermarket,SP169,Biscuits,Butter Crunch Biscuit,SKU57348,40270,8,322160,0.0041,1320.86,320839.14,None,No,Credit Term,7
TRX2021999264,06/06/2021,Medan,North Sumatra,Medan,Distributor,,OUT6878,Supermarket,SP150,Candy,Caramel Drop Candy,SKU32126,48087,187,8992269,0.0156,140279.4,8851989.6,Retail Discount,No,Credit Term,5
TRX2021530638,2021-02-16,Bandung,West Java,Bandung,Modern Trade,PT Sinar Distribusi,OUT3590,Traditional Store,SP496,Snacks,Crunchy Bite,SKU30271,13113,18,236034,0.0053,1250.98,234783.02,Bundle Promo,No,Credit Term,9
TRX2021364223,2021-09-25,Yogyakarta,DI Yogyakarta,Yogyakarta,E-commerce,PT Nusantara Supply,OUT6576,Supermarket,SP234,Beverages,Energy Cocoa Drink,SKU58849,11657,74,862618,0.0275,23721.99,838896.01,Retail Discount,No,Cash,7
TRX2021192461,2021-01-21,Makassar,South Sulawesi,Makassar,Distributor,,OUT5529,Online Store,SP569,Beverages,Choco Malt Drink,SKU68631,24479,99,2423421,0.0203,49195.45,2374225.55,Bundle Promo,No,Credit Term,9
TRX2021317720,08/08/2021,Yogyakarta,DI Yogyakarta,Yogyakarta,Distributor,,OUT9654,Traditional Store,SP735,Candy,Mint Pop Candy,SKU27932,47662,7,333634,0.1396,46575.31,287058.69,None,No,Transfer,6
TRX2021642552,11/04/2021,Jakarta,DKI Jakarta,Jakarta,E-commerce,PT Nusantara Supply,OUT3255,Traditional Store,SP439,Nuts,Honey Roasted Peanut,SKU77102,37298,32,1193536,0.1172,139882.42,1053653.58,Bundle Promo,No,Cash,8
TRX2021371136,2021-05-22,Jakarta,DKI Jakarta,Jakarta,E-commerce,PT Maju Jaya Distribusi,OUT5138,Minimarket,SP642,Beverages,Nutri Grain Drink,SKU82487,5717,104,594568,0.0594,35317.34,559250.66,,No,Credit Term,5
TRX2021816886,2021-04-20,Jakarta,DKI Jakarta,Jakarta,General Trade,,OUT3851,Traditional Store,SP580,Biscuits,Choco Delight Biscuit,SKU72104,35687,59,2105533,0.2025,426370.43,1679162.57,Seasonal Promo,No,Transfer,6
TRX2021684133,13/05/2021,Makassar,South Sulawesi,Makassar,Modern Trade,PT Global Snack Dist,OUT2776,Traditional Store,SP366,Nuts, Salted Cashew Mix ,SKU80352,5858,114,667812,0.2442,163079.69,504732.31,Retail Discount,No,Credit Term,4
TRX2021407586,22/09/2021,Palembang,South Sumatra,Palembang,General Trade,PT Nusantara Supply,OUT3961,Minimarket,SP772,Snacks,Crunchy Bite,SKU82019,13906,86,1195916,0.2171,259633.36,936282.64,None,No,Transfer,1
TRX2021230959,19/03/2021,Jakarta,DKI Jakarta,Jakarta,Distributor,PT Nusantara Supply,OUT7209,Online Store,SP140,Beverages,Choco Malt Drink,SKU38927,45535,104,4735640,0.1882,891247.45,3844392.55,,No,Cash,7
TRX2021624116,05/08/2021,Medan,North Sumatra,Medan,General Trade,PT Nusantara Supply,OUT3970,Online Store,SP706,Nuts,Spicy Peanut Mix,SKU63902,8538,17,145146,0.15,21771.9,123374.1,Bundle Promo,No,Transfer,8
TRX2021253644,2021-04-20,Medan,North Sumatra,Medan,E-commerce,PT Global Snack Dist,OUT2220,Traditional Store,SP918,Biscuits, Butter Crunch Biscuit ,SKU30438,13901,168,2335368,0.0515,120271.45,2215096.55,Seasonal Promo,No,Transfer,7
TRX2021883902,2021-05-29,Bandung,West Java,Bandung,General Trade,PT Nusantara Supply,OUT3856,Supermarket,SP208,Nuts,Salted Cashew Mix,SKU50576,30969,102,3158838,0.1155,364845.79,2793992.21,,No,Credit Term,7
TRX2021244437,31/08/2021,Surabaya,East Java,Surabaya,General Trade,PT Sinar Distribusi,OUT8740,Online Store,SP995,Beverages,Nutri Grain Drink,SKU89607,33357,183,6104331,0.2307,1408269.16,4696061.84,Seasonal Promo,No,Cash,1
TRX2021253047,10/07/2021,Jakarta,DKI Jakarta,Jakarta,Distributor,PT Global Snack Dist,OUT5307,Online Store,SP589,Candy,Caramel Drop Candy,SKU56398,34897,186,6490842,0.1598,1037236.55,5453605.45,Retail Discount,No,Cash,7
TRX2021816595,18/04/2021,Makassar,South Sulawesi,Makassar,Modern Trade,PT Nusantara Supply,OUT5645,Online Store,SP274,Snacks,Spicy Curl,SKU36976,13696,167,2287232,0.1657,378994.34,1908237.66,None,No,Transfer,5
TRX2021789243,01/06/2021,Surabaya,East Java,Surabaya,Distributor,,OUT1307,Supermarket,SP900,Beverages,Nutri Grain Drink,SKU14054,27770,89,2471530,0.0691,170782.72,2300747.28,Seasonal Promo,No,Credit Term,14
TRX2021503713,10/05/2021,Palembang,South Sumatra,Palembang,Modern Trade,,OUT6373,Minimarket,SP401,Nuts,Spicy Peanut Mix,SKU23856,41440,120,4972800,0.1301,646961.28,4325838.72,,No,Transfer,8
TRX2021320370,19/05/2021,Yogyakarta,DI Yogyakarta,Yogyakarta,General Trade,PT Global Snack Dist,OUT1015,Minimarket,SP319,Nuts,Spicy Peanut Mix,SKU27555,23079,67,1546293,0.1807,279415.15,1266877.85,None,No,Credit Term,14
TRX2021988341,20/01/2021,Surabaya,East Java,Surabaya,Modern Trade,PT Global Snack Dist,OUT6996,Online Store,SP135,Beverages,Energy Cocoa Drink,SKU35312,22012,180,3962160,0.1864,738546.62,3223613.38,Seasonal Promo,No,Cash,14
TRX2021613345,2021-02-05,Palembang,South Sumatra,Palembang,Modern Trade,PT Sinar Distribusi,OUT1093,Online Store,SP738,Snacks,Spicy Curl,SKU52418,35850,112,4015200,0.1016,407944.32,3607255.68,Seasonal Promo,No,Cash,11
TRX2021788151,2021-07-21,Palembang,South Sumatra,Palembang,Modern Trade,PT Maju Jaya Distribusi,OUT3607,Traditional Store,SP288,Candy,Caramel Drop Candy,SKU65179,36620,182,6664840,0.0902,601168.57,6063671.43,None,No,Cash,6
TRX2021265183,2021-04-02,Bandung,West Java,Bandung,General Trade,PT Global Snack Dist,OUT5231,Minimarket,SP579,Candy,Fruit Jelly Candy,SKU99340,42340,144,6096960,0.2415,1472415.84,4624544.16,,No,Cash,8
TRX2021182602,2021-12-15,Makassar,South Sulawesi,Makassar,Modern Trade,PT Sinar Distribusi,OUT3047,Traditional Store,SP437,Nuts,Salted Cashew Mix,SKU88104,9865,59,582035,0.1995,116115.98,465919.02,Retail Discount,No,Credit Term,13
TRX2021246549,17/10/2021,Medan,North Sumatra,Medan,E-commerce,PT Nusantara Supply,OUT4495,Minimarket,SP802,Candy,Fruit Jelly Candy,SKU56016,6348,36,228528,0.1658,37889.94,190638.06,Seasonal Promo,No,Credit Term,5
TRX2021536185,2021-10-25,Palembang,South Sumatra,Palembang,E-commerce,PT Maju Jaya Distribusi,OUT6920,Traditional Store,SP372,Nuts,Salted Cashew Mix,SKU85526,31678,106,3357868,0.0236,79245.68,3278622.32,None,No,Credit Term,2
TRX2021333468,15/03/2021,Semarang,Central Java,Semarang,Distributor,,OUT1520,Supermarket,SP301,Snacks,Savory Chips,SKU28006,22263,120,2671560,0.0102,27249.91,2644310.09,Seasonal Promo,No,Cash,5
TRX2021940652,08/08/2021,Medan,North Sumatra,Medan,Modern Trade,PT Maju Jaya Distribusi,OUT5661,Supermarket,SP469,Nuts,Spicy Peanut Mix,SKU16946,39643,130,5153590,0.0845,435478.36,4718111.64,None,No,Transfer,3
TRX2021382381,2021-04-20,Palembang,South Sumatra,Palembang,Modern Trade,,OUT3576,Supermarket,SP950,Snacks, Crunchy Bite ,SKU62196,17938,82,1470916,0.0229,33683.98,1437232.02,,No,Transfer,14
TRX2021662198,15/07/2021,Makassar,South Sulawesi,Makassar,General Trade,,OUT2669,Online Store,SP692,Biscuits,Choco Delight Biscuit,SKU76255,21881,134,2932054,0.0533,156278.48,2775775.52,Retail Discount,No,Transfer,13
TRX2021241727,28/02/2021,Semarang,Central Java,Semarang,General Trade,PT Maju Jaya Distribusi,OUT2911,Minimarket,SP578,Snacks,Crunchy Bite,SKU36830,17286,32,553152,0.0615,34018.85,519133.15,Seasonal Promo,No,Cash,8
TRX2021765114,20/05/2021,Surabaya,East Java,Surabaya,E-commerce,PT Nusantara Supply,OUT4277,Supermarket,SP780,Candy,Fruit Jelly Candy,SKU55277,16508,3,49524,0.0341,1688.77,47835.23,Seasonal Promo,No,Cash,9
TRX2021406189,15/07/2021,Yogyakarta,DI Yogyakarta,Yogyakarta,E-commerce,PT Sinar Distribusi,OUT4385,Online Store,SP200,Biscuits,Butter Crunch Biscuit,SKU41682,16872,124,2092128,0.0723,151260.85,1940867.15,Retail Discount,No,Transfer,4
TRX2021617179,24/06/2021,Semarang,Central Java,Semarang,Distributor,PT Global Snack Dist,OUT4769,Supermarket,SP460,Beverages,Nutri Grain Drink,SKU56564,31695,165,5229675,0.12,627561.0,4602114.0,Bundle Promo,No,Cash,6
TRX2021609832,2021-04-10,Semarang,Central Java,Semarang,E-commerce,PT Global Snack Dist,OUT2102,Traditional Store,SP208,Biscuits,Butter Crunch Biscuit,SKU37308,9379,95,891005,0.1283,114315.94,776689.06,None,No,Transfer,12
TRX2021901070,2021-10-22,Surabaya,East Java,Surabaya,Distributor,,OUT5201,Online Store,SP493,Candy, Mint Pop Candy ,SKU96889,31121,18,560178,0.1042,58370.55,501807.45,None,Yes,Credit Term,5
TRX2021653777,2021-09-15,Semarang,Central Java,Semarang,E-commerce,PT Maju Jaya Distribusi,OUT7001,Supermarket,SP915,Nuts, Spicy Peanut Mix ,SKU31384,28123,52,1462396,0.1942,283997.3,1178398.7,None,No,Cash,14
TRX2021519287,25/02/2021,Makassar,South Sulawesi,Makassar,Modern Trade,PT Maju Jaya Distribusi,OUT4757,Minimarket,SP335,Candy,Caramel Drop Candy,SKU10858,42461,69,2929809,0.2323,680594.63,2249214.37,Retail Discount,No,Cash,4
TRX2021932977,2021-04-03,Makassar,South Sulawesi,Makassar,General Trade,PT Sinar Distribusi,OUT5015,Traditional Store,SP231,Candy, Fruit Jelly Candy ,SKU50752,33738,184,6207792,0.1931,1198724.64,5009067.36,,No,Cash,12
TRX2021919784,2021-01-10,Medan,North Sumatra,Medan,Modern Trade,,OUT3174,Online Store,SP118,Candy, Fruit Jelly Candy ,SKU81280,5041,134,675494,0.1583,106930.7,568563.3,Bundle Promo,No,Transfer,11
TRX2021172746,2021-04-28,Surabaya,East Java,Surabaya,Modern Trade,PT Maju Jaya Distribusi,OUT3608,Minimarket,SP494,Nuts,Honey Roasted Peanut,SKU72817,12594,85,1070490,0.1142,122249.96,948240.04,,No,Transfer,2
TRX2021622586,2021-03-24,Surabaya,East Java,Surabaya,Distributor,PT Nusantara Supply,OUT1423,Traditional Store,SP544,Snacks,Savory Chips,SKU12538,23018,171,3936078,0.2488,979296.21,2956781.79,,No,Cash,3
TRX2021387816,2021-08-25,Yogyakarta,DI Yogyakarta,Yogyakarta,E-commerce,PT Sinar Distribusi,OUT6584,Traditional Store,SP283,Snacks,Crunchy Bite,SKU54309,39077,118,4611086,0.1097,505836.13,4105249.87,Retail Discount,No,Cash,7
TRX2021607455,2021-08-08,Medan,North Sumatra,Medan,Distributor,PT Global Snack Dist,OUT6220,Traditional Store,SP204,Biscuits,Butter Crunch Biscuit,SKU23811,45298,16,724768,0.1497,108497.77,616270.23,Retail Discount,No,Credit Term,3
TRX2021272019,04/08/2021,Palembang,South Sumatra,Palembang,Distributor,PT Maju Jaya Distribusi,OUT5673,Traditional Store,SP800,Snacks,Spicy Curl,SKU95380,9059,153,1386027,0.2404,333200.89,1052826.11,Seasonal Promo,No,Credit Term,5
TRX2021627960,13/11/2021,Makassar,South Sulawesi,Makassar,General Trade,PT Sinar Distribusi,OUT5813,Minimarket,SP585,Candy,Caramel Drop Candy,SKU74494,22740,148,3365520,0.2437,820177.22,2545342.78,Seasonal Promo,No,Transfer,13
TRX2021837714,05/01/2021,Medan,North Sumatra,Medan,E-commerce,PT Sinar Distribusi,OUT1602,Supermarket,SP208,Candy, Fruit Jelly Candy ,SKU50374,31662,171,5414202,0.1164,630213.11,4783988.89,,No,Cash,2
TRX2021223480,27/12/2021,Makassar,South Sulawesi,Makassar,Modern Trade,PT Maju Jaya Distribusi,OUT7661,Online Store,SP795,Biscuits,Choco Delight Biscuit,SKU87029,24157,99,2391543,0.1343,321184.22,2070358.78,,No,Cash,6
TRX2021557415,2021-12-21,Semarang,Central Java,Semarang,Distributor,,OUT9778,Supermarket,SP337,Candy,Fruit Jelly Candy,SKU24843,42643,190,8102170,0.1782,1443806.69,6658363.31,None,No,Credit Term,2
TRX2021402710,11/06/2021,Palembang,South Sumatra,Palembang,General Trade,PT Global Snack Dist,OUT2356,Traditional Store,SP446,Candy,Caramel Drop Candy,SKU43763,42743,135,5770305,0.2279,1315052.51,4455252.49,Bundle Promo,Yes,Credit Term,10
TRX2021845188,16/03/2021,Semarang,Central Java,Semarang,General Trade,PT Sinar Distribusi,OUT4535,Traditional Store,SP314,Nuts,Salted Cashew Mix,SKU62154,37970,61,2316170,0.2045,473656.76,1842513.24,None,No,Credit Term,10
TRX2021252855,19/10/2021,Semarang,Central Java,Semarang,Distributor,PT Global Snack Dist,OUT4059,Online Store,SP345,Beverages,Nutri Grain Drink,SKU59301,47610,6,285660,0.0027,771.28,284888.72,,No,Credit Term,13
TRX2021707480,2021-11-20,Jakarta,DKI Jakarta,Jakarta,Modern Trade,PT Maju Jaya Distribusi,OUT1493,Minimarket,SP592,Nuts,Honey Roasted Peanut,SKU25660,20544,67,1376448,0.0747,102820.67,1273627.33,,No,Cash,4
TRX2021613298,2021-12-12,Semarang,Central Java,Semarang,Distributor,,OUT5639,Online Store,SP988,Snacks,Crunchy Bite,SKU69834,33683,190,6399770,0.242,1548744.34,4851025.66,Retail Discount,No,Credit Term,12
TRX2021608514,2021-08-13,Medan,North Sumatra,Medan,Distributor,PT Nusantara Supply,OUT4105,Supermarket,SP982,Candy,Mint Pop Candy,SKU17518,44978,43,1934054,0.0662,128034.37,1806019.63,Bundle Promo,No,Cash,2
TRX2021314558,2021-03-07,Palembang,South Sumatra,Palembang,E-commerce,PT Sinar Distribusi,OUT6260,Supermarket,SP115,Biscuits,Choco Delight Biscuit,SKU38905,5149,130,669370,0.033,22089.21,647280.79,Retail Discount,No,Credit Term,12
TRX2021820438,2021-05-30,Bandung,West Java,Bandung,Distributor,PT Global Snack Dist,OUT9933,Minimarket,SP822,Beverages,Choco Malt Drink,SKU45518,23149,152,3518648,0.1358,477832.4,3040815.6,Retail Discount,No,Credit Term,2
TRX2021678396,2021-08-11,Surabaya,East Java,Surabaya,General Trade,,OUT5256,Online Store,SP705,Snacks,Crunchy Bite,SKU81777,3571,98,349958,0.1777,62187.54,287770.46,Retail Discount,No,Cash,5
TRX2021375561,10/11/2021,Medan,North Sumatra,Medan,Distributor,PT Maju Jaya Distribusi,OUT3342,Supermarket,SP623,Snacks, Savory Chips ,SKU44482,30025,194,5824850,0.1425,830041.12,4994808.88,,No,Transfer,7
TRX2021633929,2021-06-27,Yogyakarta,DI Yogyakarta,Yogyakarta,Modern Trade,PT Nusantara Supply,OUT6896,Traditional Store,SP175,Candy,Fruit Jelly Candy,SKU93188,31489,2,62978,0.1824,11487.19,51490.81,Bundle Promo,No,Transfer,3
TRX2021895743,2021-02-02,Semarang,Central Java,Semarang,E-commerce,PT Maju Jaya Distribusi,OUT9907,Traditional Store,SP471,Beverages,Energy Cocoa Drink,SKU38046,17987,46,827402,0.0677,56015.12,771386.88,Bundle Promo,No,Credit Term,9
TRX2021881405,2021-05-16,Makassar,South Sulawesi,Makassar,Modern Trade,PT Global Snack Dist,OUT1810,Supermarket,SP680,Snacks,Savory Chips,SKU96666,39212,143,5607316,0.1109,621851.34,4985464.66,None,No,Cash,5
TRX2021276272,08/04/2021,Yogyakarta,DI Yogyakarta,Yogyakarta,General Trade,PT Sinar Distribusi,OUT7168,Online Store,SP414,Beverages, Choco Malt Drink ,SKU84058,39473,9,355257,0.1692,60109.48,295147.52,Seasonal Promo,No,Transfer,1
TRX2021793521,11/08/2021,Semarang,Central Java,Semarang,General Trade,PT Nusantara Supply,OUT5748,Minimarket,SP259,Biscuits,Butter Crunch Biscuit,SKU48982,7057,102,719814,0.0656,47219.8,672594.2,None,No,Cash,9
TRX2021556437,09/02/2021,Palembang,South Sumatra,Palembang,Modern Trade,,OUT5579,Traditional Store,SP427,Snacks,Spicy Curl,SKU69561,17358,36,624888,0.0389,24308.14,600579.86,Retail Discount,No,Cash,10
TRX2021881620,2021-05-02,Yogyakarta,DI Yogyakarta,Yogyakarta,E-commerce,PT Sinar Distribusi,OUT6392,Minimarket,SP321,Biscuits,Choco Delight Biscuit,SKU83000,34284,130,4456920,0.1641,731380.57,3725539.43,Seasonal Promo,No,Credit Term,3
TRX2021471352,08/03/2021,Jakarta,DKI Jakarta,Jakarta,Distributor,PT Nusantara Supply,OUT6088,Minimarket,SP237,Nuts,Salted Cashew Mix,SKU35757,12653,149,1885297,0.0005,942.65,1884354.35,None,No,Cash,8
TRX2021816886,2021-03-23,Bandung,West Java,Bandung,General Trade,PT Nusantara Supply,OUT5703,Online Store,SP997,Biscuits,Butter Crunch Biscuit,SKU39482,47491,58,2754478,0.0426,117340.76,2637137.24,None,No,Transfer,2
TRX2021590777,2021-06-27,Semarang,Central Java,Semarang,General Trade,PT Nusantara Supply,OUT9627,Online Store,SP833,Nuts,Honey Roasted Peanut,SKU71013,14185,84,1191540,0.0458,54572.53,1136967.47,None,No,Cash,2
TRX2021515111,2021-09-11,Bandung,West Java,Bandung,E-commerce,PT Sinar Distribusi,OUT3288,Minimarket,SP488,Candy,Fruit Jelly Candy,SKU80423,32904,154,5067216,0.0808,409431.05,4657784.95,Seasonal Promo,No,Cash,10
TRX2021571752,23/01/2021,Jakarta,DKI Jakarta,Jakarta,Distributor,PT Sinar Distribusi,OUT7919,Traditional Store,SP617,Beverages,Nutri Grain Drink,SKU50291,35607,20,712140,0.2034,144849.28,567290.72,None,No,Cash,12
TRX2021492157,08/04/2021,Palembang,South Sumatra,Palembang,General Trade,PT Nusantara Supply,OUT3842,Supermarket,SP296,Nuts,Salted Cashew Mix,SKU37619,19789,175,3463075,0.0404,139908.23,3323166.77,Bundle Promo,No,Transfer,4
TRX2021947997,2021-01-24,Palembang,South Sumatra,Palembang,E-commerce,,OUT8108,Supermarket,SP127,Biscuits,Butter Crunch Biscuit,SKU76536,38955,148,5765340,0.0925,533293.95,5232046.05,,No,Transfer,5
TRX2021249774,2021-10-17,Medan,North Sumatra,Medan,General Trade,PT Sinar Distribusi,OUT8761,Supermarket,SP273,Snacks,Spicy Curl,SKU50250,13333,147,1959951,0.1429,280077.0,1679874.0,Seasonal Promo,No,Credit Term,7
TRX2021391974,2021-12-13,Semarang,Central Java,Semarang,General Trade,PT Maju Jaya Distribusi,OUT8878,Traditional Store,SP547,Candy,Fruit Jelly Candy,SKU46052,12735,100,1273500,0.2441,310861.35,962638.65,Retail Discount,Yes,Credit Term,8
TRX2021870327,30/05/2021,Makassar,South Sulawesi,Makassar,Distributor,PT Nusantara Supply,OUT8368,Online Store,SP908,Candy, Mint Pop Candy ,SKU55701,28497,4,113988,0.1055,12025.73,101962.27,Retail Discount,No,Cash,9
TRX2021769552,09/07/2021,Medan,North Sumatra,Medan,Distributor,PT Sinar Distribusi,OUT8637,Minimarket,SP403,Biscuits, Choco Delight Biscuit ,SKU70222,25431,142,3611202,0.0771,278423.67,3332778.33,Retail Discount,No,Transfer,13
TRX2021575656,2021-09-01,Makassar,South Sulawesi,Makassar,Modern Trade,PT Nusantara Supply,OUT7581,Supermarket,SP789,Nuts,Honey Roasted Peanut,SKU34361,40952,131,5364712,0.2407,1291286.18,4073425.82,,No,Credit Term,5
TRX2021990708,2021-08-05,Medan,North Sumatra,Medan,General Trade,,OUT3230,Traditional Store,SP848,Biscuits,Butter Crunch Biscuit,SKU49031,20790,181,3762990,0.0413,155411.49,3607578.51,Retail Discount,No,Credit Term,4
TRX2021211738,2021-02-13,Surabaya,East Java,Surabaya,Distributor,PT Global Snack Dist,OUT7688,Online Store,SP174,Nuts, Spicy Peanut Mix ,SKU66344,44333,19,842327,0.1577,132834.97,709492.03,,No,Cash,2
TRX2021336914,2021-09-19,Surabaya,East Java,Surabaya,E-commerce,PT Maju Jaya Distribusi,OUT7904,Minimarket,SP783,Nuts,Salted Cashew Mix,SKU15891,21893,68,1488724,0.0858,127732.52,1360991.48,,No,Cash,6
TRX2021763760,21/12/2021,Palembang,South Sumatra,Palembang,Distributor,PT Global Snack Dist,OUT2972,Supermarket,SP246,Snacks,Spicy Curl,SKU26890,24892,171,4256532,0.1118,475880.28,3780651.72,,No,Transfer,10
TRX2021166523,2021-10-09,Jakarta,DKI Jakarta,Jakarta,Distributor,PT Global Snack Dist,OUT3734,Minimarket,SP427,Biscuits,Choco Delight Biscuit,SKU49551,19888,153,3042864,0.0997,303373.54,2739490.46,,Yes,Cash,13
TRX2021880161,2021-01-25,Surabaya,East Java,Surabaya,Distributor,PT Sinar Distribusi,OUT6727,Online Store,SP345,Nuts,Honey Roasted Peanut,SKU71979,19653,187,3675111,0.2497,917675.22,2757435.78,Retail Discount,No,Cash,8
TRX2021436371,2021-11-27,Makassar,South Sulawesi,Makassar,General Trade,PT Global Snack Dist,OUT1964,Minimarket,SP483,Snacks,Crunchy Bite,SKU96669,28348,30,850440,0.1162,98821.13,751618.87,Retail Discount,No,Cash,4
TRX2021125418,2021-12-14,Yogyakarta,DI Yogyakarta,Yogyakarta,E-commerce,PT Global Snack Dist,OUT5372,Minimarket,SP717,Beverages,Nutri Grain Drink,SKU13930,27723,73,2023779,0.2458,497444.88,1526334.12,Bundle Promo,No,Transfer,11
TRX2021458364,2021-01-03,Yogyakarta,DI Yogyakarta,Yogyakarta,Modern Trade,PT Sinar Distribusi,OUT5366,Minimarket,SP888,Snacks,Spicy Curl,SKU89132,9901,200,1980200,0.0632,125148.64,1855051.36,Bundle Promo,No,Transfer,13
TRX2021463271,2021-10-09,Bandung,West Java,Bandung,Distributor,,OUT7366,Online Store,SP118,Candy,Fruit Jelly Candy,SKU96547,44888,93,4174584,0.008,33396.67,4141187.33,,No,Transfer,6
TRX2021816886,2021-04-10,Semarang,Central Java,Semarang,E-commerce,PT Global Snack Dist,OUT7724,Traditional Store,SP922,Biscuits,Choco Delight Biscuit,SKU33539,47839,46,2200594,0.126,277274.84,1923319.16,None,No,Credit Term,13
TRX2021853320,2021-10-01,Surabaya,East Java,Surabaya,E-commerce,PT Global Snack Dist,OUT7645,Supermarket,SP957,Candy,Fruit Jelly Candy,SKU22987,44454,127,5645658,0.0729,411568.47,5234089.53,Bundle Promo,No,Cash,6
TRX2021243172,2021-09-21,Palembang,South Sumatra,Palembang,Modern Trade,PT Maju Jaya Distribusi,OUT9608,Supermarket,SP496,Candy,Caramel Drop Candy,SKU88524,22653,199,4507947,0.1457,656807.88,3851139.12,Bundle Promo,No,Transfer,1
TRX2021717150,13/04/2021,Medan,North Sumatra,Medan,Distributor,,OUT6132,Online Store,SP466,Nuts,Salted Cashew Mix,SKU31768,48727,6,292362,0.022,6431.96,285930.04,Retail Discount,No,Transfer,12
TRX2021368213,2021-08-05,Makassar,South Sulawesi,Makassar,E-commerce,PT Global Snack Dist,OUT8896,Minimarket,SP913,Candy,Fruit Jelly Candy,SKU16560,25352,181,4588712,0.0858,393711.49,4195000.51,Bundle Promo,No,Cash,4
TRX2021516942,2021-10-11,Makassar,South Sulawesi,Makassar,Distributor,PT Nusantara Supply,OUT8697,Minimarket,SP647,Beverages,Choco Malt Drink,SKU68099,26042,139,3619838,0.0285,103165.38,3516672.62,None,No,Transfer,1
TRX2021843560,06/03/2021,Medan,North Sumatra,Medan,Modern Trade,PT Global Snack Dist,OUT1583,Supermarket,SP889,Beverages,Choco Malt Drink,SKU75764,7448,52,387296,0.1629,63090.52,324205.48,None,No,Cash,13
TRX2021724564,24/11/2021,Surabaya,East Java,Surabaya,Modern Trade,PT Maju Jaya Distribusi,OUT2221,Traditional Store,SP375,Snacks,Savory Chips,SKU36228,9309,146,1359114,0.1088,147871.6,1211242.4,Seasonal Promo,No,Cash,11
TRX2021313112,14/03/2021,Palembang,South Sumatra,Palembang,Modern Trade,PT Sinar Distribusi,OUT3763,Minimarket,SP162,Nuts,Salted Cashew Mix,SKU46148,21280,25,532000,0.0188,10001.6,521998.4,Retail Discount,No,Cash,2
TRX2021355060,2021-05-09,Yogyakarta,DI Yogyakarta,Yogyakarta,Modern Trade,PT Global Snack Dist,OUT9666,Supermarket,SP768,Beverages,Choco Malt Drink,SKU25964,22644,172,3894768,0.2012,783627.32,3111140.68,None,No,Credit Term,1
TRX2021923968,2021-12-27,Semarang,Central Java,Semarang,E-commerce,,OUT4848,Online Store,SP802,Nuts,Salted Cashew Mix,SKU61058,13864,95,1317080,0.0805,106024.94,1211055.06,Seasonal Promo,No,Transfer,5
TRX2021129753,2021-01-06,Medan,North Sumatra,Medan,General Trade,PT Sinar Distribusi,OUT5304,Minimarket,SP743,Snacks,Spicy Curl,SKU84740,41068,123,5051364,0.1571,793569.28,4257794.72,Seasonal Promo,No,Cash,7
TRX2021951293,19/06/2021,Surabaya,East Java,Surabaya,Distributor,PT Global Snack Dist,OUT8689,Minimarket,SP948,Candy,Fruit Jelly Candy,SKU68878,48012,178,8546136,0.0098,83752.13,8462383.87,Seasonal Promo,No,Cash,1
TRX2021656002,2021-02-21,Bandung,West Java,Bandung,Modern Trade,,OUT5998,Traditional Store,SP344,Snacks, Spicy Curl ,SKU40198,35541,10,355410,0.177,62907.57,292502.43,Bundle Promo,No,Cash,1
TRX2021799783,01/01/2021,Surabaya,East Java,Surabaya,E-commerce,PT Global Snack Dist,OUT4036,Minimarket,SP577,Nuts,Spicy Peanut Mix,SKU75436,5672,9,51048,0.0371,1893.88,49154.12,Seasonal Promo,No,Cash,13
TRX2021142734,2021-03-04,Surabaya,East Java,Surabaya,General Trade,,OUT1867,Traditional Store,SP952,Candy,Caramel Drop Candy,SKU75683,11074,1,11074,0.24,2657.76,8416.24,Seasonal Promo,No,Transfer,8
TRX2021467580,07/12/2021,Semarang,Central Java,Semarang,E-commerce,PT Sinar Distribusi,OUT2358,Online Store,SP650,Beverages, Energy Cocoa Drink ,SKU86888,20331,142,2887002,0.2134,616086.23,2270915.77,None,No,Cash,2
TRX2021770864,03/04/2021,Makassar,South Sulawesi,Makassar,General Trade,PT Maju Jaya Distribusi,OUT5905,Online Store,SP567,Nuts,Honey Roasted Peanut,SKU41412,30845,197,6076465,0.1023,621622.37,5454842.63,Retail Discount,No,Transfer,6
TRX2021683518,2021-05-30,Yogyakarta,DI Yogyakarta,Yogyakarta,Modern Trade,PT Sinar Distribusi,OUT9986,Online Store,SP462,Snacks,Spicy Curl,SKU43607,33787,86,2905682,0.0141,40970.12,2864711.88,,No,Transfer,5
TRX2021556693,11/12/2021,Bandung,West Java,Bandung,E-commerce,PT Global Snack Dist,OUT4940,Minimarket,SP881,Beverages,Energy Cocoa Drink,SKU50983,17355,76,1318980,0.0695,91669.11,1227310.89,Retail Discount,No,Cash,9
TRX2021676724,2021-12-16,Makassar,South Sulawesi,Makassar,Distributor,,OUT6154,Traditional Store,SP341,Snacks, Savory Chips ,SKU93329,25609,118,3021862,0.23,695028.26,2326833.74,Retail Discount,No,Transfer,12
TRX2021259395,2021-09-19,Makassar,South Sulawesi,Makassar,Distributor,PT Nusantara Supply,OUT2337,Minimarket,SP646,Nuts,Salted Cashew Mix,SKU15384,18171,189,3434319,0.2324,798135.74,2636183.26,None,No,Cash,4
TRX2021198865,03/11/2021,Jakarta,DKI Jakarta,Jakarta,E-commerce,,OUT4663,Online Store,SP539,Biscuits,Golden Cream Biscuit,SKU89162,26242,177,4644834,0.0303,140738.47,4504095.53,Seasonal Promo,No,Cash,4
TRX2021584736,12/04/2021,Bandung,West Java,Bandung,Distributor,PT Maju Jaya Distribusi,OUT4525,Online Store,SP690,Beverages,Energy Cocoa Drink,SKU42164,15548,169,2627612,0.1373,360771.13,2266840.87,Seasonal Promo,No,Transfer,7
TRX2021769006,24/03/2021,Surabaya,East Java,Surabaya,General Trade,PT Maju Jaya Distribusi,OUT5849,Traditional Store,SP979,Candy,Caramel Drop Candy,SKU56408,37444,89,3332516,0.0331,110306.28,3222209.72,Seasonal Promo,No,Credit Term,5
TRX2021788863,14/05/2021,Bandung,West Java,Bandung,E-commerce,PT Sinar Distribusi,OUT5251,Online Store,SP610,Candy,Mint Pop Candy,SKU56635,29452,81,2385612,0.2381,568014.22,1817597.78,Retail Discount,No,Credit Term,9
TRX2021823867,2021-12-15,Semarang,Central Java,Semarang,E-commerce,PT Nusantara Supply,OUT1997,Traditional Store,SP872,Snacks,Savory Chips,SKU52543,10711,187,2002957,0.0487,97544.01,1905412.99,Seasonal Promo,No,Cash,11
TRX2021994390,2021-05-20,Semarang,Central Java,Semarang,General Trade,PT Global Snack Dist,OUT3643,Supermarket,SP816,Nuts,Salted Cashew Mix,SKU78963,46057,34,1565938,0.2455,384437.78,1181500.22,Seasonal Promo,No,Credit Term,12
TRX2021905901,11/08/2021,Semarang,Central Java,Semarang,E-commerce,PT Global Snack Dist,OUT6682,Traditional Store,SP915,Nuts,Spicy Peanut Mix,SKU59740,18503,196,3626588,0.1583,574088.88,3052499.12,Seasonal Promo,No,Transfer,13
TRX2021841264,25/08/2021,Semarang,Central Java,Semarang,Modern Trade,PT Sinar Distribusi,OUT6372,Supermarket,SP880,Beverages,Nutri Grain Drink,SKU96281,45070,74,3335180,0.1289,429904.7,2905275.3,None,No,Credit Term,10
TRX2021454070,2021-10-25,Surabaya,East Java,Surabaya,Distributor,PT Nusantara Supply,OUT8393,Supermarket,SP469,Candy,Fruit Jelly Candy,SKU90689,15757,124,1953868,0.2162,422426.26,1531441.74,Retail Discount,No,Cash,10
TRX2021973668,2021-06-29,Surabaya,East Java,Surabaya,E-commerce,PT Nusantara Supply,OUT3001,Minimarket,SP258,Nuts,Salted Cashew Mix,SKU79238,8240,104,856960,0.0247,21166.91,835793.09,None,No,Credit Term,13
TRX2021325864,2021-09-05,Palembang,South Sumatra,Palembang,Distributor,PT Sinar Distribusi,OUT9138,Online Store,SP234,Candy,Mint Pop Candy,SKU36198,14337,32,458784,0.0441,20232.37,438551.63,,No,Cash,2
TRX2021494660,2021-10-03,Medan,North Sumatra,Medan,E-commerce,PT Nusantara Supply,OUT8083,Minimarket,SP860,Biscuits,Choco Delight Biscuit,SKU21237,8116,47,381452,0.0237,9040.41,372411.59,Seasonal Promo,No,Cash,2
TRX2021380473,28/03/2021,Yogyakarta,DI Yogyakarta,Yogyakarta,Distributor,,OUT9594,Traditional Store,SP224,Biscuits, Choco Delight Biscuit ,SKU80479,23406,101,2364006,0.2272,537102.16,1826903.84,,No,Transfer,7
TRX2021117382,2021-11-20,Palembang,South Sumatra,Palembang,General Trade,PT Maju Jaya Distribusi,OUT1317,Supermarket,SP159,Snacks,Savory Chips,SKU54561,45493,139,6323527,0.224,1416470.05,4907056.95,Retail Discount,No,Cash,5
TRX2021185631,16/11/2021,Bandung,West Java,Bandung,General Trade,,OUT4164,Traditional Store,SP226,Biscuits,Golden Cream Biscuit,SKU21744,6701,109,730409,0.1673,122197.43,608211.57,Retail Discount,No,Transfer,8
TRX2021794678,29/03/2021,Palembang,South Sumatra,Palembang,General Trade,,OUT7939,Traditional Store,SP658,Biscuits,Butter Crunch Biscuit,SKU51490,25743,46,1184178,0.1728,204625.96,979552.04,Bundle Promo,No,Transfer,11
TRX2021339077,28/08/2021,Bandung,West Java,Bandung,Distributor,,OUT7521,Supermarket,SP497,Snacks,Spicy Curl,SKU96044,35165,113,3973645,0.2476,983874.5,2989770.5,Bundle Promo,No,Transfer,3
TRX2021442277,25/04/2021,Surabaya,East Java,Surabaya,Distributor,PT Nusantara Supply,OUT1105,Supermarket,SP650,Nuts,Salted Cashew Mix,SKU44109,47722,17,811274,0.131,106276.89,704997.11,Retail Discount,No,Cash,6
TRX2021681652,06/07/2021,Bandung,West Java,Bandung,General Trade,PT Sinar Distribusi,OUT8766,Online Store,SP806,Nuts,Honey Roasted Peanut,SKU86216,23663,189,4472307,0.0053,23703.23,4448603.77,Bundle Promo,No,Credit Term,4
TRX2021233341,04/09/2021,Medan,North Sumatra,Medan,E-commerce,PT Nusantara Supply,OUT9293,Online Store,SP791,Snacks,Crunchy Bite,SKU21035,6911,137,946807,0.2259,213883.7,732923.3,Retail Discount,No,Cash,1
TRX2021453717,2021-05-13,Surabaya,East Java,Surabaya,E-commerce,PT Sinar Distribusi,OUT2776,Minimarket,SP925,Snacks,Spicy Curl,SKU42540,44295,167,7397265,0.2093,1548247.56,5849017.44,Seasonal Promo,No,Cash,11
TRX2021767123,2021-10-23,Makassar,South Sulawesi,Makassar,General Trade,PT Nusantara Supply,OUT9273,Minimarket,SP527,Nuts,Salted Cashew Mix,SKU38519,22138,36,796968,0.1288,102649.48,694318.52,None,No,Credit Term,2
TRX2021195535,20/11/2021,Bandung,West Java,Bandung,E-commerce,PT Maju Jaya Distribusi,OUT7919,Supermarket,SP602,Snacks,Crunchy Bite,SKU31700,39826,63,2509038,0.1361,341480.07,2167557.93,Bundle Promo,No,Cash,6
TRX2021940815,24/05/2021,Surabaya,East Java,Surabaya,Distributor,PT Nusantara Supply,OUT7990,Minimarket,SP566,Biscuits,Golden Cream Biscuit,SKU84773,26375,159,4193625,0.1742,730529.47,3463095.52,Seasonal Promo,No,Cash,8
TRX2021279069,2021-03-22,Surabaya,East Java,Surabaya,E-commerce,PT Nusantara Supply,OUT8953,Supermarket,SP646,Nuts,Salted Cashew Mix,SKU56005,28577,83,2371891,0.005,11859.45,2360031.54,Bundle Promo,No,Transfer,11
TRX2021155134,27/01/2021,Medan,North Sumatra,Medan,Modern Trade,PT Maju Jaya Distribusi,OUT5206,Supermarket,SP511,Biscuits,Golden Cream Biscuit,SKU57634,18294,138,2524572,0.0623,157280.84,2367291.16,Bundle Promo,No,Transfer,8
TRX2021693159,2021-04-15,Medan,North Sumatra,Medan,General Trade,PT Global Snack Dist,OUT5655,Supermarket,SP746,Nuts,Honey Roasted Peanut,SKU87617,12783,85,1086555,0.1568,170371.82,916183.18,Seasonal Promo,Yes,Cash,3
TRX2021528720,2021-07-16,Bandung,West Java,Bandung,General Trade,PT Global Snack Dist,OUT6522,Minimarket,SP905,Beverages,Nutri Grain Drink,SKU36787,31980,84,2686320,0.2477,665401.46,2020918.54,Retail Discount,No,Cash,6
TRX2021680656,26/01/2021,Surabaya,East Java,Surabaya,General Trade,PT Global Snack Dist,OUT1505,Online Store,SP510,Beverages,Nutri Grain Drink,SKU45570,16370,55,900350,0.1649,148467.71,751882.29,Seasonal Promo,No,Credit Term,1
TRX2021174194,2021-02-12,Yogyakarta,DI Yogyakarta,Yogyakarta,General Trade,,OUT5045,Traditional Store,SP982,Biscuits,Golden Cream Biscuit,SKU59068,28943,89,2575927,0.0678,174647.85,2401279.15,Retail Discount,No,Cash,14
TRX2021315146,03/06/2021,Surabaya,East Java,Surabaya,Distributor,PT Maju Jaya Distribusi,OUT8050,Traditional Store,SP612,Biscuits,Butter Crunch Biscuit,SKU59493,14265,45,641925,0.1483,95197.48,546727.52,,No,Credit Term,3
TRX2021281254,07/04/2021,Palembang,South Sumatra,Palembang,Modern Trade,PT Global Snack Dist,OUT5672,Online Store,SP705,Snacks,Crunchy Bite,SKU99063,32051,78,2499978,0.2458,614494.59,1885483.41,None,No,Transfer,1
TRX2021897340,07/10/2021,Yogyakarta,DI Yogyakarta,Yogyakarta,General Trade,PT Maju Jaya Distribusi,OUT5585,Supermarket,SP408,Beverages,Choco Malt Drink,SKU21308,3307,156,515892,0.1721,88785.01,427106.99,Seasonal Promo,No,Credit Term,6
TRX2021140808,2021-01-16,Bandung,West Java,Bandung,E-commerce,PT Maju Jaya Distribusi,OUT9245,Minimarket,SP408,Snacks,Savory Chips,SKU15479,25164,136,3422304,0.2191,749826.81,2672477.19,None,No,Cash,11
TRX2021878092,2021-08-29,Surabaya,East Java,Surabaya,Modern Trade,PT Nusantara Supply,OUT1917,Minimarket,SP582,Biscuits,Golden Cream Biscuit,SKU46080,10323,84,867132,0.0991,85932.78,781199.22,None,No,Credit Term,5
TRX2021622785,21/04/2021,Semarang,Central Java,Semarang,General Trade,PT Global Snack Dist,OUT2899,Supermarket,SP879,Nuts,Spicy Peanut Mix,SKU87644,23684,142,3363128,0.0188,63226.81,3299901.19,None,No,Cash,5
TRX2021412144,2021-07-27,Palembang,South Sumatra,Palembang,E-commerce,PT Maju Jaya Distribusi,OUT3569,Supermarket,SP156,Beverages,Nutri Grain Drink,SKU33804,34743,100,3474300,0.1511,524966.73,2949333.27,None,No,Cash,12
TRX2021540853,30/06/2021,Makassar,South Sulawesi,Makassar,E-commerce,,OUT1301,Traditional Store,SP870,Nuts,Honey Roasted Peanut,SKU95702,20769,54,1121526,0.1555,174397.29,947128.71,Retail Discount,No,Transfer,11
TRX2021954855,05/06/2021,Yogyakarta,DI Yogyakarta,Yogyakarta,E-commerce,,OUT1560,Minimarket,SP367,Nuts,Spicy Peanut Mix,SKU20132,47386,8,379088,0.015,5686.32,373401.68,Seasonal Promo,No,Credit Term,10
TRX2021149616,2021-06-03,Makassar,South Sulawesi,Makassar,E-commerce,PT Global Snack Dist,OUT5410,Minimarket,SP249,Nuts,Spicy Peanut Mix,SKU13057,15602,105,1638210,0.0898,147111.26,1491098.74,Seasonal Promo,No,Transfer,10
TRX2021995943,2021-09-13,Yogyakarta,DI Yogyakarta,Yogyakarta,Modern Trade,PT Sinar Distribusi,OUT4720,Supermarket,SP154,Biscuits,Golden Cream Biscuit,SKU55652,17873,1,17873,0.1247,2228.76,15644.24,Retail Discount,No,Credit Term,6
TRX2021399016,07/10/2021,Palembang,South Sumatra,Palembang,General Trade,PT Global Snack Dist,OUT8311,Traditional Store,SP207,Nuts,Honey Roasted Peanut,SKU34032,15575,63,981225,0.1164,114214.59,867010.41,Seasonal Promo,No,Cash,11
TRX2021300912,05/07/2021,Yogyakarta,DI Yogyakarta,Yogyakarta,Distributor,PT Global Snack Dist,OUT2972,Online Store,SP681,Snacks,Spicy Curl,SKU93374,8895,11,97845,0.0421,4119.27,93725.73,,No,Cash,3
TRX2021227889,2021-10-21,Jakarta,DKI Jakarta,Jakarta,Modern Trade,PT Global Snack Dist,OUT9160,Supermarket,SP548,Beverages,Choco Malt Drink,SKU20578,15075,42,633150,0.1772,112194.18,520955.82,,No,Transfer,11
TRX2021801491,16/04/2021,Surabaya,East Java,Surabaya,General Trade,PT Maju Jaya Distribusi,OUT1428,Supermarket,SP151,Biscuits,Choco Delight Biscuit,SKU66009,13880,175,2429000,0.1613,391797.7,2037202.3,Bundle Promo,No,Credit Term,10
TRX2021502569,24/07/2021,Makassar,South Sulawesi,Makassar,E-commerce,PT Global Snack Dist,OUT6925,Online Store,SP947,Snacks,Spicy Curl,SKU90493,31303,47,1471241,0.0873,128439.34,1342801.66,None,No,Transfer,13
TRX2021218384,2021-01-14,Palembang,South Sumatra,Palembang,General Trade,PT Sinar Distribusi,OUT5996,Online Store,SP808,Nuts,Honey Roasted Peanut,SKU93945,19685,149,2933065,0.0059,17305.08,2915759.92,Seasonal Promo,No,Transfer,1
TRX2021152309,2021-08-15,Yogyakarta,DI Yogyakarta,Yogyakarta,Distributor,PT Global Snack Dist,OUT1484,Traditional Store,SP264,Candy,Mint Pop Candy,SKU12683,21104,94,1983776,0.1432,284076.72,1699699.28,,Yes,Cash,3
TRX2021263004,2021-03-06,Medan,North Sumatra,Medan,Modern Trade,PT Maju Jaya Distribusi,OUT8137,Supermarket,SP885,Biscuits,Golden Cream Biscuit,SKU18108,44972,140,6296080,0.1843,1160367.54,5135712.46,Bundle Promo,No,Cash,5
TRX2021961052,09/11/2021,Palembang,South Sumatra,Palembang,E-commerce,PT Maju Jaya Distribusi,OUT8552,Traditional Store,SP102,Snacks,Savory Chips,SKU23501,48785,36,1756260,0.1012,177733.51,1578526.49,Seasonal Promo,No,Transfer,11
TRX2021316483,2021-09-23,Medan,North Sumatra,Medan,General Trade,PT Global Snack Dist,OUT9909,Minimarket,SP144,Beverages,Nutri Grain Drink,SKU11010,4486,171,767106,0.1914,146824.09,620281.91,,No,Transfer,1
TRX2021241494,2021-07-16,Yogyakarta,DI Yogyakarta,Yogyakarta,Modern Trade,,OUT6249,Online Store,SP701,Nuts,Salted Cashew Mix,SKU65170,22901,24,549624,0.2091,114926.38,434697.62,Seasonal Promo,No,Credit Term,8
TRX2021357414,27/06/2021,Medan,North Sumatra,Medan,Modern Trade,PT Sinar Distribusi,OUT4840,Supermarket,SP338,Snacks,Crunchy Bite,SKU47775,30891,192,5931072,0.0648,384333.47,5546738.53,Seasonal Promo,No,Cash,13
TRX2021398188,2021-03-26,Jakarta,DKI Jakarta,Jakarta,E-commerce,PT Sinar Distribusi,OUT6780,Supermarket,SP567,Nuts,Spicy Peanut Mix,SKU32046,32215,77,2480555,0.1511,374811.86,2105743.14,Bundle Promo,No,Credit Term,14
TRX2021615719,2021-03-23,Semarang,Central Java,Semarang,General Trade,PT Global Snack Dist,OUT4037,Supermarket,SP166,Nuts,Salted Cashew Mix,SKU88339,3272,122,399184,0.0317,12654.13,386529.87,None,No,Credit Term,5
TRX2021821501,2021-02-15,Jakarta,DKI Jakarta,Jakarta,General Trade,PT Maju Jaya Distribusi,OUT5780,Online Store,SP578,Nuts,Spicy Peanut Mix,SKU52877,10286,100,1028600,0.0138,14194.68,1014405.32,None,No,Credit Term,14
TRX2021237381,2021-07-14,Bandung,West Java,Bandung,General Trade,PT Nusantara Supply,OUT9437,Traditional Store,SP875,Biscuits,Butter Crunch Biscuit,SKU35455,14506,93,1349058,0.1926,259828.57,1089229.43,Bundle Promo,No,Credit Term,6
TRX2021488144,14/03/2021,Surabaya,East Java,Surabaya,Distributor,PT Maju Jaya Distribusi,OUT6250,Supermarket,SP550,Snacks,Crunchy Bite,SKU36334,36275,104,3772600,0.0642,242200.92,3530399.08,Seasonal Promo,No,Credit Term,2
TRX2021568948,2021-10-08,Bandung,West Java,Bandung,Modern Trade,PT Nusantara Supply,OUT6708,Minimarket,SP910,Candy,Caramel Drop Candy,SKU34618,22316,124,2767184,0.1202,332615.52,2434568.48,Retail Discount,No,Cash,10
TRX2021693490,2021-05-07,Semarang,Central Java,Semarang,Modern Trade,PT Global Snack Dist,OUT8130,Traditional Store,SP264,Snacks, Crunchy Bite ,SKU22141,8490,176,1494240,0.1504,224733.7,1269506.3,Retail Discount,No,Transfer,13
TRX2021315768,2021-02-12,Palembang,South Sumatra,Palembang,Distributor,PT Sinar Distribusi,OUT8380,Online Store,SP478,Beverages,Nutri Grain Drink,SKU61248,48008,6,288048,0.2457,70773.39,217274.61,None,No,Credit Term,5
TRX2021396413,2021-03-05,Medan,North Sumatra,Medan,General Trade,PT Nusantara Supply,OUT4146,Supermarket,SP596,Biscuits,Golden Cream Biscuit,SKU55477,17222,54,929988,0.1856,172605.77,757382.23,None,No,Credit Term,1
TRX2021624395,2021-02-19,Semarang,Central Java,Semarang,E-commerce,PT Sinar Distribusi,OUT4823,Traditional Store,SP457,Nuts,Spicy Peanut Mix,SKU56153,44720,167,7468240,0.0339,253173.34,7215066.66,Seasonal Promo,No,Credit Term,7
TRX2021335851,11/01/2021,Surabaya,East Java,Surabaya,Distributor,PT Global Snack Dist,OUT5300,Supermarket,SP198,Biscuits,Choco Delight Biscuit,SKU71623,27137,34,922658,0.2495,230203.17,692454.83,Bundle Promo,No,Transfer,1
TRX2021512769,15/04/2021,Bandung,West Java,Bandung,E-commerce,,OUT6952,Online Store,SP945,Snacks, Crunchy Bite ,SKU99057,42391,3,127173,0.1589,20207.79,106965.21,Seasonal Promo,No,Credit Term,12
TRX2021492445,21/10/2021,Bandung,West Java,Bandung,E-commerce,,OUT4436,Online Store,SP504,Snacks, Crunchy Bite ,SKU92241,11497,9,103473,0.1312,13575.66,89897.34,,No,Cash,6
TRX2021325079,2021-10-19,Yogyakarta,DI Yogyakarta,Yogyakarta,General Trade,PT Sinar Distribusi,OUT8419,Online Store,SP669,Nuts,Salted Cashew Mix,SKU55451,35717,40,1428680,0.2488,355455.58,1073224.42,,No,Transfer,9
TRX2021227485,27/03/2021,Medan,North Sumatra,Medan,General Trade,PT Maju Jaya Distribusi,OUT2164,Traditional Store,SP939,Nuts,Salted Cashew Mix,SKU49937,11508,22,253176,0.1465,37090.28,216085.72,,No,Transfer,13
TRX2021806780,07/05/2021,Bandung,West Java,Bandung,Modern Trade,PT Global Snack Dist,OUT1430,Minimarket,SP634,Biscuits,Golden Cream Biscuit,SKU49373,29686,145,4304470,0.2114,909964.96,3394505.04,Bundle Promo,No,Cash,12
TRX2021886987,11/06/2021,Yogyakarta,DI Yogyakarta,Yogyakarta,E-commerce,PT Sinar Distribusi,OUT3415,Online Store,SP914,Biscuits,Choco Delight Biscuit,SKU75917,42494,87,3696978,0.0102,37709.18,3659268.82,Seasonal Promo,No,Transfer,6
TRX2021425632,23/11/2021,Makassar,South Sulawesi,Makassar,General Trade,PT Maju Jaya Distribusi,OUT9194,Online Store,SP222,Nuts,Honey Roasted Peanut,SKU13320,10950,102,1116900,0.0643,71816.67,1045083.33,,No,Cash,5
TRX2021387450,04/12/2021,Bandung,West Java,Bandung,General Trade,,OUT7875,Supermarket,SP572,Beverages,Choco Malt Drink,SKU31996,9496,166,1576336,0.0926,145968.71,1430367.29,Seasonal Promo,No,Transfer,4
TRX2021536980,2021-12-14,Palembang,South Sumatra,Palembang,Distributor,PT Maju Jaya Distribusi,OUT6196,Traditional Store,SP267,Nuts, Salted Cashew Mix ,SKU77593,47762,167,7976254,0.0818,652457.58,7323796.42,None,No,Cash,3
TRX2021772754,23/04/2021,Surabaya,East Java,Surabaya,Distributor,PT Maju Jaya Distribusi,OUT9630,Online Store,SP475,Biscuits, Butter Crunch Biscuit ,SKU48685,6375,178,1134750,0.0386,43801.35,1090948.65,Seasonal Promo,No,Cash,3
TRX2021282599,2021-04-23,Medan,North Sumatra,Medan,E-commerce,PT Nusantara Supply,OUT2378,Traditional Store,SP784,Beverages,Nutri Grain Drink,SKU97956,47419,1,47419,0.0664,3148.62,44270.38,Bundle Promo,No,Cash,1
TRX2021634510,04/11/2021,Palembang,South Sumatra,Palembang,General Trade,PT Nusantara Supply,OUT2148,Supermarket,SP188,Snacks,Spicy Curl,SKU30093,9069,75,680175,0.1172,79716.51,600458.49,Retail Discount,No,Cash,11
TRX2021568523,2021-02-23,Bandung,West Java,Bandung,Modern Trade,PT Sinar Distribusi,OUT9234,Online Store,SP499,Candy,Mint Pop Candy,SKU75986,22556,4,90224,0.0283,2553.34,87670.66,Seasonal Promo,No,Transfer,6
TRX2021982748,29/06/2021,Jakarta,DKI Jakarta,Jakarta,Distributor,PT Sinar Distribusi,OUT9314,Traditional Store,SP616,Nuts,Salted Cashew Mix,SKU60141,39035,123,4801305,0.1044,501256.24,4300048.76,None,No,Transfer,5
TRX2021454259,2021-08-15,Jakarta,DKI Jakarta,Jakarta,E-commerce,,OUT1018,Online Store,SP655,Candy, Fruit Jelly Candy ,SKU59277,4507,94,423658,0.0504,21352.36,402305.64,Bundle Promo,No,Transfer,7
TRX2021296645,2021-10-07,Yogyakarta,DI Yogyakarta,Yogyakarta,E-commerce,PT Global Snack Dist,OUT8570,Supermarket,SP905,Beverages,Energy Cocoa Drink,SKU76335,44716,196,8764336,0.231,2024561.62,6739774.38,Retail Discount,No,Transfer,3
TRX2021105628,2021-07-16,Palembang,South Sumatra,Palembang,Modern Trade,PT Sinar Distribusi,OUT3969,Minimarket,SP717,Biscuits,Choco Delight Biscuit,SKU85900,13129,118,1549222,0.1208,187146.02,1362075.98,None,No,Credit Term,11
TRX2021990606,2021-11-10,Semarang,Central Java,Semarang,Modern Trade,PT Global Snack Dist,OUT7713,Supermarket,SP972,Nuts,Honey Roasted Peanut,SKU93433,9231,12,110772,0.1202,13314.79,97457.21,Bundle Promo,No,Transfer,9
TRX2021273942,2021-08-08,Yogyakarta,DI Yogyakarta,Yogyakarta,Modern Trade,PT Nusantara Supply,OUT5447,Traditional Store,SP819,Biscuits,Butter Crunch Biscuit,SKU89686,17442,2,34884,0.032,1116.29,33767.71,None,No,Transfer,3
TRX2021885788,2021-03-14,Surabaya,East Java,Surabaya,General Trade,PT Maju Jaya Distribusi,OUT4181,Supermarket,SP222,Biscuits,Golden Cream Biscuit,SKU64067,24475,137,3353075,0.0724,242762.63,3110312.37,,No,Cash,5
TRX2021670485,22/06/2021,Bandung,West Java,Bandung,General Trade,PT Sinar Distribusi,OUT4122,Minimarket,SP113,Snacks,Crunchy Bite,SKU47686,40548,165,6690420,0.1264,845669.09,5844750.91,,No,Credit Term,10
TRX2021287237,09/09/2021,Palembang,South Sumatra,Palembang,Modern Trade,PT Sinar Distribusi,OUT3168,Traditional Store,SP241,Nuts,Honey Roasted Peanut,SKU78441,43681,67,2926627,0.192,561912.38,2364714.62,,No,Credit Term,12
TRX2021195413,2021-08-30,Yogyakarta,DI Yogyakarta,Yogyakarta,Modern Trade,PT Sinar Distribusi,OUT2479,Supermarket,SP523,Biscuits,Butter Crunch Biscuit,SKU70121,18866,166,3131756,0.0276,86436.47,3045319.53,Seasonal Promo,No,Transfer,13
TRX2021985373,2021-12-02,Yogyakarta,DI Yogyakarta,Yogyakarta,Modern Trade,PT Maju Jaya Distribusi,OUT9783,Online Store,SP258,Beverages,Energy Cocoa Drink,SKU14888,43805,182,7972510,0.2424,1932536.42,6039973.58,Bundle Promo,No,Transfer,14
TRX2021298422,09/01/2021,Semarang,Central Java,Semarang,Distributor,PT Maju Jaya Distribusi,OUT6804,Online Store,SP813,Candy,Fruit Jelly Candy,SKU51664,47811,50,2390550,0.0176,42073.68,2348476.32,Retail Discount,No,Cash,4
TRX2021896665,2021-11-13,Bandung,West Java,Bandung,E-commerce,PT Maju Jaya Distribusi,OUT1592,Traditional Store,SP981,Biscuits, Golden Cream Biscuit ,SKU82605,20998,160,3359680,0.0361,121284.45,3238395.55,Seasonal Promo,No,Credit Term,7
TRX2021829868,2021-06-24,Semarang,Central Java,Semarang,Distributor,PT Maju Jaya Distribusi,OUT8011,Minimarket,SP379,Nuts,Salted Cashew Mix,SKU99046,48704,14,681856,0.1802,122870.45,558985.55,Retail Discount,No,Transfer,4
TRX2021939551,2021-01-21,Bandung,West Java,Bandung,General Trade,PT Sinar Distribusi,OUT6894,Online Store,SP965,Snacks,Crunchy Bite,SKU12437,21874,128,2799872,0.1499,419700.81,2380171.19,,No,Cash,10
TRX2021816886,2021-11-04,Palembang,South Sumatra,Palembang,General Trade,PT Global Snack Dist,OUT6151,Supermarket,SP688,Candy,Fruit Jelly Candy,SKU20116,41178,122,5023716,0.2447,1229303.31,3794412.69,None,No,Transfer,6
TRX2021845514,2021-05-29,Palembang,South Sumatra,Palembang,General Trade,PT Sinar Distribusi,OUT4313,Traditional Store,SP981,Beverages,Nutri Grain Drink,SKU66402,20837,195,4063215,0.2198,893094.66,3170120.34,None,No,Credit Term,14
TRX2021511947,09/01/2021,Palembang,South Sumatra,Palembang,Distributor,PT Global Snack Dist,OUT1921,Supermarket,SP693,Biscuits,Butter Crunch Biscuit,SKU56095,21523,88,1894024,0.0673,127467.82,1766556.18,Seasonal Promo,No,Transfer,12
TRX2021372585,29/04/2021,Palembang,South Sumatra,Palembang,Distributor,PT Global Snack Dist,OUT3561,Traditional Store,SP111,Beverages,Nutri Grain Drink,SKU63624,15574,162,2522988,0.1981,499803.92,2023184.08,Bundle Promo,No,Cash,6
TRX2021827633,25/06/2021,Semarang,Central Java,Semarang,E-commerce,PT Global Snack Dist,OUT3487,Online Store,SP177,Biscuits,Butter Crunch Biscuit,SKU12466,22145,70,1550150,0.1516,235002.74,1315147.26,,No,Cash,5
TRX2021305066,18/08/2021,Surabaya,East Java,Surabaya,Distributor,PT Nusantara Supply,OUT1628,Minimarket,SP852,Candy,Fruit Jelly Candy,SKU92329,9295,69,641355,0.0031,1988.2,639366.8,Seasonal Promo,No,Credit Term,1
TRX2021728645,2021-03-24,Surabaya,East Java,Surabaya,Distributor,,OUT7345,Traditional Store,SP155,Snacks,Crunchy Bite,SKU98538,8206,115,943690,0.1377,129946.11,813743.89,Seasonal Promo,No,Cash,1
TRX2021431774,2021-05-07,Jakarta,DKI Jakarta,Jakarta,Modern Trade,PT Global Snack Dist,OUT4588,Online Store,SP696,Beverages,Choco Malt Drink,SKU48720,38769,151,5854119,0.2477,1450065.28,4404053.72,,No,Transfer,4
TRX2021952088,19/03/2021,Semarang,Central Java,Semarang,Modern Trade,PT Sinar Distribusi,OUT1341,Minimarket,SP286,Nuts,Salted Cashew Mix,SKU35831,43341,58,2513778,0.2091,525630.98,1988147.02,Seasonal Promo,No,Transfer,10
TRX2021315285,2021-07-10,Bandung,West Java,Bandung,General Trade,PT Sinar Distribusi,OUT5970,Minimarket,SP173,Candy,Fruit Jelly Candy,SKU84669,2732,91,248612,0.1783,44327.52,204284.48,Seasonal Promo,No,Transfer,11
TRX2021698539,2021-12-31,Palembang,South Sumatra,Palembang,E-commerce,PT Maju Jaya Distribusi,OUT6781,Online Store,SP883,Biscuits,Butter Crunch Biscuit,SKU21017,30674,8,245392,0.1021,25054.52,220337.48,Bundle Promo,No,Cash,1
TRX2021994204,2021-04-04,Palembang,South Sumatra,Palembang,Distributor,PT Global Snack Dist,OUT1343,Online Store,SP175,Snacks,Crunchy Bite,SKU56768,25241,13,328133,0.0935,30680.44,297452.56,None,No,Transfer,14
TRX2021135888,2021-02-25,Makassar,South Sulawesi,Makassar,Distributor,PT Sinar Distribusi,OUT4283,Supermarket,SP251,Candy, Caramel Drop Candy ,SKU61208,28347,65,1842555,0.0208,38325.14,1804229.86,Retail Discount,No,Transfer,1
TRX2021887545,02/12/2021,Makassar,South Sulawesi,Makassar,Modern Trade,PT Global Snack Dist,OUT1880,Supermarket,SP340,Beverages,Energy Cocoa Drink,SKU18353,7306,102,745212,0.0594,44265.59,700946.41,Retail Discount,No,Transfer,11
TRX2021678844,2021-01-20,Bandung,West Java,Bandung,General Trade,PT Sinar Distribusi,OUT6255,Minimarket,SP794,Nuts,Honey Roasted Peanut,SKU10327,8538,115,981870,0.215,211102.05,770767.95,None,No,Credit Term,12
TRX2021113817,2021-05-28,Yogyakarta,DI Yogyakarta,Yogyakarta,Modern Trade,PT Nusantara Supply,OUT2507,Traditional Store,SP608,Snacks,Crunchy Bite,SKU97102,11815,46,543490,0.1461,79403.89,464086.11,Retail Discount,No,Transfer,11
TRX2021529187,2021-08-05,Makassar,South Sulawesi,Makassar,Distributor,,OUT9689,Traditional Store,SP966,Snacks, Savory Chips ,SKU30275,36206,64,2317184,0.0171,39623.85,2277560.15,,No,Cash,10
TRX2021460289,2021-06-13,Bandung,West Java,Bandung,Modern Trade,PT Maju Jaya Distribusi,OUT5362,Traditional Store,SP420,Beverages,Energy Cocoa Drink,SKU49195,16079,106,1704374,0.2436,415185.51,1289188.49,,Yes,Cash,9
TRX2021382294,24/07/2021,Medan,North Sumatra,Medan,Modern Trade,,OUT1598,Supermarket,SP284,Beverages,Choco Malt Drink,SKU93192,29486,27,796122,0.0715,56922.72,739199.28,,No,Cash,10
TRX2021463326,2021-07-21,Jakarta,DKI Jakarta,Jakarta,Distributor,,OUT9141,Online Store,SP745,Biscuits,Choco Delight Biscuit,SKU82304,6827,19,129713,0.1818,23581.82,106131.18,,No,Credit Term,6
TRX2021834992,10/06/2021,Medan,North Sumatra,Medan,General Trade,,OUT8742,Minimarket,SP327,Candy,Caramel Drop Candy,SKU51935,22562,121,2730002,0.1247,340431.25,2389570.75,Bundle Promo,No,Cash,13
TRX2021741926,2021-12-23,Jakarta,DKI Jakarta,Jakarta,Distributor,PT Maju Jaya Distribusi,OUT4639,Online Store,SP892,Beverages,Nutri Grain Drink,SKU26866,31497,170,5354490,0.2173,1163530.68,4190959.32,Bundle Promo,No,Credit Term,2
TRX2021933914,2021-09-05,Bandung,West Java,Bandung,E-commerce,PT Sinar Distribusi,OUT5121,Minimarket,SP452,Beverages,Energy Cocoa Drink,SKU38792,32577,90,2931930,0.0885,259475.8,2672454.19,Seasonal Promo,No,Cash,8
TRX2021631787,26/03/2021,Semarang,Central Java,Semarang,General Trade,PT Nusantara Supply,OUT7985,Minimarket,SP606,Beverages,Energy Cocoa Drink,SKU84476,18363,32,587616,0.0115,6757.58,580858.42,,No,Cash,1
TRX2021212871,09/02/2021,Yogyakarta,DI Yogyakarta,Yogyakarta,E-commerce,PT Global Snack Dist,OUT3298,Online Store,SP793,Snacks,Spicy Curl,SKU80083,48251,131,6320881,0.186,1175683.87,5145197.13,None,No,Cash,4
TRX2021890708,16/04/2021,Bandung,West Java,Bandung,E-commerce,PT Maju Jaya Distribusi,OUT6893,Supermarket,SP450,Beverages,Choco Malt Drink,SKU57954,20893,181,3781633,0.1726,652709.86,3128923.14,Retail Discount,No,Transfer,5
TRX2021628032,22/07/2021,Palembang,South Sumatra,Palembang,E-commerce,PT Sinar Distribusi,OUT2870,Online Store,SP233,Biscuits, Golden Cream Biscuit ,SKU58247,2610,190,495900,0.0247,12248.73,483651.27,None,No,Cash,10
TRX2021325393,2021-03-22,Surabaya,East Java,Surabaya,Distributor,PT Global Snack Dist,OUT4794,Online Store,SP524,Beverages,Energy Cocoa Drink,SKU30017,33407,139,4643573,0.1968,913855.17,3729717.83,Seasonal Promo,No,Transfer,12
TRX2021597328,2021-01-26,Medan,North Sumatra,Medan,Distributor,PT Maju Jaya Distribusi,OUT9194,Supermarket,SP337,Snacks,Spicy Curl,SKU69151,38523,35,1348305,0.0021,2831.44,1345473.56,Retail Discount,No,Credit Term,7
TRX2021102562,2021-09-19,Jakarta,DKI Jakarta,Jakarta,General Trade,PT Maju Jaya Distribusi,OUT5116,Traditional Store,SP430,Snacks,Spicy Curl,SKU36321,16331,10,163310,0.0664,10843.78,152466.22,,No,Transfer,14
TRX2021532568,2021-05-12,Bandung,West Java,Bandung,Modern Trade,PT Maju Jaya Distribusi,OUT2250,Minimarket,SP356,Snacks,Savory Chips,SKU62881,8573,11,94303,0.0467,4403.95,89899.05,Retail Discount,No,Transfer,3
TRX2021388801,30/05/2021,Jakarta,DKI Jakarta,Jakarta,Distributor,PT Global Snack Dist,OUT9631,Minimarket,SP865,Snacks,Crunchy Bite,SKU60254,19593,155,3036915,0.0464,140912.86,2896002.14,,No,Credit Term,13
TRX2021807294,2021-05-06,Semarang,Central Java,Semarang,General Trade,PT Nusantara Supply,OUT3337,Minimarket,SP250,Snacks, Crunchy Bite ,SKU51064,21005,26,546130,0.2268,123862.28,422267.72,,No,Cash,3
TRX2021270149,18/05/2021,Palembang,South Sumatra,Palembang,Distributor,PT Maju Jaya Distribusi,OUT1449,Minimarket,SP776,Nuts,Spicy Peanut Mix,SKU28691,9638,81,780678,0.2414,188455.67,592222.33,,No,Cash,14
TRX2021973570,2021-07-06,Semarang,Central Java,Semarang,General Trade,PT Global Snack Dist,OUT6951,Online Store,SP902,Beverages,Nutri Grain Drink,SKU73189,25822,180,4647960,0.1035,481063.86,4166896.14,Retail Discount,No,Transfer,1
TRX2021840219,2021-07-10,Makassar,South Sulawesi,Makassar,E-commerce,PT Maju Jaya Distribusi,OUT9637,Minimarket,SP400,Beverages,Nutri Grain Drink,SKU13046,9095,63,572985,0.1525,87380.21,485604.79,Seasonal Promo,No,Cash,5
TRX2021639598,2021-03-26,Yogyakarta,DI Yogyakarta,Yogyakarta,E-commerce,PT Nusantara Supply,OUT9156,Traditional Store,SP632,Snacks,Spicy Curl,SKU61914,9846,161,1585206,0.2211,350489.05,1234716.95,Retail Discount,No,Transfer,9
TRX2021488134,2021-12-07,Yogyakarta,DI Yogyakarta,Yogyakarta,General Trade,PT Nusantara Supply,OUT9850,Traditional Store,SP195,Snacks,Spicy Curl,SKU78904,24767,14,346738,0.1288,44659.85,302078.15,Seasonal Promo,No,Credit Term,10
TRX2021512107,2021-10-14,Makassar,South Sulawesi,Makassar,E-commerce,PT Maju Jaya Distribusi,OUT8767,Minimarket,SP872,Nuts,Salted Cashew Mix,SKU55659,35359,14,495026,0.0827,40938.65,454087.35,,No,Transfer,11
TRX2021414077,31/03/2021,Semarang,Central Java,Semarang,Modern Trade,PT Nusantara Supply,OUT5924,Traditional Store,SP392,Snacks,Spicy Curl,SKU30415,2106,134,282204,0.2349,66289.72,215914.28,None,No,Cash,14
TRX2021509793,28/02/2021,Bandung,West Java,Bandung,E-commerce,PT Sinar Distribusi,OUT1639,Online Store,SP700,Beverages,Nutri Grain Drink,SKU57184,49319,52,2564588,0.0971,249021.49,2315566.51,Retail Discount,No,Transfer,13
TRX2021618785,2021-09-07,Yogyakarta,DI Yogyakarta,Yogyakarta,E-commerce,PT Global Snack Dist,OUT2324,Supermarket,SP607,Snacks, Savory Chips ,SKU24098,12268,120,1472160,0.1653,243348.05,1228811.95,,No,Transfer,7
TRX2021130708,2021-12-31,Medan,North Sumatra,Medan,General Trade,PT Maju Jaya Distribusi,OUT8999,Supermarket,SP130,Candy,Caramel Drop Candy,SKU95006,28153,50,1407650,0.1965,276603.23,1131046.77,None,No,Credit Term,12
TRX2021293308,12/07/2021,Bandung,West Java,Bandung,General Trade,PT Global Snack Dist,OUT3606,Minimarket,SP641,Snacks,Crunchy Bite,SKU46432,5476,147,804972,0.0131,10545.13,794426.87,Seasonal Promo,No,Cash,11
TRX2021477232,03/07/2021,Surabaya,East Java,Surabaya,Distributor,,OUT1735,Minimarket,SP939,Candy,Caramel Drop Candy,SKU19714,33352,50,1667600,0.2435,406060.6,1261539.4,Seasonal Promo,No,Cash,6
TRX2021425784,2021-01-02,Yogyakarta,DI Yogyakarta,Yogyakarta,Modern Trade,PT Sinar Distribusi,OUT6773,Minimarket,SP598,Beverages,Choco Malt Drink,SKU75328,29491,24,707784,0.1776,125702.44,582081.56,None,No,Cash,2
TRX2021410337,31/10/2021,Makassar,South Sulawesi,Makassar,E-commerce,PT Global Snack Dist,OUT1504,Traditional Store,SP191,Snacks,Savory Chips,SKU20700,36851,130,4790630,0.1177,563857.15,4226772.85,,No,Credit Term,2
TRX2021188314,2021-01-30,Jakarta,DKI Jakarta,Jakarta,Modern Trade,PT Nusantara Supply,OUT2506,Supermarket,SP807,Beverages,Energy Cocoa Drink,SKU42196,40224,149,5993376,0.1072,642489.91,5350886.09,Seasonal Promo,No,Cash,6
TRX2021963808,2021-07-04,Palembang,South Sumatra,Palembang,Distributor,PT Maju Jaya Distribusi,OUT6756,Online Store,SP623,Biscuits,Golden Cream Biscuit,SKU54526,39451,66,2603766,0.0987,256991.7,2346774.3,None,No,Credit Term,10
TRX2021510073,2021-07-18,Makassar,South Sulawesi,Makassar,E-commerce,PT Global Snack Dist,OUT6877,Online Store,SP700,Biscuits,Butter Crunch Biscuit,SKU56076,9616,131,1259696,0.127,159981.39,1099714.61,Retail Discount,No,Cash,13
TRX2021494466,2021-01-27,Surabaya,East Java,Surabaya,E-commerce,PT Sinar Distribusi,OUT2238,Online Store,SP125,Beverages,Nutri Grain Drink,SKU60376,29337,96,2816352,0.1173,330358.09,2485993.91,Bundle Promo,No,Transfer,9
TRX2021387301,2021-09-04,Bandung,West Java,Bandung,E-commerce,PT Sinar Distribusi,OUT1016,Supermarket,SP850,Snacks,Spicy Curl,SKU69547,24078,35,842730,0.0061,5140.65,837589.35,Retail Discount,No,Cash,12
TRX2021177930,10/11/2021,Yogyakarta,DI Yogyakarta,Yogyakarta,E-commerce,PT Maju Jaya Distribusi,OUT3194,Online Store,SP178,Snacks,Spicy Curl,SKU29088,8449,80,675920,0.0773,52248.62,623671.38,Seasonal Promo,No,Transfer,7
TRX2021419566,2021-02-03,Yogyakarta,DI Yogyakarta,Yogyakarta,General Trade,PT Nusantara Supply,OUT7395,Minimarket,SP580,Candy,Mint Pop Candy,SKU22288,45550,125,5693750,0.1049,597274.38,5096475.62,Retail Discount,No,Transfer,8
TRX2021570041,2021-02-28,Bandung,West Java,Bandung,Modern Trade,PT Global Snack Dist,OUT1781,Supermarket,SP268,Nuts,Salted Cashew Mix,SKU60771,33416,40,1336640,0.1125,150372.0,1186268.0,Bundle Promo,No,Transfer,3
TRX2021850090,2021-01-02,Semarang,Central Java,Semarang,General Trade,PT Global Snack Dist,OUT2326,Traditional Store,SP408,Beverages,Energy Cocoa Drink,SKU38298,25147,41,1031027,0.1979,204040.24,826986.76,Bundle Promo,No,Cash,5
TRX2021910377,05/05/2021,Medan,North Sumatra,Medan,Modern Trade,PT Global Snack Dist,OUT9374,Minimarket,SP184,Nuts,Salted Cashew Mix,SKU54809,34096,69,2352624,0.1015,238791.34,2113832.66,,No,Credit Term,2
TRX2021259101,2021-01-27,Jakarta,DKI Jakarta,Jakarta,E-commerce,PT Maju Jaya Distribusi,OUT8193,Traditional Store,SP430,Snacks,Crunchy Bite,SKU72652,5799,164,951036,0.1454,138280.63,812755.37,None,No,Credit Term,10
TRX2021435331,22/06/2021,Semarang,Central Java,Semarang,Modern Trade,PT Maju Jaya Distribusi,OUT4105,Supermarket,SP118,Nuts,Salted Cashew Mix,SKU78057,33033,139,4591587,0.1093,501860.46,4089726.54,,No,Credit Term,1
TRX2021527729,21/03/2021,Surabaya,East Java,Surabaya,Distributor,,OUT3831,Supermarket,SP700,Snacks,Spicy Curl,SKU70916,9829,90,884610,0.1684,148968.32,735641.68,None,No,Cash,6
TRX2021524481,21/05/2021,Semarang,Central Java,Semarang,General Trade,PT Nusantara Supply,OUT6211,Traditional Store,SP121,Snacks,Crunchy Bite,SKU58033,6624,92,609408,0.1282,78126.11,531281.89,Retail Discount,No,Credit Term,9
TRX2021404862,11/03/2021,Yogyakarta,DI Yogyakarta,Yogyakarta,E-commerce,PT Sinar Distribusi,OUT5748,Traditional Store,SP862,Nuts, Honey Roasted Peanut ,SKU16863,2753,101,278053,0.2324,64619.52,213433.48,None,No,Transfer,9
TRX2021959813,2021-01-07,Jakarta,DKI Jakarta,Jakarta,General Trade,PT Global Snack Dist,OUT5251,Supermarket,SP293,Candy, Mint Pop Candy ,SKU57545,31674,102,3230748,0.0604,195137.18,3035610.82,Bundle Promo,No,Cash,13
TRX2021335932,2021-02-19,Surabaya,East Java,Surabaya,Distributor,PT Global Snack Dist,OUT8620,Minimarket,SP591,Candy,Caramel Drop Candy,SKU27728,41592,121,5032632,0.0534,268742.55,4763889.45,None,No,Credit Term,5
TRX2021538090,2021-07-07,Jakarta,DKI Jakarta,Jakarta,Distributor,PT Sinar Distribusi,OUT3706,Supermarket,SP302,Candy,Caramel Drop Candy,SKU71313,34698,60,2081880,0.0775,161345.7,1920534.3,,No,Cash,6
TRX2021949260,05/03/2021,Palembang,South Sumatra,Palembang,E-commerce,PT Sinar Distribusi,OUT4093,Traditional Store,SP273,Nuts, Salted Cashew Mix ,SKU91486,21962,68,1493416,0.117,174729.67,1318686.33,,No,Cash,1
TRX2021411952,2021-08-16,Medan,North Sumatra,Medan,General Trade,PT Sinar Distribusi,OUT9567,Traditional Store,SP575,Beverages,Choco Malt Drink,SKU73716,12762,31,395622,0.0719,28445.22,367176.78,,No,Transfer,11
TRX2021927441,2021-06-02,Jakarta,DKI Jakarta,Jakarta,Modern Trade,PT Maju Jaya Distribusi,OUT8681,Traditional Store,SP935,Biscuits,Golden Cream Biscuit,SKU41181,29714,62,1842268,0.027,49741.24,1792526.76,Retail Discount,No,Transfer,1
TRX2021249705,2021-09-15,Yogyakarta,DI Yogyakarta,Yogyakarta,General Trade,PT Nusantara Supply,OUT5406,Supermarket,SP387,Biscuits,Golden Cream Biscuit,SKU19215,19428,100,1942800,0.211,409930.8,1532869.2,Bundle Promo,No,Cash,10
TRX2021356173,2021-10-07,Surabaya,East Java,Surabaya,General Trade,PT Nusantara Supply,OUT8181,Online Store,SP960,Biscuits,Choco Delight Biscuit,SKU33829,22060,12,264720,0.0074,1958.93,262761.07,,No,Credit Term,8
TRX2021328291,2021-10-02,Semarang,Central Java,Semarang,Modern Trade,,OUT4446,Minimarket,SP218,Beverages,Nutri Grain Drink,SKU61918,32689,75,2451675,0.0264,64724.22,2386950.78,None,No,Transfer,3
TRX2021322226,23/12/2021,Yogyakarta,DI Yogyakarta,Yogyakarta,General Trade,PT Sinar Distribusi,OUT3315,Traditional Store,SP713,Beverages,Nutri Grain Drink,SKU40319,45414,174,7902036,0.1173,926908.82,6975127.18,Bundle Promo,No,Cash,8
TRX2021290037,2021-12-19,Palembang,South Sumatra,Palembang,Modern Trade,PT Sinar Distribusi,OUT2007,Traditional Store,SP173,Nuts,Spicy Peanut Mix,SKU21907,4018,115,462070,0.1475,68155.32,393914.67,Bundle Promo,No,Transfer,6
TRX2021469446,16/07/2021,Jakarta,DKI Jakarta,Jakarta,Modern Trade,PT Maju Jaya Distribusi,OUT6664,Minimarket,SP868,Biscuits,Choco Delight Biscuit,SKU25732,36093,34,1227162,0.1953,239664.74,987497.26,Bundle Promo,No,Transfer,10
TRX2021483167,03/02/2021,Surabaya,East Java,Surabaya,General Trade,PT Nusantara Supply,OUT3593,Online Store,SP729,Snacks,Spicy Curl,SKU36691,40130,112,4494560,0.0619,278213.26,4216346.74,Retail Discount,No,Credit Term,11
TRX2021605742,08/06/2021,Bandung,West Java,Bandung,Modern Trade,PT Global Snack Dist,OUT5831,Traditional Store,SP927,Nuts,Honey Roasted Peanut,SKU93622,36234,109,3949506,0.0055,21722.28,3927783.72,None,No,Credit Term,4
TRX2021291847,10/10/2021,Surabaya,East Java,Surabaya,E-commerce,,OUT3415,Minimarket,SP853,Nuts,Spicy Peanut Mix,SKU23901,20807,57,1185999,0.2197,260563.98,925435.02,Bundle Promo,No,Transfer,3
TRX2021438523,28/05/2021,Jakarta,DKI Jakarta,Jakarta,General Trade,PT Maju Jaya Distribusi,OUT6242,Online Store,SP424,Nuts,Spicy Peanut Mix,SKU77507,26884,74,1989416,0.0093,18501.57,1970914.43,Bundle Promo,No,Credit Term,10
TRX2021335228,2021-09-09,Palembang,South Sumatra,Palembang,Modern Trade,PT Maju Jaya Distribusi,OUT2516,Online Store,SP852,Nuts,Honey Roasted Peanut,SKU86900,25508,99,2525292,0.0425,107324.91,2417967.09,Bundle Promo,No,Credit Term,3
TRX2021201230,2021-06-08,Bandung,West Java,Bandung,E-commerce,PT Nusantara Supply,OUT5556,Minimarket,SP532,Biscuits,Butter Crunch Biscuit,SKU78645,20516,181,3713396,0.1921,713343.37,3000052.63,None,No,Credit Term,4
TRX2021100691,2021-08-14,Semarang,Central Java,Semarang,General Trade,PT Nusantara Supply,OUT1042,Minimarket,SP993,Snacks, Spicy Curl ,SKU15721,38159,88,3357992,0.0657,220620.07,3137371.93,Bundle Promo,Yes,Transfer,3
TRX2021114153,23/08/2021,Semarang,Central Java,Semarang,General Trade,PT Maju Jaya Distribusi,OUT4771,Online Store,SP547,Beverages, Nutri Grain Drink ,SKU15195,14515,2,29030,0.0965,2801.39,26228.6,Bundle Promo,No,Credit Term,4
TRX2021728759,2021-06-04,Yogyakarta,DI Yogyakarta,Yogyakarta,Distributor,PT Maju Jaya Distribusi,OUT2542,Online Store,SP397,Snacks,Crunchy Bite,SKU63242,42448,143,6070064,0.0959,582119.14,5487944.86,Bundle Promo,No,Cash,5
TRX2021822567,08/03/2021,Makassar,South Sulawesi,Makassar,Modern Trade,PT Global Snack Dist,OUT4465,Online Store,SP742,Beverages,Choco Malt Drink,SKU93411,32626,41,1337666,0.1334,178444.64,1159221.36,Retail Discount,No,Cash,9
TRX2021526091,12/03/2021,Palembang,South Sumatra,Palembang,Distributor,,OUT9178,Online Store,SP537,Nuts, Honey Roasted Peanut ,SKU66706,12924,15,193860,0.1866,36174.28,157685.72,Seasonal Promo,No,Transfer,4
TRX2021307954,2021-01-31,Jakarta,DKI Jakarta,Jakarta,General Trade,PT Maju Jaya Distribusi,OUT4532,Minimarket,SP662,Candy,Mint Pop Candy,SKU12699,16361,69,1128909,0.025,28222.73,1100686.27,Bundle Promo,No,Cash,6
TRX2021131711,2021-10-26,Makassar,South Sulawesi,Makassar,Distributor,PT Maju Jaya Distribusi,OUT1567,Online Store,SP565,Snacks,Spicy Curl,SKU29455,34782,24,834768,0.2051,171210.92,663557.08,Seasonal Promo,No,Transfer,11
TRX2021694818,23/07/2021,Semarang,Central Java,Semarang,Modern Trade,,OUT6596,Supermarket,SP461,Candy, Caramel Drop Candy ,SKU22995,8236,153,1260108,0.0702,88459.58,1171648.42,,No,Credit Term,2
TRX2021471101,19/07/2021,Jakarta,DKI Jakarta,Jakarta,General Trade,PT Global Snack Dist,OUT6682,Minimarket,SP799,Nuts,Salted Cashew Mix,SKU43225,11031,15,165465,0.2351,38900.82,126564.18,Retail Discount,No,Credit Term,4
TRX2021869500,2021-08-28,Surabaya,East Java,Surabaya,Distributor,PT Maju Jaya Distribusi,OUT9615,Online Store,SP391,Beverages, Energy Cocoa Drink ,SKU64336,45447,134,6089898,0.2147,1307501.1,4782396.9,Seasonal Promo,No,Credit Term,8
TRX2021280265,19/07/2021,Bandung,West Java,Bandung,Modern Trade,PT Maju Jaya Distribusi,OUT4136,Traditional Store,SP207,Beverages,Nutri Grain Drink,SKU94253,36267,182,6600594,0.0915,603954.35,5996639.65,None,No,Transfer,8
TRX2021815290,10/09/2021,Medan,North Sumatra,Medan,General Trade,PT Nusantara Supply,OUT1159,Traditional Store,SP506,Candy, Fruit Jelly Candy ,SKU74288,40154,6,240924,0.2317,55822.09,185101.91,Seasonal Promo,No,Cash,2
TRX2021200096,14/02/2021,Surabaya,East Java,Surabaya,Modern Trade,PT Global Snack Dist,OUT2879,Online Store,SP279,Beverages,Energy Cocoa Drink,SKU12492,19159,80,1532720,0.1725,264394.2,1268325.8,,No,Credit Term,11
TRX2021738575,07/07/2021,Semarang,Central Java,Semarang,E-commerce,PT Maju Jaya Distribusi,OUT2991,Online Store,SP469,Candy,Mint Pop Candy,SKU86126,25764,159,4096476,0.1814,743100.75,3353375.25,None,Yes,Credit Term,7
TRX2021573264,02/04/2021,Surabaya,East Java,Surabaya,E-commerce,PT Sinar Distribusi,OUT4799,Traditional Store,SP739,Nuts,Spicy Peanut Mix,SKU87177,20379,167,3403293,0.242,823596.91,2579696.09,,No,Credit Term,1
TRX2021941739,14/02/2021,Semarang,Central Java,Semarang,E-commerce,PT Sinar Distribusi,OUT2884,Minimarket,SP168,Biscuits,Butter Crunch Biscuit,SKU63461,30856,91,2807896,0.1528,429046.51,2378849.49,Retail Discount,No,Credit Term,4
TRX2021230748,2021-04-04,Makassar,South Sulawesi,Makassar,Distributor,PT Nusantara Supply,OUT9140,Traditional Store,SP539,Biscuits,Golden Cream Biscuit,SKU20189,43114,30,1293420,0.0783,101274.79,1192145.21,None,No,Cash,5
TRX2021881225,2021-07-05,Yogyakarta,DI Yogyakarta,Yogyakarta,General Trade,PT Nusantara Supply,OUT1561,Minimarket,SP252,Snacks,Spicy Curl,SKU72091,30255,38,1149690,0.2192,252012.05,897677.95,Retail Discount,No,Cash,3
TRX2021476602,2021-01-24,Surabaya,East Java,Surabaya,Modern Trade,PT Sinar Distribusi,OUT9520,Minimarket,SP278,Snacks,Spicy Curl,SKU85791,38299,192,7353408,0.1249,918440.66,6434967.34,Bundle Promo,No,Transfer,7
TRX2021980811,2021-06-07,Semarang,Central Java,Semarang,E-commerce,PT Global Snack Dist,OUT2259,Supermarket,SP581,Biscuits,Butter Crunch Biscuit,SKU59396,45370,129,5852730,0.2456,1437430.49,4415299.51,,No,Transfer,5
TRX2021673305,28/03/2021,Bandung,West Java,Bandung,Modern Trade,PT Sinar Distribusi,OUT1492,Online Store,SP655,Snacks,Savory Chips,SKU75717,43525,139,6049975,0.214,1294694.65,4755280.35,None,No,Cash,6
TRX2021712586,2021-10-02,Surabaya,East Java,Surabaya,Modern Trade,PT Maju Jaya Distribusi,OUT4486,Traditional Store,SP751,Biscuits,Butter Crunch Biscuit,SKU51751,3267,184,601128,0.1041,62577.42,538550.58,Retail Discount,No,Transfer,11
TRX2021549923,2021-08-05,Medan,North Sumatra,Medan,Modern Trade,PT Maju Jaya Distribusi,OUT1076,Traditional Store,SP280,Nuts,Salted Cashew Mix,SKU85503,15410,102,1571820,0.0052,8173.46,1563646.54,Seasonal Promo,No,Credit Term,1
TRX2021224337,2021-01-06,Semarang,Central Java,Semarang,General Trade,PT Global Snack Dist,OUT4333,Minimarket,SP956,Candy,Fruit Jelly Candy,SKU10183,48791,42,2049222,0.2345,480542.56,1568679.44,None,No,Cash,4
TRX2021953830,2021-12-26,Medan,North Sumatra,Medan,Distributor,PT Global Snack Dist,OUT5673,Traditional Store,SP597,Nuts,Salted Cashew Mix,SKU79841,21156,61,1290516,0.0629,81173.46,1209342.54,Bundle Promo,No,Credit Term,9
TRX2021556425,10/10/2021,Semarang,Central Java,Semarang,E-commerce,,OUT4721,Traditional Store,SP462,Candy,Mint Pop Candy,SKU66771,34916,121,4224836,0.0582,245885.46,3978950.54,Seasonal Promo,No,Transfer,7
TRX2021985049,08/04/2021,Palembang,South Sumatra,Palembang,E-commerce,,OUT8502,Traditional Store,SP736,Biscuits, Butter Crunch Biscuit ,SKU33460,27291,124,3384084,0.2149,727239.65,2656844.35,None,Yes,Credit Term,10
TRX2021143668,06/01/2021,Surabaya,East Java,Surabaya,Distributor,PT Maju Jaya Distribusi,OUT1791,Supermarket,SP734,Biscuits,Choco Delight Biscuit,SKU19041,39278,188,7384264,0.082,605509.65,6778754.35,,No,Cash,3
TRX2021869156,2021-09-10,Makassar,South Sulawesi,Makassar,Distributor,PT Global Snack Dist,OUT5276,Online Store,SP515,Snacks,Savory Chips,SKU77998,45360,180,8164800,0.2046,1670518.08,6494281.92,Seasonal Promo,No,Transfer,5
TRX2021824295,26/11/2021,Yogyakarta,DI Yogyakarta,Yogyakarta,E-commerce,,OUT5343,Online Store,SP570,Snacks,Spicy Curl,SKU99132,32152,80,2572160,0.0414,106487.42,2465672.58,,No,Transfer,7
TRX2021647680,2021-01-17,Yogyakarta,DI Yogyakarta,Yogyakarta,Modern Trade,,OUT9118,Minimarket,SP200,Snacks,Spicy Curl,SKU29194,36318,105,3813390,0.2379,907205.48,2906184.52,Bundle Promo,No,Transfer,10
TRX2021407241,2021-09-23,Makassar,South Sulawesi,Makassar,E-commerce,PT Sinar Distribusi,OUT2297,Online Store,SP103,Biscuits,Golden Cream Biscuit,SKU83383,45438,47,2135586,0.2287,488408.52,1647177.48,Seasonal Promo,No,Credit Term,3
TRX2021525589,2021-07-03,Yogyakarta,DI Yogyakarta,Yogyakarta,Modern Trade,PT Global Snack Dist,OUT6503,Minimarket,SP744,Beverages,Choco Malt Drink,SKU39180,11399,122,1390678,0.0918,127664.24,1263013.76,Retail Discount,No,Credit Term,4
TRX2021574522,2021-01-21,Jakarta,DKI Jakarta,Jakarta,Distributor,PT Sinar Distribusi,OUT8342,Supermarket,SP270,Biscuits,Golden Cream Biscuit,SKU78442,2394,115,275310,0.1798,49500.74,225809.26,Bundle Promo,No,Cash,2
TRX2021708102,22/05/2021,Medan,North Sumatra,Medan,E-commerce,PT Maju Jaya Distribusi,OUT6216,Minimarket,SP716,Snacks, Crunchy Bite ,SKU33014,8326,162,1348812,0.0745,100486.49,1248325.51,,No,Transfer,9
TRX2021675008,16/10/2021,Yogyakarta,DI Yogyakarta,Yogyakarta,E-commerce,PT Nusantara Supply,OUT6828,Online Store,SP133,Snacks,Crunchy Bite,SKU96827,15626,27,421902,0.0179,7552.05,414349.95,Seasonal Promo,No,Transfer,12
TRX2021665577,2021-12-19,Yogyakarta,DI Yogyakarta,Yogyakarta,General Trade,PT Sinar Distribusi,OUT5741,Traditional Store,SP792,Nuts,Salted Cashew Mix,SKU25973,40239,130,5231070,0.1279,669053.85,4562016.15,Bundle Promo,No,Transfer,13
TRX2021800955,2021-04-02,Makassar,South Sulawesi,Makassar,Distributor,,OUT6173,Supermarket,SP144,Beverages,Nutri Grain Drink,SKU50671,23971,64,1534144,0.0246,37739.94,1496404.06,,No,Cash,13
TRX2021872552,31/12/2021,Bandung,West Java,Bandung,Modern Trade,PT Sinar Distribusi,OUT1280,Online Store,SP616,Beverages, Choco Malt Drink ,SKU41510,37160,117,4347720,0.1444,627810.77,3719909.23,Retail Discount,No,Credit Term,2
TRX2021239626,2021-06-01,Bandung,West Java,Bandung,E-commerce,PT Nusantara Supply,OUT6048,Minimarket,SP196,Nuts,Spicy Peanut Mix,SKU86348,20749,156,3236844,0.231,747710.96,2489133.04,None,No,Credit Term,12
TRX2021323346,22/08/2021,Makassar,South Sulawesi,Makassar,General Trade,PT Global Snack Dist,OUT3316,Supermarket,SP678,Nuts,Salted Cashew Mix,SKU95018,13574,47,637978,0.1844,117643.14,520334.86,Seasonal Promo,No,Cash,3
TRX2021400301,2021-09-01,Palembang,South Sumatra,Palembang,Distributor,PT Maju Jaya Distribusi,OUT5359,Traditional Store,SP964,Beverages,Choco Malt Drink,SKU75875,21364,130,2777320,0.2453,681276.6,2096043.4,Retail Discount,No,Transfer,12
TRX2021700671,04/10/2021,Yogyakarta,DI Yogyakarta,Yogyakarta,Modern Trade,PT Sinar Distribusi,OUT5880,Supermarket,SP290,Beverages,Nutri Grain Drink,SKU84071,40365,111,4480515,0.1721,771096.63,3709418.37,None,No,Cash,3
TRX2021231987,2021-11-02,Jakarta,DKI Jakarta,Jakarta,General Trade,PT Global Snack Dist,OUT8758,Traditional Store,SP648,Nuts,Honey Roasted Peanut,SKU95797,3542,170,602140,0.2066,124402.12,477737.88,None,No,Cash,13
TRX2021220181,22/08/2021,Yogyakarta,DI Yogyakarta,Yogyakarta,E-commerce,,OUT8972,Supermarket,SP111,Beverages,Nutri Grain Drink,SKU49635,17025,164,2792100,0.1598,446177.58,2345922.42,Retail Discount,No,Credit Term,10
TRX2021117596,2021-10-20,Medan,North Sumatra,Medan,E-commerce,PT Nusantara Supply,OUT1224,Online Store,SP253,Candy,Mint Pop Candy,SKU82071,46140,182,8397480,0.2085,1750874.58,6646605.42,Retail Discount,No,Transfer,12
TRX2021487965,10/02/2021,Yogyakarta,DI Yogyakarta,Yogyakarta,Distributor,PT Global Snack Dist,OUT9268,Supermarket,SP722,Beverages,Choco Malt Drink,SKU44174,41324,127,5248148,0.1562,819760.72,4428387.28,Retail Discount,No,Credit Term,1
TRX2021135356,2021-12-16,Surabaya,East Java,Surabaya,Distributor,PT Sinar Distribusi,OUT8994,Supermarket,SP566,Nuts,Spicy Peanut Mix,SKU79936,9705,153,1484865,0.1569,232975.32,1251889.68,None,No,Transfer,4
TRX2021151516,21/07/2021,Bandung,West Java,Bandung,E-commerce,PT Maju Jaya Distribusi,OUT1428,Traditional Store,SP473,Biscuits,Choco Delight Biscuit,SKU95723,27285,146,3983610,0.0415,165319.82,3818290.19,,No,Credit Term,8
TRX2021176875,19/10/2021,Palembang,South Sumatra,Palembang,General Trade,PT Sinar Distribusi,OUT8022,Traditional Store,SP996,Biscuits,Golden Cream Biscuit,SKU50812,3554,12,42648,0.2101,8960.34,33687.66,None,No,Credit Term,2
TRX2021234292,2021-10-25,Palembang,South Sumatra,Palembang,E-commerce,PT Sinar Distribusi,OUT3507,Supermarket,SP808,Candy, Caramel Drop Candy ,SKU38805,15941,43,685463,0.0898,61554.58,623908.42,Retail Discount,No,Cash,13
TRX2021873408,2021-07-06,Semarang,Central Java,Semarang,Modern Trade,PT Nusantara Supply,OUT4201,Supermarket,SP717,Snacks,Savory Chips,SKU56478,49536,29,1436544,0.0867,124548.36,1311995.64,None,Yes,Credit Term,4
TRX2021956631,2021-03-12,Surabaya,East Java,Surabaya,Modern Trade,PT Global Snack Dist,OUT6344,Traditional Store,SP818,Candy,Mint Pop Candy,SKU85295,8088,33,266904,0.1029,27464.42,239439.58,Bundle Promo,No,Transfer,10
TRX2021193177,14/02/2021,Makassar,South Sulawesi,Makassar,Modern Trade,PT Nusantara Supply,OUT5857,Online Store,SP471,Snacks,Spicy Curl,SKU79837,15998,57,911886,0.2334,212834.19,699051.81,Retail Discount,No,Cash,7
TRX2021193538,30/09/2021,Yogyakarta,DI Yogyakarta,Yogyakarta,General Trade,PT Maju Jaya Distribusi,OUT6406,Online Store,SP247,Nuts,Honey Roasted Peanut,SKU21915,10325,165,1703625,0.1243,211760.59,1491864.41,Seasonal Promo,No,Transfer,2
TRX2021316698,20/09/2021,Makassar,South Sulawesi,Makassar,General Trade,PT Nusantara Supply,OUT8362,Traditional Store,SP319,Nuts,Spicy Peanut Mix,SKU83645,18123,193,3497739,0.0266,93039.86,3404699.14,,No,Credit Term,5
TRX2021568226,10/07/2021,Yogyakarta,DI Yogyakarta,Yogyakarta,E-commerce,,OUT5636,Minimarket,SP637,Candy,Mint Pop Candy,SKU58241,2426,82,198932,0.0138,2745.26,196186.74,,No,Credit Term,3
TRX2021136715,2021-11-01,Makassar,South Sulawesi,Makassar,General Trade,,OUT8937,Traditional Store,SP724,Snacks,Crunchy Bite,SKU23450,19421,152,2951992,0.0147,43394.28,2908597.72,Bundle Promo,No,Transfer,4
TRX2021208163,11/12/2021,Makassar,South Sulawesi,Makassar,Modern Trade,PT Maju Jaya Distribusi,OUT1888,Online Store,SP904,Biscuits,Golden Cream Biscuit,SKU47236,41526,162,6727212,0.0996,670030.32,6057181.68,Retail Discount,No,Credit Term,13
TRX2021331062,12/05/2021,Palembang,South Sumatra,Palembang,General Trade,PT Maju Jaya Distribusi,OUT5023,Supermarket,SP281,Candy,Mint Pop Candy,SKU45249,5858,195,1142310,0.1542,176144.2,966165.8,Seasonal Promo,No,Credit Term,3
TRX2021451745,2021-03-14,Surabaya,East Java,Surabaya,E-commerce,PT Sinar Distribusi,OUT9510,Online Store,SP600,Snacks,Spicy Curl,SKU14105,4514,190,857660,0.1705,146231.03,711428.97,Seasonal Promo,No,Transfer,5
TRX2021932465,2021-11-06,Bandung,West Java,Bandung,E-commerce,,OUT9424,Online Store,SP342,Nuts,Spicy Peanut Mix,SKU47712,26021,168,4371528,0.2326,1016817.41,3354710.59,Seasonal Promo,No,Credit Term,14
TRX2021397378,24/05/2021,Bandung,West Java,Bandung,Modern Trade,PT Nusantara Supply,OUT6214,Supermarket,SP531,Candy,Mint Pop Candy,SKU35689,41738,94,3923372,0.058,227555.58,3695816.42,Bundle Promo,No,Transfer,2
TRX2021532004,2021-11-26,Jakarta,DKI Jakarta,Jakarta,General Trade,,OUT1722,Supermarket,SP165,Nuts,Honey Roasted Peanut,SKU54205,4370,59,257830,0.0094,2423.6,255406.4,Bundle Promo,No,Transfer,6
TRX2021758600,17/01/2021,Jakarta,DKI Jakarta,Jakarta,Modern Trade,PT Nusantara Supply,OUT2340,Supermarket,SP546,Snacks,Spicy Curl,SKU21699,29628,35,1036980,0.1327,137607.25,899372.75,None,No,Credit Term,8
TRX2021242246,12/11/2021,Palembang,South Sumatra,Palembang,E-commerce,PT Global Snack Dist,OUT9838,Traditional Store,SP447,Nuts,Honey Roasted Peanut,SKU63178,4828,193,931804,0.0888,82744.2,849059.8,Seasonal Promo,No,Credit Term,9
TRX2021282124,24/12/2021,Yogyakarta,DI Yogyakarta,Yogyakarta,Modern Trade,PT Global Snack Dist,OUT7401,Traditional Store,SP454,Candy,Caramel Drop Candy,SKU42241,13346,97,1294562,0.1539,199233.09,1095328.91,,No,Credit Term,3
TRX2021271694,23/06/2021,Palembang,South Sumatra,Palembang,E-commerce,PT Sinar Distribusi,OUT2647,Online Store,SP746,Candy,Mint Pop Candy,SKU96296,49694,32,1590208,0.0686,109088.27,1481119.73,,No,Cash,10
TRX2021133422,04/10/2021,Medan,North Sumatra,Medan,E-commerce,PT Global Snack Dist,OUT5927,Online Store,SP837,Snacks,Crunchy Bite,SKU83994,5886,25,147150,0.1681,24735.92,122414.08,Seasonal Promo,No,Credit Term,1
TRX2021167546,2021-06-03,Yogyakarta,DI Yogyakarta,Yogyakarta,General Trade,PT Sinar Distribusi,OUT9655,Supermarket,SP590,Candy,Fruit Jelly Candy,SKU53725,44313,168,7444584,0.091,677457.14,6767126.86,Seasonal Promo,No,Transfer,6
TRX2021956800,2021-05-08,Palembang,South Sumatra,Palembang,Distributor,,OUT6655,Supermarket,SP713,Biscuits,Choco Delight Biscuit,SKU94237,38736,126,4880736,0.2243,1094749.08,3785986.92,Seasonal Promo,No,Transfer,5
TRX2021253645,2021-06-06,Bandung,West Java,Bandung,General Trade,PT Nusantara Supply,OUT4047,Minimarket,SP936,Nuts,Honey Roasted Peanut,SKU25265,34390,154,5296060,0.2472,1309186.03,3986873.97,Seasonal Promo,No,Credit Term,7
TRX2021423818,2021-01-17,Bandung,West Java,Bandung,E-commerce,PT Nusantara Supply,OUT9766,Supermarket,SP857,Snacks,Savory Chips,SKU96773,7355,14,102970,0.081,8340.57,94629.43,Retail Discount,No,Cash,4
TRX2021698170,29/10/2021,Makassar,South Sulawesi,Makassar,E-commerce,PT Maju Jaya Distribusi,OUT1533,Online Store,SP210,Snacks,Crunchy Bite,SKU87907,6204,3,18612,0.0308,573.25,18038.75,None,No,Cash,1
TRX2021341613,08/04/2021,Makassar,South Sulawesi,Makassar,Modern Trade,PT Sinar Distribusi,OUT6908,Traditional Store,SP654,Biscuits,Choco Delight Biscuit,SKU61752,27042,164,4434888,0.18,798279.84,3636608.16,,No,Credit Term,14
TRX2021411816,05/01/2021,Makassar,South Sulawesi,Makassar,Distributor,PT Sinar Distribusi,OUT8831,Traditional Store,SP602,Snacks,Savory Chips,SKU85342,4184,103,430952,0.1071,46154.96,384797.04,None,No,Cash,4
TRX2021904161,2021-02-05,Medan,North Sumatra,Medan,General Trade,PT Global Snack Dist,OUT2300,Minimarket,SP730,Candy,Fruit Jelly Candy,SKU64370,35343,2,70686,0.092,6503.11,64182.89,Seasonal Promo,No,Transfer,3
TRX2021466858,2021-11-04,Surabaya,East Java,Surabaya,General Trade,PT Maju Jaya Distribusi,OUT9942,Online Store,SP194,Snacks,Spicy Curl,SKU73569,37858,66,2498628,0.2105,525961.19,1972666.81,,Yes,Credit Term,9
TRX2021710035,2021-10-19,Jakarta,DKI Jakarta,Jakarta,E-commerce,PT Maju Jaya Distribusi,OUT4786,Supermarket,SP676,Beverages, Energy Cocoa Drink ,SKU25296,28492,87,2478804,0.2494,618213.72,1860590.28,,No,Credit Term,4
TRX2021243175,2021-05-24,Semarang,Central Java,Semarang,General Trade,,OUT5802,Online Store,SP136,Beverages,Energy Cocoa Drink,SKU30059,38602,37,1428274,0.1259,179819.7,1248454.3,Retail Discount,No,Cash,4
TRX2021919373,27/12/2021,Surabaya,East Java,Surabaya,Modern Trade,PT Maju Jaya Distribusi,OUT7435,Minimarket,SP585,Snacks, Spicy Curl ,SKU87022,22253,104,2314312,0.2047,473739.67,1840572.33,Seasonal Promo,No,Transfer,9
TRX2021851333,2021-04-17,Palembang,South Sumatra,Palembang,E-commerce,PT Nusantara Supply,OUT3623,Online Store,SP942,Beverages,Choco Malt Drink,SKU75081,37091,157,5823287,0.0414,241084.08,5582202.92,,No,Cash,7
TRX2021768766,19/02/2021,Jakarta,DKI Jakarta,Jakarta,Distributor,PT Sinar Distribusi,OUT3055,Minimarket,SP627,Beverages,Choco Malt Drink,SKU44368,23077,139,3207703,0.1318,422775.26,2784927.74,Seasonal Promo,No,Cash,8
TRX2021720786,05/03/2021,Medan,North Sumatra,Medan,Modern Trade,PT Global Snack Dist,OUT9625,Online Store,SP839,Biscuits,Golden Cream Biscuit,SKU17198,23806,191,4546946,0.1903,865283.82,3681662.18,Retail Discount,No,Transfer,5
TRX2021867305,18/08/2021,Bandung,West Java,Bandung,Modern Trade,PT Maju Jaya Distribusi,OUT6873,Traditional Store,SP279,Snacks,Crunchy Bite,SKU21893,14856,159,2362104,0.1886,445492.81,1916611.19,Retail Discount,No,Cash,8
TRX2021543472,07/11/2021,Makassar,South Sulawesi,Makassar,E-commerce,PT Nusantara Supply,OUT2751,Supermarket,SP116,Beverages,Energy Cocoa Drink,SKU84033,47029,40,1881160,0.2432,457498.11,1423661.89,None,No,Credit Term,8
TRX2021364846,2021-03-20,Jakarta,DKI Jakarta,Jakarta,Modern Trade,,OUT4705,Supermarket,SP516,Candy, Mint Pop Candy ,SKU10057,39656,4,158624,0.1932,30646.16,127977.84,None,No,Credit Term,2
TRX2021504161,28/02/2021,Medan,North Sumatra,Medan,E-commerce,PT Nusantara Supply,OUT3425,Online Store,SP550,Beverages,Energy Cocoa Drink,SKU98390,27107,14,379498,0.1801,68347.59,311150.41,,No,Transfer,4
TRX2021715635,2021-12-11,Palembang,South Sumatra,Palembang,Distributor,PT Nusantara Supply,OUT2992,Online Store,SP204,Beverages,Nutri Grain Drink,SKU41165,32745,115,3765675,0.0213,80208.88,3685466.12,Seasonal Promo,No,Credit Term,7
TRX2021131840,15/08/2021,Surabaya,East Java,Surabaya,General Trade,PT Sinar Distribusi,OUT8940,Traditional Store,SP519,Snacks,Spicy Curl,SKU64567,5103,81,413343,0.118,48774.47,364568.53,Retail Discount,No,Cash,9
TRX2021458901,03/03/2021,Bandung,West Java,Bandung,E-commerce,PT Maju Jaya Distribusi,OUT3267,Traditional Store,SP500,Nuts,Salted Cashew Mix,SKU49628,21028,144,3028032,0.1524,461472.08,2566559.92,Retail Discount,No,Credit Term,2
TRX2021715390,2021-05-28,Medan,North Sumatra,Medan,E-commerce,PT Nusantara Supply,OUT6963,Traditional Store,SP876,Beverages,Nutri Grain Drink,SKU90207,16487,46,758402,0.0377,28591.76,729810.24,Seasonal Promo,No,Credit Term,2
TRX2021847827,2021-02-25,Yogyakarta,DI Yogyakarta,Yogyakarta,Modern Trade,PT Sinar Distribusi,OUT7598,Online Store,SP934,Beverages,Nutri Grain Drink,SKU14824,27884,25,697100,0.0258,17985.18,679114.82,Retail Discount,No,Cash,7
TRX2021139199,2021-07-04,Semarang,Central Java,Semarang,Distributor,PT Sinar Distribusi,OUT5625,Online Store,SP726,Biscuits, Choco Delight Biscuit ,SKU36388,23612,45,1062540,0.153,162568.62,899971.38,,No,Cash,4
TRX2021874948,23/02/2021,Jakarta,DKI Jakarta,Jakarta,Distributor,PT Maju Jaya Distribusi,OUT8171,Online Store,SP678,Candy,Caramel Drop Candy,SKU45024,36142,61,2204662,0.1313,289472.12,1915189.88,Bundle Promo,No,Transfer,10
TRX2021467307,04/05/2021,Makassar,South Sulawesi,Makassar,General Trade,PT Nusantara Supply,OUT8008,Online Store,SP882,Snacks,Crunchy Bite,SKU14894,23327,44,1026388,0.1927,197784.97,828603.03,Bundle Promo,No,Credit Term,1
TRX2021134541,2021-10-09,Yogyakarta,DI Yogyakarta,Yogyakarta,Modern Trade,,OUT9670,Traditional Store,SP149,Beverages,Choco Malt Drink,SKU33123,19577,122,2388394,0.1528,364946.6,2023447.4,Retail Discount,No,Credit Term,9
TRX2021864934,23/08/2021,Palembang,South Sumatra,Palembang,General Trade,PT Global Snack Dist,OUT7672,Supermarket,SP288,Beverages,Energy Cocoa Drink,SKU81663,41800,106,4430800,0.2369,1049656.52,3381143.48,Bundle Promo,No,Cash,12
TRX2021495632,31/08/2021,Jakarta,DKI Jakarta,Jakarta,Modern Trade,PT Nusantara Supply,OUT5973,Minimarket,SP498,Biscuits,Choco Delight Biscuit,SKU45429,42919,97,4163143,0.2006,835126.49,3328016.51,Retail Discount,No,Cash,6
TRX2021275462,2021-01-26,Palembang,South Sumatra,Palembang,Distributor,PT Sinar Distribusi,OUT4180,Minimarket,SP643,Snacks,Crunchy Bite,SKU25957,49734,119,5918346,0.0582,344447.74,5573898.26,,No,Transfer,9
TRX2021840118,2021-04-28,Medan,North Sumatra,Medan,E-commerce,PT Maju Jaya Distribusi,OUT8048,Traditional Store,SP848,Beverages, Nutri Grain Drink ,SKU85351,24954,85,2121090,0.2226,472154.63,1648935.37,Bundle Promo,No,Cash,11
TRX2021322988,2021-12-04,Palembang,South Sumatra,Palembang,Distributor,PT Maju Jaya Distribusi,OUT1561,Supermarket,SP555,Beverages,Energy Cocoa Drink,SKU39819,9739,58,564862,0.1142,64507.24,500354.76,,No,Cash,1
TRX2021159524,07/03/2021,Medan,North Sumatra,Medan,General Trade,PT Nusantara Supply,OUT1526,Online Store,SP899,Beverages, Nutri Grain Drink ,SKU15728,35359,115,4066285,0.1912,777473.69,3288811.31,Bundle Promo,No,Credit Term,14
TRX2021523154,2021-02-09,Medan,North Sumatra,Medan,Modern Trade,PT Maju Jaya Distribusi,OUT3096,Traditional Store,SP147,Candy,Caramel Drop Candy,SKU91995,29665,120,3559800,0.0481,171226.38,3388573.62,Retail Discount,No,Credit Term,9
TRX2021304384,27/02/2021,Semarang,Central Java,Semarang,Distributor,PT Global Snack Dist,OUT6155,Online Store,SP578,Nuts, Spicy Peanut Mix ,SKU49830,5311,149,791339,0.0804,63623.66,727715.34,,No,Transfer,11
TRX2021872894,2021-09-01,Bandung,West Java,Bandung,Distributor,PT Global Snack Dist,OUT4848,Traditional Store,SP349,Nuts,Salted Cashew Mix,SKU72595,5999,149,893851,0.0606,54167.37,839683.63,Retail Discount,No,Credit Term,11
TRX2021906260,2021-12-11,Palembang,South Sumatra,Palembang,Modern Trade,PT Global Snack Dist,OUT6350,Supermarket,SP645,Snacks, Spicy Curl ,SKU66136,46417,140,6498380,0.0247,160509.99,6337870.01,None,No,Transfer,6
TRX2021299655,2021-06-11,Bandung,West Java,Bandung,Distributor,PT Maju Jaya Distribusi,OUT1680,Supermarket,SP111,Biscuits,Choco Delight Biscuit,SKU76483,9214,60,552840,0.0776,42900.38,509939.62,Seasonal Promo,No,Transfer,10
TRX2021859111,2021-05-01,Palembang,South Sumatra,Palembang,General Trade,PT Maju Jaya Distribusi,OUT5713,Online Store,SP176,Snacks,Crunchy Bite,SKU76642,38063,122,4643686,0.1727,801964.57,3841721.43,Bundle Promo,No,Transfer,4
TRX2021825173,2021-08-31,Palembang,South Sumatra,Palembang,E-commerce,PT Nusantara Supply,OUT5997,Traditional Store,SP804,Nuts,Salted Cashew Mix,SKU97042,24004,140,3360560,0.0039,13106.18,3347453.82,Bundle Promo,No,Transfer,13
TRX2021288969,31/01/2021,Makassar,South Sulawesi,Makassar,Distributor,PT Nusantara Supply,OUT1010,Supermarket,SP838,Snacks,Spicy Curl,SKU33006,10996,152,1671392,0.0772,129031.46,1542360.54,None,No,Cash,6
TRX2021694194,18/10/2021,Jakarta,DKI Jakarta,Jakarta,Modern Trade,PT Nusantara Supply,OUT4195,Traditional Store,SP783,Snacks,Crunchy Bite,SKU25946,35584,7,249088,0.2005,49942.14,199145.86,Bundle Promo,No,Transfer,2
TRX2021248560,2021-06-08,Semarang,Central Java,Semarang,Distributor,PT Nusantara Supply,OUT6784,Online Store,SP241,Snacks,Spicy Curl,SKU27233,14181,136,1928616,0.1112,214462.1,1714153.9,Seasonal Promo,No,Credit Term,3
TRX2021179321,2021-02-17,Yogyakarta,DI Yogyakarta,Yogyakarta,Modern Trade,PT Nusantara Supply,OUT3443,Online Store,SP399,Nuts,Salted Cashew Mix,SKU30126,9902,178,1762556,0.1806,318317.61,1444238.39,Bundle Promo,No,Credit Term,10
TRX2021884103,2021-01-19,Yogyakarta,DI Yogyakarta,Yogyakarta,E-commerce,PT Nusantara Supply,OUT9321,Traditional Store,SP355,Snacks,Savory Chips,SKU46815,44787,143,6404541,0.121,774949.46,5629591.54,Seasonal Promo,No,Cash,3
TRX2021724812,2021-08-27,Medan,North Sumatra,Medan,General Trade,PT Maju Jaya Distribusi,OUT7476,Online Store,SP566,Snacks,Spicy Curl,SKU33817,15715,39,612885,0.1685,103271.12,509613.88,,No,Cash,13
TRX2021129485,26/12/2021,Bandung,West Java,Bandung,E-commerce,,OUT4591,Supermarket,SP250,Nuts,Honey Roasted Peanut,SKU32371,35029,14,490406,0.2418,118580.17,371825.83,Seasonal Promo,No,Credit Term,9
TRX2021880519,11/12/2021,Surabaya,East Java,Surabaya,Distributor,,OUT4525,Minimarket,SP576,Snacks,Savory Chips,SKU29096,34718,85,2951030,0.1762,519971.49,2431058.51,Bundle Promo,No,Transfer,6
TRX2021423316,12/06/2021,Makassar,South Sulawesi,Makassar,Modern Trade,PT Maju Jaya Distribusi,OUT4600,Minimarket,SP944,Nuts,Salted Cashew Mix,SKU73106,36859,26,958334,0.1688,161766.78,796567.22,Bundle Promo,No,Transfer,14
TRX2021707502,03/12/2021,Surabaya,East Java,Surabaya,General Trade,,OUT4234,Supermarket,SP197,Candy, Mint Pop Candy ,SKU82223,32982,195,6431490,0.1263,812297.19,5619192.81,Retail Discount,No,Credit Term,7
TRX2021179061,2021-02-25,Surabaya,East Java,Surabaya,Modern Trade,PT Maju Jaya Distribusi,OUT1287,Online Store,SP492,Biscuits, Choco Delight Biscuit ,SKU26817,39767,86,3419962,0.2062,705196.16,2714765.84,,No,Transfer,5
TRX2021386738,26/10/2021,Makassar,South Sulawesi,Makassar,Distributor,PT Nusantara Supply,OUT6240,Minimarket,SP261,Candy,Mint Pop Candy,SKU66086,6703,4,26812,0.2034,5453.56,21358.44,Retail Discount,No,Transfer,4
TRX2021328902,26/04/2021,Jakarta,DKI Jakarta,Jakarta,Modern Trade,PT Sinar Distribusi,OUT3548,Minimarket,SP807,Biscuits,Golden Cream Biscuit,SKU62713,22404,10,224040,0.0488,10933.15,213106.85,Seasonal Promo,No,Transfer,2
TRX2021106404,25/12/2021,Medan,North Sumatra,Medan,General Trade,PT Global Snack Dist,OUT4924,Supermarket,SP261,Snacks,Spicy Curl,SKU90427,27040,54,1460160,0.1265,184710.24,1275449.76,None,No,Transfer,1
TRX2021294242,2021-01-28,Medan,North Sumatra,Medan,General Trade,PT Nusantara Supply,OUT2937,Supermarket,SP220,Beverages,Energy Cocoa Drink,SKU74275,47717,36,1717812,0.1346,231217.5,1486594.5,Retail Discount,No,Credit Term,2
TRX2021382089,2021-10-22,Semarang,Central Java,Semarang,Distributor,,OUT8999,Traditional Store,SP181,Beverages,Nutri Grain Drink,SKU48401,48512,78,3783936,0.1264,478289.51,3305646.49,Seasonal Promo,No,Transfer,2
TRX2021722074,2021-07-13,Yogyakarta,DI Yogyakarta,Yogyakarta,E-commerce,,OUT7579,Traditional Store,SP436,Candy,Caramel Drop Candy,SKU44658,27870,19,529530,0.2278,120626.93,408903.07,None,No,Cash,4
TRX2021641963,2021-10-03,Makassar,South Sulawesi,Makassar,E-commerce,,OUT4657,Online Store,SP878,Snacks, Crunchy Bite ,SKU74562,3025,36,108900,0.0266,2896.74,106003.26,,No,Cash,11
TRX2021225032,17/03/2021,Yogyakarta,DI Yogyakarta,Yogyakarta,General Trade,,OUT4857,Traditional Store,SP523,Snacks,Spicy Curl,SKU39008,34753,133,4622149,0.1798,831062.39,3791086.61,Retail Discount,No,Credit Term,2
TRX2021379098,2021-05-28,Surabaya,East Java,Surabaya,E-commerce,PT Sinar Distribusi,OUT8523,Online Store,SP907,Biscuits,Golden Cream Biscuit,SKU88946,47192,110,5191120,0.1497,777110.66,4414009.34,Bundle Promo,No,Transfer,11
TRX2021177146,17/01/2021,Surabaya,East Java,Surabaya,E-commerce,PT Maju Jaya Distribusi,OUT1998,Supermarket,SP186,Nuts,Salted Cashew Mix,SKU52655,20259,148,2998332,0.1751,525007.93,2473324.07,Bundle Promo,No,Credit Term,10
TRX2021244150,24/10/2021,Bandung,West Java,Bandung,E-commerce,PT Global Snack Dist,OUT8509,Online Store,SP294,Candy,Mint Pop Candy,SKU76288,34941,149,5206209,0.1751,911607.2,4294601.8,Retail Discount,No,Cash,2
TRX2021498599,20/06/2021,Palembang,South Sumatra,Palembang,Distributor,PT Sinar Distribusi,OUT1432,Traditional Store,SP846,Nuts,Honey Roasted Peanut,SKU29625,40021,47,1880987,0.168,316005.82,1564981.18,Seasonal Promo,No,Credit Term,7
TRX2021147018,16/02/2021,Medan,North Sumatra,Medan,Distributor,PT Nusantara Supply,OUT2066,Online Store,SP991,Candy,Caramel Drop Candy,SKU23962,26776,54,1445904,0.0108,15615.76,1430288.24,Seasonal Promo,No,Credit Term,13
TRX2021993323,22/03/2021,Semarang,Central Java,Semarang,E-commerce,PT Global Snack Dist,OUT9039,Supermarket,SP316,Snacks,Savory Chips,SKU54549,10913,146,1593298,0.1785,284403.69,1308894.31,None,No,Cash,12
TRX2021791352,2021-09-01,Surabaya,East Java,Surabaya,Modern Trade,PT Maju Jaya Distribusi,OUT3189,Traditional Store,SP416,Snacks,Savory Chips,SKU50066,39372,175,6890100,0.1964,1353215.64,5536884.36,Bundle Promo,No,Transfer,12
TRX2021552403,22/02/2021,Palembang,South Sumatra,Palembang,General Trade,PT Nusantara Supply,OUT4397,Minimarket,SP805,Snacks, Spicy Curl ,SKU51914,11285,125,1410625,0.2429,342640.81,1067984.19,Seasonal Promo,No,Transfer,14
TRX2021212937,13/02/2021,Makassar,South Sulawesi,Makassar,General Trade,PT Maju Jaya Distribusi,OUT3453,Supermarket,SP287,Snacks,Crunchy Bite,SKU15657,13239,111,1469529,0.2062,303016.88,1166512.12,Bundle Promo,No,Cash,4
TRX2021909316,2021-06-05,Semarang,Central Java,Semarang,General Trade,PT Global Snack Dist,OUT7541,Minimarket,SP471,Nuts,Salted Cashew Mix,SKU13389,22730,54,1227420,0.0077,9451.13,1217968.87,Bundle Promo,No,Credit Term,11
TRX2021689962,13/07/2021,Makassar,South Sulawesi,Makassar,E-commerce,PT Nusantara Supply,OUT8715,Supermarket,SP211,Beverages,Nutri Grain Drink,SKU56103,2851,64,182464,0.2302,42003.21,140460.79,None,No,Transfer,12
TRX2021231370,14/11/2021,Semarang,Central Java,Semarang,Modern Trade,PT Global Snack Dist,OUT8985,Online Store,SP267,Snacks,Savory Chips,SKU54193,37369,182,6801158,0.1656,1126271.76,5674886.24,Retail Discount,No,Transfer,9
TRX2021430310,2021-08-14,Surabaya,East Java,Surabaya,E-commerce,,OUT1980,Traditional Store,SP733,Snacks,Spicy Curl,SKU28920,10303,80,824240,0.0158,13022.99,811217.01,Retail Discount,No,Cash,7
TRX2021399302,2021-09-23,Yogyakarta,DI Yogyakarta,Yogyakarta,General Trade,PT Global Snack Dist,OUT2605,Supermarket,SP635,Candy,Mint Pop Candy,SKU72680,2853,189,539217,0.0255,13750.03,525466.97,Bundle Promo,No,Credit Term,2
TRX2021700774,2021-06-27,Jakarta,DKI Jakarta,Jakarta,General Trade,PT Global Snack Dist,OUT5279,Minimarket,SP173,Candy,Mint Pop Candy,SKU90666,6189,130,804570,0.153,123099.21,681470.79,Retail Discount,No,Credit Term,8
TRX2021718325,2021-01-25,Medan,North Sumatra,Medan,Modern Trade,PT Global Snack Dist,OUT9590,Minimarket,SP999,Snacks,Crunchy Bite,SKU61379,3621,107,387447,0.1544,59821.82,327625.18,None,No,Cash,6
TRX2021563863,27/07/2021,Semarang,Central Java,Semarang,Modern Trade,PT Nusantara Supply,OUT1648,Minimarket,SP373,Biscuits,Butter Crunch Biscuit,SKU91530,3430,18,61740,0.1194,7371.76,54368.24,Bundle Promo,No,Transfer,4
TRX2021422353,21/01/2021,Surabaya,East Java,Surabaya,Modern Trade,PT Maju Jaya Distribusi,OUT8662,Supermarket,SP855,Snacks,Savory Chips,SKU17898,21248,126,2677248,0.0123,32930.15,2644317.85,Seasonal Promo,No,Cash,2
TRX2021232876,18/11/2021,Surabaya,East Java,Surabaya,General Trade,PT Nusantara Supply,OUT8781,Supermarket,SP126,Snacks,Spicy Curl,SKU76361,31992,27,863784,0.0577,49840.34,813943.66,,No,Credit Term,5
TRX2021491701,07/11/2021,Semarang,Central Java,Semarang,Distributor,PT Global Snack Dist,OUT7711,Minimarket,SP421,Beverages,Energy Cocoa Drink,SKU69892,32686,179,5850794,0.1791,1047877.21,4802916.79,Bundle Promo,No,Credit Term,9
TRX2021857076,01/10/2021,Jakarta,DKI Jakarta,Jakarta,Distributor,PT Nusantara Supply,OUT2353,Traditional Store,SP969,Beverages,Choco Malt Drink,SKU23645,16968,149,2528232,0.0071,17950.45,2510281.55,,No,Cash,3
TRX2021834965,2021-08-29,Semarang,Central Java,Semarang,Distributor,PT Global Snack Dist,OUT5348,Traditional Store,SP933,Candy,Mint Pop Candy,SKU83034,23327,131,3055837,0.2293,700703.42,2355133.58,None,No,Cash,12
TRX2021504381,31/07/2021,Makassar,South Sulawesi,Makassar,Modern Trade,PT Maju Jaya Distribusi,OUT8231,Supermarket,SP700,Candy,Mint Pop Candy,SKU45188,26584,184,4891456,0.1816,888288.41,4003167.59,Retail Discount,No,Cash,5
TRX2021247101,2021-10-27,Yogyakarta,DI Yogyakarta,Yogyakarta,Distributor,PT Nusantara Supply,OUT7013,Online Store,SP416,Nuts,Spicy Peanut Mix,SKU85543,27977,30,839310,0.0035,2937.59,836372.42,None,No,Cash,11
TRX2021264944,06/04/2021,Surabaya,East Java,Surabaya,Distributor,PT Maju Jaya Distribusi,OUT5102,Supermarket,SP474,Candy,Fruit Jelly Candy,SKU12893,31708,162,5136696,0.0108,55476.32,5081219.68,Retail Discount,No,Transfer,10
TRX2021287724,2021-02-16,Surabaya,East Java,Surabaya,General Trade,PT Sinar Distribusi,OUT6921,Supermarket,SP157,Biscuits,Butter Crunch Biscuit,SKU67949,47235,27,1275345,0.0786,100242.12,1175102.88,Bundle Promo,No,Credit Term,3
TRX2021862852,2021-09-02,Medan,North Sumatra,Medan,E-commerce,PT Sinar Distribusi,OUT2873,Minimarket,SP300,Beverages, Energy Cocoa Drink ,SKU30217,41554,81,3365874,0.0626,210703.71,3155170.29,Bundle Promo,No,Transfer,6
TRX2021139060,02/03/2021,Surabaya,East Java,Surabaya,Modern Trade,,OUT1971,Online Store,SP568,Beverages,Nutri Grain Drink,SKU84527,20417,59,1204603,0.0176,21201.01,1183401.99,Bundle Promo,No,Cash,13
TRX2021703657,2021-07-15,Bandung,West Java,Bandung,Modern Trade,PT Maju Jaya Distribusi,OUT2156,Supermarket,SP276,Biscuits,Choco Delight Biscuit,SKU17966,9946,69,686274,0.0462,31705.86,654568.14,Retail Discount,No,Transfer,2
TRX2021225471,2021-01-31,Semarang,Central Java,Semarang,General Trade,PT Maju Jaya Distribusi,OUT8985,Traditional Store,SP803,Beverages,Choco Malt Drink,SKU58593,9829,192,1887168,0.2276,429519.44,1457648.56,Bundle Promo,No,Credit Term,4
TRX2021724573,22/08/2021,Bandung,West Java,Bandung,Modern Trade,,OUT2076,Minimarket,SP750,Snacks,Spicy Curl,SKU94479,39461,184,7260824,0.0609,442184.18,6818639.82,Bundle Promo,No,Transfer,5
TRX2021601284,22/08/2021,Makassar,South Sulawesi,Makassar,General Trade,PT Global Snack Dist,OUT5995,Supermarket,SP445,Candy, Caramel Drop Candy ,SKU24644,33168,124,4112832,0.125,514104.0,3598728.0,Seasonal Promo,No,Credit Term,5
TRX2021926364,20/05/2021,Surabaya,East Java,Surabaya,Distributor,PT Nusantara Supply,OUT7735,Online Store,SP885,Biscuits,Butter Crunch Biscuit,SKU86823,43963,109,4791967,0.1508,722628.62,4069338.38,,No,Cash,13
TRX2021952347,27/10/2021,Medan,North Sumatra,Medan,General Trade,PT Nusantara Supply,OUT7497,Online Store,SP587,Nuts,Salted Cashew Mix,SKU72162,10573,159,1681107,0.0826,138859.44,1542247.56,Retail Discount,No,Credit Term,14
TRX2021116592,2021-08-25,Bandung,West Java,Bandung,Modern Trade,,OUT9315,Online Store,SP146,Candy,Mint Pop Candy,SKU51561,30505,141,4301205,0.2168,932501.24,3368703.76,None,No,Cash,2
TRX2021512185,2021-10-05,Surabaya,East Java,Surabaya,Distributor,PT Global Snack Dist,OUT1542,Traditional Store,SP701,Snacks,Spicy Curl,SKU91858,36910,193,7123630,0.1133,807107.28,6316522.72,Retail Discount,No,Credit Term,14
TRX2021767523,13/09/2021,Jakarta,DKI Jakarta,Jakarta,General Trade,PT Global Snack Dist,OUT4084,Supermarket,SP238,Candy,Fruit Jelly Candy,SKU38921,5958,184,1096272,0.2497,273739.12,822532.88,,No,Cash,7
TRX2021123890,2021-05-19,Semarang,Central Java,Semarang,General Trade,PT Global Snack Dist,OUT2073,Traditional Store,SP922,Beverages,Choco Malt Drink,SKU30149,12957,45,583065,0.0184,10728.4,572336.6,,Yes,Transfer,9
TRX2021395565,17/03/2021,Semarang,Central Java,Semarang,Distributor,PT Nusantara Supply,OUT3818,Supermarket,SP857,Nuts,Honey Roasted Peanut,SKU97968,3352,113,378776,0.1308,49543.9,329232.1,Retail Discount,No,Credit Term,4
TRX2021639266,30/06/2021,Bandung,West Java,Bandung,Distributor,PT Maju Jaya Distribusi,OUT9521,Online Store,SP582,Snacks,Spicy Curl,SKU74058,15286,124,1895464,0.0908,172108.13,1723355.87,Retail Discount,No,Credit Term,12
TRX2021628983,2021-12-26,Makassar,South Sulawesi,Makassar,Modern Trade,PT Global Snack Dist,OUT9181,Online Store,SP876,Beverages,Energy Cocoa Drink,SKU17538,6011,70,420770,0.1812,76243.52,344526.48,None,No,Transfer,9
TRX2021816886,2021-01-05,Makassar,South Sulawesi,Makassar,General Trade,,OUT4751,Minimarket,SP955,Nuts,Salted Cashew Mix,SKU11542,24087,165,3974355,0.1023,406576.52,3567778.48,,No,Cash,11
TRX2021659697,11/09/2021,Medan,North Sumatra,Medan,E-commerce,PT Sinar Distribusi,OUT3861,Online Store,SP670,Snacks, Spicy Curl ,SKU16231,9695,13,126035,0.1457,18363.3,107671.7,Bundle Promo,No,Transfer,4
TRX2021944951,19/01/2021,Medan,North Sumatra,Medan,General Trade,PT Nusantara Supply,OUT5354,Traditional Store,SP784,Beverages,Energy Cocoa Drink,SKU80252,3560,73,259880,0.1594,41424.87,218455.13,Retail Discount,No,Cash,4
TRX2021712212,2021-11-10,Palembang,South Sumatra,Palembang,E-commerce,PT Sinar Distribusi,OUT5830,Supermarket,SP333,Beverages,Choco Malt Drink,SKU91883,19653,48,943344,0.0399,37639.43,905704.57,Seasonal Promo,No,Cash,4
TRX2021364668,2021-10-09,Palembang,South Sumatra,Palembang,General Trade,PT Sinar Distribusi,OUT5347,Minimarket,SP910,Biscuits, Choco Delight Biscuit ,SKU10000,45123,192,8663616,0.1791,1551653.63,7111962.37,Retail Discount,No,Credit Term,12
TRX2021976619,2021-06-30,Semarang,Central Java,Semarang,E-commerce,PT Nusantara Supply,OUT8856,Supermarket,SP577,Snacks,Spicy Curl,SKU87051,43644,194,8466936,0.2314,1959248.99,6507687.01,Retail Discount,No,Credit Term,9
TRX2021123999,2021-01-10,Medan,North Sumatra,Medan,E-commerce,PT Maju Jaya Distribusi,OUT7078,Traditional Store,SP395,Candy,Fruit Jelly Candy,SKU42287,2781,192,533952,0.2261,120726.55,413225.45,Bundle Promo,No,Credit Term,7
TRX2021728907,2021-10-22,Palembang,South Sumatra,Palembang,Modern Trade,,OUT3477,Minimarket,SP280,Beverages, Choco Malt Drink ,SKU83016,39868,161,6418748,0.0893,573194.2,5845553.8,Bundle Promo,No,Credit Term,14
TRX2021753928,2021-12-31,Medan,North Sumatra,Medan,Distributor,PT Global Snack Dist,OUT2393,Minimarket,SP305,Beverages,Nutri Grain Drink,SKU38479,38122,107,4079054,0.1035,422182.09,3656871.91,Bundle Promo,No,Credit Term,9
TRX2021130996,2021-02-26,Jakarta,DKI Jakarta,Jakarta,Distributor,,OUT5013,Supermarket,SP771,Snacks,Savory Chips,SKU73774,44905,120,5388600,0.1355,730155.3,4658444.7,Retail Discount,No,Cash,6
TRX2021342862,2021-03-21,Bandung,West Java,Bandung,General Trade,PT Sinar Distribusi,OUT7832,Online Store,SP949,Snacks,Crunchy Bite,SKU45321,8707,106,922942,0.2335,215506.96,707435.04,,No,Credit Term,11
TRX2021520873,03/01/2021,Bandung,West Java,Bandung,Distributor,PT Nusantara Supply,OUT6373,Online Store,SP238,Beverages,Energy Cocoa Drink,SKU32269,5761,143,823823,0.0582,47946.5,775876.5,Retail Discount,No,Credit Term,3
TRX2021877610,15/02/2021,Medan,North Sumatra,Medan,Distributor,,OUT2378,Minimarket,SP939,Biscuits, Golden Cream Biscuit ,SKU73027,47242,184,8692528,0.1533,1332564.54,7359963.46,None,No,Credit Term,6
TRX2021701463,01/01/2021,Bandung,West Java,Bandung,Distributor,PT Global Snack Dist,OUT9234,Traditional Store,SP234,Biscuits,Golden Cream Biscuit,SKU64795,16597,185,3070445,0.038,116676.91,2953768.09,Retail Discount,Yes,Credit Term,9
TRX2021451029,06/04/2021,Palembang,South Sumatra,Palembang,E-commerce,PT Sinar Distribusi,OUT4296,Minimarket,SP856,Nuts,Spicy Peanut Mix,SKU76102,8967,162,1452654,0.021,30505.73,1422148.27,,No,Credit Term,5
TRX2021812676,06/10/2021,Bandung,West Java,Bandung,E-commerce,PT Maju Jaya Distribusi,OUT1919,Traditional Store,SP685,Beverages,Nutri Grain Drink,SKU83685,18857,4,75428,0.2172,16382.96,59045.04,,No,Credit Term,9
TRX2021697948,2021-07-19,Bandung,West Java,Bandung,General Trade,PT Nusantara Supply,OUT3529,Traditional Store,SP381,Snacks,Savory Chips,SKU39239,26948,74,1994152,0.0313,62416.96,1931735.04,Bundle Promo,No,Cash,12
TRX2021809112,20/10/2021,Palembang,South Sumatra,Palembang,General Trade,PT Maju Jaya Distribusi,OUT7646,Online Store,SP137,Nuts,Honey Roasted Peanut,SKU20149,19955,23,458965,0.1584,72700.06,386264.94,Retail Discount,No,Credit Term,12
TRX2021721733,2021-01-24,Semarang,Central Java,Semarang,Modern Trade,PT Sinar Distribusi,OUT9723,Supermarket,SP727,Candy, Caramel Drop Candy ,SKU60971,43821,134,5872014,0.188,1103938.63,4768075.37,Retail Discount,No,Cash,7
TRX2021119520,2021-06-01,Semarang,Central Java,Semarang,General Trade,PT Sinar Distribusi,OUT5960,Traditional Store,SP509,Beverages,Energy Cocoa Drink,SKU85250,42728,172,7349216,0.2397,1761607.08,5587608.92,,No,Transfer,8
TRX2021344887,17/10/2021,Bandung,West Java,Bandung,General Trade,PT Sinar Distribusi,OUT9678,Supermarket,SP772,Candy,Fruit Jelly Candy,SKU54082,5359,157,841363,0.0451,37945.47,803417.53,None,No,Cash,8
TRX2021164156,14/01/2021,Palembang,South Sumatra,Palembang,Modern Trade,PT Global Snack Dist,OUT3484,Online Store,SP938,Nuts,Honey Roasted Peanut,SKU20697,25836,177,4572972,0.0604,276207.51,4296764.49,Seasonal Promo,No,Credit Term,9
TRX2021290083,2021-11-30,Palembang,South Sumatra,Palembang,Distributor,PT Global Snack Dist,OUT4746,Supermarket,SP687,Nuts,Spicy Peanut Mix,SKU70172,14986,186,2787396,0.1422,396367.71,2391028.29,Seasonal Promo,No,Transfer,2
TRX2021244023,14/08/2021,Jakarta,DKI Jakarta,Jakarta,General Trade,PT Nusantara Supply,OUT6407,Online Store,SP682,Snacks,Spicy Curl,SKU57111,5256,168,883008,0.0264,23311.41,859696.59,Seasonal Promo,No,Cash,9
TRX2021332661,25/03/2021,Palembang,South Sumatra,Palembang,Modern Trade,PT Sinar Distribusi,OUT7092,Minimarket,SP312,Candy,Fruit Jelly Candy,SKU73402,25383,105,2665215,0.0868,231340.66,2433874.34,None,No,Credit Term,11
TRX2021457145,05/11/2021,Yogyakarta,DI Yogyakarta,Yogyakarta,General Trade,PT Nusantara Supply,OUT9558,Minimarket,SP396,Biscuits, Butter Crunch Biscuit ,SKU21592,33289,46,1531294,0.013,19906.82,1511387.18,None,No,Cash,9
TRX2021680892,01/03/2021,Bandung,West Java,Bandung,Modern Trade,,OUT2499,Traditional Store,SP575,Nuts,Honey Roasted Peanut,SKU26476,37922,189,7167258,0.1875,1343860.88,5823397.12,Seasonal Promo,No,Transfer,12
TRX2021226206,21/08/2021,Surabaya,East Java,Surabaya,General Trade,,OUT6293,Online Store,SP145,Candy,Mint Pop Candy,SKU21607,11317,104,1176968,0.1009,118756.07,1058211.93,None,No,Cash,11
TRX2021585396,26/06/2021,Medan,North Sumatra,Medan,Distributor,,OUT9364,Traditional Store,SP554,Candy,Mint Pop Candy,SKU98771,24494,177,4335438,0.2204,955530.54,3379907.46,,No,Transfer,11
TRX2021933402,28/01/2021,Semarang,Central Java,Semarang,E-commerce,PT Global Snack Dist,OUT6188,Minimarket,SP158,Nuts,Spicy Peanut Mix,SKU53297,41346,109,4506714,0.0652,293837.75,4212876.25,,Yes,Credit Term,10
TRX2021382858,18/12/2021,Makassar,South Sulawesi,Makassar,E-commerce,PT Global Snack Dist,OUT1246,Traditional Store,SP177,Biscuits,Golden Cream Biscuit,SKU69347,22612,8,180896,0.2234,40412.17,140483.83,None,No,Credit Term,5
TRX2021856085,2021-07-18,Semarang,Central Java,Semarang,General Trade,,OUT1308,Supermarket,SP115,Beverages, Nutri Grain Drink ,SKU61011,17174,54,927396,0.0141,13076.28,914319.72,,No,Credit Term,10
TRX2021783532,2021-05-10,Surabaya,East Java,Surabaya,General Trade,PT Sinar Distribusi,OUT6028,Online Store,SP874,Candy,Caramel Drop Candy,SKU29727,2707,52,140764,0.1099,15469.96,125294.04,,No,Transfer,3
TRX2021122390,2021-09-26,Semarang,Central Java,Semarang,Modern Trade,PT Maju Jaya Distribusi,OUT9252,Traditional Store,SP343,Candy,Mint Pop Candy,SKU20308,34644,73,2529012,0.2494,630735.59,1898276.41,Bundle Promo,No,Cash,4
TRX2021825150,28/08/2021,Bandung,West Java,Bandung,E-commerce,PT Maju Jaya Distribusi,OUT1658,Online Store,SP347,Beverages,Choco Malt Drink,SKU99194,14458,53,766274,0.2314,177315.8,588958.2,Seasonal Promo,No,Transfer,4
TRX2021326364,13/01/2021,Makassar,South Sulawesi,Makassar,Modern Trade,PT Sinar Distribusi,OUT9072,Online Store,SP367,Candy,Caramel Drop Candy,SKU30587,42704,25,1067600,0.1933,206367.08,861232.92,Seasonal Promo,No,Cash,8
TRX2021550666,20/06/2021,Makassar,South Sulawesi,Makassar,E-commerce,PT Sinar Distribusi,OUT9713,Supermarket,SP736,Biscuits,Butter Crunch Biscuit,SKU96688,48049,67,3219283,0.1619,521201.92,2698081.08,Bundle Promo,No,Cash,9
TRX2021210307,2021-01-08,Semarang,Central Java,Semarang,Modern Trade,,OUT7190,Minimarket,SP574,Biscuits,Choco Delight Biscuit,SKU54833,24477,15,367155,0.0522,19165.49,347989.51,Bundle Promo,No,Credit Term,2
TRX2021587189,2021-10-07,Bandung,West Java,Bandung,Modern Trade,PT Nusantara Supply,OUT2402,Supermarket,SP637,Beverages,Nutri Grain Drink,SKU58642,25913,149,3861037,0.1383,533981.42,3327055.58,None,No,Transfer,14
TRX2021238620,22/12/2021,Semarang,Central Java,Semarang,General Trade,PT Maju Jaya Distribusi,OUT2520,Supermarket,SP229,Biscuits, Golden Cream Biscuit ,SKU45152,35892,109,3912228,0.0863,337625.28,3574602.72,None,No,Cash,6
TRX2021601928,2021-11-05,Bandung,West Java,Bandung,Modern Trade,PT Global Snack Dist,OUT3198,Supermarket,SP273,Nuts,Spicy Peanut Mix,SKU64404,26020,182,4735640,0.1087,514764.07,4220875.93,,No,Cash,10
TRX2021459543,09/02/2021,Palembang,South Sumatra,Palembang,Distributor,PT Sinar Distribusi,OUT1466,Minimarket,SP786,Nuts,Honey Roasted Peanut,SKU25481,4938,82,404916,0.23,93130.68,311785.32,Seasonal Promo,No,Transfer,8
TRX2021728944,2021-08-22,Surabaya,East Java,Surabaya,Modern Trade,PT Global Snack Dist,OUT2778,Supermarket,SP640,Candy, Caramel Drop Candy ,SKU90289,14204,30,426120,0.001,426.12,425693.88,,No,Credit Term,12
TRX2021608539,06/10/2021,Yogyakarta,DI Yogyakarta,Yogyakarta,General Trade,PT Sinar Distribusi,OUT7384,Supermarket,SP115,Snacks,Spicy Curl,SKU10918,5357,181,969617,0.0295,28603.7,941013.3,Bundle Promo,Yes,Credit Term,13
TRX2021816886,30/06/2021,Medan,North Sumatra,Medan,General Trade,,OUT5011,Minimarket,SP142,Nuts,Honey Roasted Peanut,SKU16730,36309,134,4865406,0.091,442751.95,4422654.05,Seasonal Promo,No,Credit Term,11
TRX2021513545,09/02/2021,Yogyakarta,DI Yogyakarta,Yogyakarta,Distributor,PT Global Snack Dist,OUT1783,Traditional Store,SP409,Beverages, Energy Cocoa Drink ,SKU83091,25996,137,3561452,0.1942,691633.98,2869818.02,Retail Discount,No,Credit Term,9
TRX2021529734,21/10/2021,Palembang,South Sumatra,Palembang,Distributor,PT Global Snack Dist,OUT8581,Traditional Store,SP208,Beverages,Energy Cocoa Drink,SKU11767,34387,75,2579025,0.194,500330.85,2078694.15,,No,Credit Term,12
TRX2021978491,2021-02-13,Semarang,Central Java,Semarang,Modern Trade,,OUT7937,Traditional Store,SP492,Nuts,Spicy Peanut Mix,SKU36157,31735,151,4791985,0.1826,875016.46,3916968.54,,No,Credit Term,5
TRX2021849286,10/12/2021,Surabaya,East Java,Surabaya,Distributor,,OUT8276,Minimarket,SP923,Beverages,Choco Malt Drink,SKU43588,47682,104,4958928,0.138,684332.06,4274595.94,None,No,Transfer,5
TRX2021222685,2021-12-30,Jakarta,DKI Jakarta,Jakarta,Distributor,,OUT5407,Online Store,SP177,Snacks,Crunchy Bite,SKU73629,43122,2,86244,0.0117,1009.05,85234.95,Retail Discount,No,Cash,6
TRX2021303983,2021-02-01,Medan,North Sumatra,Medan,General Trade,PT Nusantara Supply,OUT4978,Minimarket,SP398,Snacks,Crunchy Bite,SKU58642,29653,82,2431546,0.0779,189417.43,2242128.57,Bundle Promo,No,Cash,1
TRX2021915678,26/05/2021,Palembang,South Sumatra,Palembang,Distributor,,OUT1923,Minimarket,SP124,Candy,Fruit Jelly Candy,SKU58683,11919,30,357570,0.1767,63182.62,294387.38,Retail Discount,No,Credit Term,12
TRX2021359774,2021-09-07,Semarang,Central Java,Semarang,Distributor,PT Nusantara Supply,OUT3137,Minimarket,SP523,Snacks,Crunchy Bite,SKU11450,26307,12,315684,0.1693,53445.3,262238.7,Seasonal Promo,No,Transfer,13
TRX2021981737,24/03/2021,Yogyakarta,DI Yogyakarta,Yogyakarta,E-commerce,,OUT8568,Minimarket,SP994,Nuts,Spicy Peanut Mix,SKU27047,18600,130,2418000,0.1099,265738.2,2152261.8,Bundle Promo,No,Cash,12
TRX2021401983,12/03/2021,Palembang,South Sumatra,Palembang,Modern Trade,PT Maju Jaya Distribusi,OUT2237,Online Store,SP926,Biscuits,Choco Delight Biscuit,SKU36598,37204,17,632468,0.0977,61792.12,570675.88,Seasonal Promo,No,Cash,9
TRX2021876355,2021-09-01,Jakarta,DKI Jakarta,Jakarta,E-commerce,,OUT6777,Traditional Store,SP598,Nuts,Honey Roasted Peanut,SKU54797,45124,17,767108,0.0272,20865.34,746242.66,None,No,Transfer,2
TRX2021558056,19/01/2021,Jakarta,DKI Jakarta,Jakarta,E-commerce,PT Maju Jaya Distribusi,OUT8636,Supermarket,SP979,Candy,Fruit Jelly Candy,SKU22068,3346,189,632394,0.1721,108835.01,523558.99,None,No,Credit Term,5
TRX2021377966,2021-12-13,Medan,North Sumatra,Medan,Modern Trade,PT Sinar Distribusi,OUT4418,Traditional Store,SP144,Snacks,Spicy Curl,SKU83133,17851,107,1910057,0.25,477514.25,1432542.75,Bundle Promo,No,Credit Term,5
TRX2021917076,2021-06-16,Palembang,South Sumatra,Palembang,General Trade,PT Sinar Distribusi,OUT4810,Minimarket,SP514,Biscuits,Golden Cream Biscuit,SKU79563,13235,90,1191150,0.1187,141389.51,1049760.5,Retail Discount,No,Credit Term,2
TRX2021124283,02/02/2021,Yogyakarta,DI Yogyakarta,Yogyakarta,Modern Trade,PT Global Snack Dist,OUT7722,Minimarket,SP180,Nuts,Salted Cashew Mix,SKU74366,29939,198,5927922,0.1418,840579.34,5087342.66,Seasonal Promo,No,Cash,14
TRX2021274112,2021-08-30,Yogyakarta,DI Yogyakarta,Yogyakarta,General Trade,PT Global Snack Dist,OUT6634,Minimarket,SP744,Candy,Mint Pop Candy,SKU77378,9241,178,1644898,0.1417,233082.05,1411815.95,Bundle Promo,No,Credit Term,5
TRX2021589294,2021-03-22,Yogyakarta,DI Yogyakarta,Yogyakarta,E-commerce,PT Maju Jaya Distribusi,OUT3717,Supermarket,SP383,Candy, Fruit Jelly Candy ,SKU41929,17664,17,300288,0.2149,64531.89,235756.11,,No,Cash,10
TRX2021361123,21/05/2021,Bandung,West Java,Bandung,Distributor,PT Sinar Distribusi,OUT4394,Minimarket,SP132,Candy,Mint Pop Candy,SKU40938,42925,200,8585000,0.0607,521109.5,8063890.5,None,No,Credit Term,5
TRX2021545230,2021-06-17,Jakarta,DKI Jakarta,Jakarta,Modern Trade,PT Sinar Distribusi,OUT9623,Online Store,SP796,Snacks,Savory Chips,SKU15219,38678,110,4254580,0.1176,500338.61,3754241.39,Seasonal Promo,Yes,Transfer,8
TRX2021555352,2021-05-20,Makassar,South Sulawesi,Makassar,Modern Trade,PT Global Snack Dist,OUT3812,Minimarket,SP169,Snacks, Crunchy Bite ,SKU71783,43044,132,5681808,0.1616,918180.17,4763627.83,None,No,Credit Term,1
TRX2021103215,26/10/2021,Surabaya,East Java,Surabaya,E-commerce,PT Sinar Distribusi,OUT1902,Supermarket,SP912,Snacks,Crunchy Bite,SKU45487,31482,185,5824170,0.0555,323241.43,5500928.57,Retail Discount,No,Credit Term,3
TRX2021328210,2021-11-24,Jakarta,DKI Jakarta,Jakarta,Distributor,PT Global Snack Dist,OUT5304,Traditional Store,SP960,Candy,Mint Pop Candy,SKU95131,5882,74,435268,0.1632,71035.74,364232.26,Bundle Promo,No,Transfer,2
TRX2021118085,2021-08-16,Palembang,South Sumatra,Palembang,General Trade,PT Global Snack Dist,OUT1220,Online Store,SP879,Nuts,Spicy Peanut Mix,SKU52366,12619,61,769759,0.15,115463.85,654295.15,Retail Discount,No,Transfer,8
TRX2021538605,09/09/2021,Jakarta,DKI Jakarta,Jakarta,Distributor,,OUT8133,Traditional Store,SP716,Candy,Caramel Drop Candy,SKU50541,23725,149,3535025,0.0913,322747.78,3212277.22,None,No,Transfer,5
TRX2021286737,06/11/2021,Bandung,West Java,Bandung,Distributor,PT Global Snack Dist,OUT2024,Traditional Store,SP445,Biscuits,Golden Cream Biscuit,SKU15359,32780,156,5113680,0.2071,1059043.13,4054636.87,,No,Transfer,11
TRX2021835754,28/07/2021,Palembang,South Sumatra,Palembang,General Trade,,OUT1855,Traditional Store,SP779,Snacks,Crunchy Bite,SKU90756,12268,53,650204,0.0014,910.29,649293.71,Seasonal Promo,No,Cash,14
TRX2021441962,24/06/2021,Surabaya,East Java,Surabaya,Distributor,PT Global Snack Dist,OUT3880,Traditional Store,SP649,Biscuits,Butter Crunch Biscuit,SKU66149,49658,189,9385362,0.0674,632573.4,8752788.6,,No,Transfer,10
TRX2021147519,24/07/2021,Medan,North Sumatra,Medan,General Trade,PT Nusantara Supply,OUT7665,Minimarket,SP310,Snacks,Spicy Curl,SKU75709,46827,37,1732599,0.2353,407680.54,1324918.46,Seasonal Promo,No,Transfer,13
TRX2021524467,03/07/2021,Palembang,South Sumatra,Palembang,Distributor,PT Global Snack Dist,OUT4079,Supermarket,SP730,Beverages,Nutri Grain Drink,SKU87602,13109,59,773431,0.0902,69763.48,703667.52,Retail Discount,Yes,Transfer,9
TRX2021510006,26/04/2021,Medan,North Sumatra,Medan,E-commerce,PT Nusantara Supply,OUT4937,Minimarket,SP649,Biscuits,Choco Delight Biscuit,SKU37903,28799,200,5759800,0.0029,16703.42,5743096.58,,No,Cash,9
TRX2021475385,2021-02-13,Medan,North Sumatra,Medan,Modern Trade,PT Maju Jaya Distribusi,OUT2709,Supermarket,SP223,Biscuits,Golden Cream Biscuit,SKU77863,43036,5,215180,0.0652,14029.74,201150.26,Retail Discount,No,Cash,1
TRX2021690616,2021-04-26,Yogyakarta,DI Yogyakarta,Yogyakarta,General Trade,PT Maju Jaya Distribusi,OUT8828,Minimarket,SP478,Candy,Caramel Drop Candy,SKU56940,6515,65,423475,0.2439,103285.55,320189.45,Seasonal Promo,No,Transfer,6
TRX2021248418,30/03/2021,Jakarta,DKI Jakarta,Jakarta,Distributor,PT Maju Jaya Distribusi,OUT1243,Supermarket,SP707,Snacks,Crunchy Bite,SKU18785,8711,98,853678,0.1989,169796.55,683881.45,Bundle Promo,No,Transfer,2
TRX2021503938,2021-07-29,Jakarta,DKI Jakarta,Jakarta,Distributor,,OUT8406,Online Store,SP882,Biscuits,Butter Crunch Biscuit,SKU49932,33348,49,1634052,0.0001,163.41,1633888.59,None,No,Cash,13
TRX2021933597,16/09/2021,Bandung,West Java,Bandung,Modern Trade,PT Global Snack Dist,OUT8619,Minimarket,SP416,Nuts,Honey Roasted Peanut,SKU80785,9257,80,740560,0.0085,6294.76,734265.24,None,No,Transfer,12
TRX2021624924,01/11/2021,Palembang,South Sumatra,Palembang,General Trade,PT Global Snack Dist,OUT8859,Online Store,SP517,Beverages,Choco Malt Drink,SKU42630,29859,155,4628145,0.1316,609063.88,4019081.12,Bundle Promo,No,Transfer,13
TRX2021614453,2021-03-11,Medan,North Sumatra,Medan,E-commerce,PT Global Snack Dist,OUT9171,Traditional Store,SP789,Candy,Mint Pop Candy,SKU36224,10375,85,881875,0.1673,147537.69,734337.31,None,No,Transfer,13
TRX2021316900,2021-08-14,Semarang,Central Java,Semarang,Distributor,PT Nusantara Supply,OUT7508,Supermarket,SP758,Snacks,Spicy Curl,SKU79286,37636,155,5833580,0.2106,1228551.95,4605028.05,Seasonal Promo,No,Transfer,10
TRX2021290262,05/06/2021,Makassar,South Sulawesi,Makassar,Modern Trade,PT Maju Jaya Distribusi,OUT7334,Traditional Store,SP485,Snacks,Crunchy Bite,SKU14283,34692,15,520380,0.1723,89661.47,430718.53,Bundle Promo,No,Cash,10
TRX2021747996,14/09/2021,Surabaya,East Java,Surabaya,General Trade,PT Maju Jaya Distribusi,OUT9829,Traditional Store,SP488,Beverages,Choco Malt Drink,SKU28680,28771,1,28771,0.1591,4577.47,24193.53,Seasonal Promo,No,Cash,13
TRX2021766880,20/07/2021,Bandung,West Java,Bandung,General Trade,PT Maju Jaya Distribusi,OUT5860,Minimarket,SP138,Biscuits,Golden Cream Biscuit,SKU20881,31754,26,825604,0.1965,162231.19,663372.81,Seasonal Promo,No,Credit Term,7
TRX2021869605,2021-08-12,Semarang,Central Java,Semarang,Distributor,PT Sinar Distribusi,OUT4630,Minimarket,SP609,Beverages,Nutri Grain Drink,SKU58826,29199,189,5518611,0.1362,751634.82,4766976.18,Seasonal Promo,No,Cash,10
TRX2021486030,2021-11-15,Medan,North Sumatra,Medan,E-commerce,PT Nusantara Supply,OUT1839,Supermarket,SP928,Nuts, Spicy Peanut Mix ,SKU67045,44865,40,1794600,0.114,204584.4,1590015.6,Bundle Promo,No,Transfer,12
TRX2021754758,2021-09-17,Yogyakarta,DI Yogyakarta,Yogyakarta,E-commerce,PT Maju Jaya Distribusi,OUT3566,Traditional Store,SP743,Nuts,Spicy Peanut Mix,SKU96823,6716,161,1081276,0.1617,174842.33,906433.67,,No,Transfer,6
TRX2021245381,12/11/2021,Jakarta,DKI Jakarta,Jakarta,General Trade,PT Maju Jaya Distribusi,OUT5616,Minimarket,SP717,Candy,Fruit Jelly Candy,SKU31160,15725,15,235875,0.0386,9104.78,226770.23,None,No,Cash,2
TRX2021518983,25/07/2021,Jakarta,DKI Jakarta,Jakarta,Modern Trade,PT Global Snack Dist,OUT7212,Online Store,SP401,Beverages,Nutri Grain Drink,SKU17687,35062,5,175310,0.0891,15620.12,159689.88,,No,Credit Term,4
TRX2021216944,19/04/2021,Jakarta,DKI Jakarta,Jakarta,E-commerce,PT Global Snack Dist,OUT4108,Traditional Store,SP603,Nuts,Spicy Peanut Mix,SKU23038,12109,10,121090,0.0997,12072.67,109017.33,Bundle Promo,No,Cash,10
TRX2021381417,2021-07-26,Bandung,West Java,Bandung,Distributor,PT Global Snack Dist,OUT5416,Online Store,SP220,Candy,Mint Pop Candy,SKU83975,48865,59,2883035,0.0971,279942.7,2603092.3,Bundle Promo,No,Credit Term,10
TRX2021816681,2021-10-10,Makassar,South Sulawesi,Makassar,E-commerce,PT Global Snack Dist,OUT4203,Traditional Store,SP924,Biscuits,Butter Crunch Biscuit,SKU83067,7563,72,544536,0.1283,69863.97,474672.03,Seasonal Promo,No,Transfer,6
TRX2021115799,25/05/2021,Surabaya,East Java,Surabaya,Distributor,PT Maju Jaya Distribusi,OUT9043,Supermarket,SP817,Biscuits,Choco Delight Biscuit,SKU78050,18248,129,2353992,0.059,138885.53,2215106.47,,No,Credit Term,2
TRX2021431118,28/09/2021,Palembang,South Sumatra,Palembang,E-commerce,PT Global Snack Dist,OUT4400,Online Store,SP492,Candy,Fruit Jelly Candy,SKU31340,39415,189,7449435,0.0561,417913.3,7031521.7,None,No,Cash,2
TRX2021369804,08/06/2021,Makassar,South Sulawesi,Makassar,Distributor,PT Maju Jaya Distribusi,OUT4445,Supermarket,SP862,Biscuits,Butter Crunch Biscuit,SKU61905,11357,61,692777,0.008,5542.22,687234.78,,No,Transfer,6
TRX2021451410,2021-12-28,Bandung,West Java,Bandung,Distributor,PT Sinar Distribusi,OUT2569,Online Store,SP533,Snacks, Savory Chips ,SKU53197,42642,175,7462350,0.2161,1612613.83,5849736.17,None,No,Cash,5
TRX2021844368,23/06/2021,Jakarta,DKI Jakarta,Jakarta,Modern Trade,PT Sinar Distribusi,OUT8222,Supermarket,SP566,Nuts,Salted Cashew Mix,SKU89202,11893,6,71358,0.2181,15563.18,55794.82,Retail Discount,No,Cash,6
TRX2021867217,27/05/2021,Jakarta,DKI Jakarta,Jakarta,General Trade,PT Global Snack Dist,OUT8586,Supermarket,SP133,Candy,Fruit Jelly Candy,SKU78206,12687,178,2258286,0.1385,312772.61,1945513.39,Bundle Promo,No,Cash,12
TRX2021948863,20/06/2021,Palembang,South Sumatra,Palembang,Modern Trade,PT Nusantara Supply,OUT2336,Minimarket,SP212,Snacks,Crunchy Bite,SKU38991,20662,166,3429892,0.1722,590627.4,2839264.6,Retail Discount,No,Transfer,4
TRX2021420954,22/09/2021,Jakarta,DKI Jakarta,Jakarta,General Trade,PT Global Snack Dist,OUT2848,Supermarket,SP673,Biscuits,Butter Crunch Biscuit,SKU49254,20957,121,2535797,0.0094,23836.49,2511960.51,Bundle Promo,No,Cash,8
TRX2021113340,03/07/2021,Jakarta,DKI Jakarta,Jakarta,General Trade,PT Global Snack Dist,OUT7806,Supermarket,SP617,Nuts,Spicy Peanut Mix,SKU28399,9129,79,721191,0.0411,29640.95,691550.05,,No,Cash,9
TRX2021474708,06/08/2021,Semarang,Central Java,Semarang,General Trade,,OUT9187,Traditional Store,SP756,Biscuits,Golden Cream Biscuit,SKU96587,30220,130,3928600,0.0113,44393.18,3884206.82,,No,Credit Term,9
TRX2021934457,2021-10-08,Medan,North Sumatra,Medan,Modern Trade,PT Maju Jaya Distribusi,OUT4746,Online Store,SP763,Nuts, Salted Cashew Mix ,SKU76596,21056,81,1705536,0.0091,15520.38,1690015.62,Seasonal Promo,No,Cash,1
TRX2021685900,27/08/2021,Makassar,South Sulawesi,Makassar,Distributor,PT Sinar Distribusi,OUT8894,Minimarket,SP373,Nuts,Spicy Peanut Mix,SKU60500,34786,107,3722102,0.2087,776802.69,2945299.31,,No,Transfer,6
TRX2021662784,02/10/2021,Medan,North Sumatra,Medan,E-commerce,PT Maju Jaya Distribusi,OUT7117,Supermarket,SP617,Biscuits,Butter Crunch Biscuit,SKU13100,41232,199,8205168,0.0687,563695.04,7641472.96,Seasonal Promo,No,Transfer,14
TRX2021610420,29/12/2021,Makassar,South Sulawesi,Makassar,Distributor,PT Sinar Distribusi,OUT5902,Minimarket,SP372,Candy,Fruit Jelly Candy,SKU44619,23541,60,1412460,0.227,320628.42,1091831.58,Retail Discount,No,Credit Term,6
TRX2021304028,07/04/2021,Semarang,Central Java,Semarang,General Trade,PT Global Snack Dist,OUT3478,Minimarket,SP554,Biscuits, Golden Cream Biscuit ,SKU60631,40728,154,6272112,0.0736,461627.44,5810484.56,Seasonal Promo,No,Credit Term,2
TRX2021347749,26/05/2021,Jakarta,DKI Jakarta,Jakarta,E-commerce,PT Global Snack Dist,OUT3498,Online Store,SP573,Snacks,Savory Chips,SKU65140,37506,190,7126140,0.015,106892.1,7019247.9,Bundle Promo,No,Credit Term,12
TRX2021456115,13/11/2021,Makassar,South Sulawesi,Makassar,Modern Trade,PT Sinar Distribusi,OUT4050,Traditional Store,SP715,Snacks,Spicy Curl,SKU75058,9703,50,485150,0.1524,73936.86,411213.14,Bundle Promo,No,Credit Term,7
TRX2021598192,2021-04-15,Makassar,South Sulawesi,Makassar,E-commerce,PT Global Snack Dist,OUT1180,Online Store,SP728,Biscuits,Choco Delight Biscuit,SKU24361,27870,63,1755810,0.1337,234751.8,1521058.2,,No,Credit Term,10
TRX2021474738,04/01/2021,Yogyakarta,DI Yogyakarta,Yogyakarta,General Trade,,OUT2466,Minimarket,SP799,Nuts,Honey Roasted Peanut,SKU52271,49144,90,4422960,0.1102,487410.19,3935549.81,Retail Discount,No,Credit Term,11
TRX2021931133,07/11/2021,Semarang,Central Java,Semarang,E-commerce,PT Maju Jaya Distribusi,OUT4916,Supermarket,SP119,Nuts,Honey Roasted Peanut,SKU38306,31304,105,3286920,0.1627,534781.88,2752138.12,Bundle Promo,No,Cash,2
TRX2021121934,27/03/2021,Yogyakarta,DI Yogyakarta,Yogyakarta,Distributor,PT Nusantara Supply,OUT6105,Minimarket,SP790,Candy,Mint Pop Candy,SKU14871,39148,12,469776,0.1199,56326.14,413449.86,,No,Transfer,9
TRX2021346506,2021-03-13,Medan,North Sumatra,Medan,Modern Trade,,OUT1147,Traditional Store,SP525,Snacks,Crunchy Bite,SKU77691,21494,28,601832,0.1805,108630.68,493201.32,Retail Discount,No,Cash,1
TRX2021926875,2021-04-13,Semarang,Central Java,Semarang,Modern Trade,,OUT4132,Traditional Store,SP827,Snacks,Savory Chips,SKU90980,36535,19,694165,0.1079,74900.4,619264.6,Bundle Promo,No,Cash,14
TRX2021181080,2021-03-05,Yogyakarta,DI Yogyakarta,Yogyakarta,Distributor,PT Global Snack Dist,OUT6408,Minimarket,SP726,Candy, Caramel Drop Candy ,SKU34897,16891,99,1672209,0.2134,356849.4,1315359.6,None,No,Cash,13
TRX2021719864,16/06/2021,Jakarta,DKI Jakarta,Jakarta,General Trade,PT Nusantara Supply,OUT3336,Supermarket,SP393,Snacks,Crunchy Bite,SKU35325,28008,115,3220920,0.1002,322736.18,2898183.82,,Yes,Cash,7
TRX2021961739,2021-07-16,Medan,North Sumatra,Medan,Modern Trade,PT Sinar Distribusi,OUT1357,Traditional Store,SP385,Biscuits,Butter Crunch Biscuit,SKU92231,35061,21,736281,0.1502,110589.41,625691.59,,No,Transfer,13
TRX2021925898,2021-07-20,Palembang,South Sumatra,Palembang,Modern Trade,,OUT7687,Online Store,SP174,Candy,Mint Pop Candy,SKU40186,24410,167,4076470,0.0983,400717.0,3675753.0,Retail Discount,No,Transfer,7
TRX2021419559,2021-07-25,Semarang,Central Java,Semarang,General Trade,PT Global Snack Dist,OUT1496,Minimarket,SP248,Snacks,Savory Chips,SKU45059,21795,11,239745,0.1576,37783.81,201961.19,,No,Cash,6
TRX2021904698,29/01/2021,Makassar,South Sulawesi,Makassar,General Trade,PT Sinar Distribusi,OUT6016,Online Store,SP117,Beverages,Energy Cocoa Drink,SKU32534,12154,154,1871716,0.0123,23022.11,1848693.89,Seasonal Promo,No,Cash,13
TRX2021300389,14/05/2021,Semarang,Central Java,Semarang,General Trade,,OUT5615,Traditional Store,SP808,Nuts,Salted Cashew Mix,SKU68323,14621,146,2134666,0.2042,435898.8,1698767.2,Retail Discount,No,Cash,11
TRX2021520211,2021-03-09,Surabaya,East Java,Surabaya,Distributor,PT Maju Jaya Distribusi,OUT9945,Online Store,SP472,Nuts,Salted Cashew Mix,SKU65217,33321,150,4998150,0.0585,292391.78,4705758.22,,No,Transfer,4
TRX2021944667,03/02/2021,Semarang,Central Java,Semarang,Distributor,PT Global Snack Dist,OUT3154,Minimarket,SP270,Candy,Caramel Drop Candy,SKU89677,26894,64,1721216,0.1478,254395.72,1466820.28,,No,Credit Term,10
TRX2021692865,2021-02-11,Bandung,West Java,Bandung,Distributor,PT Maju Jaya Distribusi,OUT6300,Traditional Store,SP682,Nuts,Honey Roasted Peanut,SKU89784,4199,169,709631,0.1713,121559.79,588071.21,Retail Discount,No,Transfer,9
TRX2021481393,2021-09-19,Yogyakarta,DI Yogyakarta,Yogyakarta,E-commerce,PT Maju Jaya Distribusi,OUT2183,Online Store,SP237,Candy, Mint Pop Candy ,SKU44467,13239,45,595755,0.2149,128027.75,467727.25,None,No,Cash,1
TRX2021237113,20/09/2021,Medan,North Sumatra,Medan,Modern Trade,PT Maju Jaya Distribusi,OUT7505,Traditional Store,SP144,Snacks,Crunchy Bite,SKU94508,49249,54,2659446,0.2382,633480.04,2025965.96,Retail Discount,No,Cash,2
TRX2021915249,02/06/2021,Bandung,West Java,Bandung,E-commerce,PT Global Snack Dist,OUT6269,Online Store,SP842,Beverages,Energy Cocoa Drink,SKU62602,49728,76,3779328,0.0675,255104.64,3524223.36,Seasonal Promo,No,Cash,1
TRX2021523694,25/06/2021,Semarang,Central Java,Semarang,Distributor,PT Sinar Distribusi,OUT9780,Traditional Store,SP698,Snacks,Savory Chips,SKU65635,23490,35,822150,0.1172,96355.98,725794.02,Retail Discount,No,Transfer,14
TRX2021981457,2021-10-01,Makassar,South Sulawesi,Makassar,E-commerce,PT Sinar Distribusi,OUT6105,Traditional Store,SP866,Beverages,Nutri Grain Drink,SKU14751,13468,100,1346800,0.1885,253871.8,1092928.2,Seasonal Promo,No,Cash,6
TRX2021273180,20/05/2021,Surabaya,East Java,Surabaya,Distributor,PT Maju Jaya Distribusi,OUT5487,Online Store,SP564,Snacks,Savory Chips,SKU29007,39248,149,5847952,0.2031,1187719.05,4660232.95,Retail Discount,No,Transfer,9
TRX2021582307,29/11/2021,Yogyakarta,DI Yogyakarta,Yogyakarta,General Trade,PT Maju Jaya Distribusi,OUT2373,Online Store,SP113,Biscuits,Choco Delight Biscuit,SKU33970,4858,55,267190,0.1298,34681.26,232508.74,Seasonal Promo,No,Cash,12
TRX2021322122,2021-07-24,Semarang,Central Java,Semarang,Modern Trade,PT Global Snack Dist,OUT3033,Supermarket,SP768,Candy,Fruit Jelly Candy,SKU65456,47411,200,9482200,0.0633,600223.26,8881976.74,None,No,Transfer,3
TRX2021431893,15/01/2021,Semarang,Central Java,Semarang,Distributor,PT Global Snack Dist,OUT8583,Minimarket,SP878,Beverages,Choco Malt Drink,SKU36247,15568,176,2739968,0.2203,603614.95,2136353.05,None,No,Credit Term,8
TRX2021287416,2021-01-20,Bandung,West Java,Bandung,Distributor,PT Global Snack Dist,OUT9049,Online Store,SP478,Candy,Mint Pop Candy,SKU51970,19906,64,1273984,0.2206,281040.87,992943.13,,No,Credit Term,6
TRX2021674555,17/09/2021,Surabaya,East Java,Surabaya,Modern Trade,PT Sinar Distribusi,OUT5586,Supermarket,SP834,Snacks,Spicy Curl,SKU97170,36195,59,2135505,0.1114,237895.26,1897609.74,Bundle Promo,No,Cash,6
TRX2021922093,2021-03-18,Palembang,South Sumatra,Palembang,Modern Trade,PT Sinar Distribusi,OUT8343,Supermarket,SP742,Nuts,Honey Roasted Peanut,SKU77302,16765,11,184415,0.1539,28381.47,156033.53,Seasonal Promo,No,Transfer,8
TRX2021927210,2021-02-11,Yogyakarta,DI Yogyakarta,Yogyakarta,Modern Trade,PT Nusantara Supply,OUT1506,Traditional Store,SP170,Candy,Mint Pop Candy,SKU50650,16315,37,603655,0.1365,82398.91,521256.09,Bundle Promo,No,Cash,4
TRX2021292858,2021-06-11,Surabaya,East Java,Surabaya,E-commerce,PT Global Snack Dist,OUT4042,Traditional Store,SP577,Candy,Caramel Drop Candy,SKU62685,10259,112,1149008,0.2406,276451.32,872556.68,,No,Cash,2
TRX2021198540,08/11/2021,Jakarta,DKI Jakarta,Jakarta,E-commerce,,OUT5688,Minimarket,SP931,Biscuits,Choco Delight Biscuit,SKU78269,31945,91,2906995,0.2219,645062.19,2261932.81,None,No,Cash,6
TRX2021276558,06/12/2021,Bandung,West Java,Bandung,E-commerce,PT Nusantara Supply,OUT8230,Traditional Store,SP854,Biscuits, Butter Crunch Biscuit ,SKU20014,34368,58,1993344,0.2134,425379.61,1567964.39,None,No,Cash,9
TRX2021494060,2021-01-20,Makassar,South Sulawesi,Makassar,E-commerce,PT Maju Jaya Distribusi,OUT4497,Supermarket,SP497,Beverages, Nutri Grain Drink ,SKU58019,11605,70,812350,0.0079,6417.57,805932.44,,No,Transfer,14
TRX2021975390,29/07/2021,Makassar,South Sulawesi,Makassar,E-commerce,PT Global Snack Dist,OUT3853,Supermarket,SP597,Beverages,Choco Malt Drink,SKU59445,25501,185,4717685,0.2065,974201.95,3743483.05,Bundle Promo,No,Transfer,1
TRX2021846871,2021-04-07,Bandung,West Java,Bandung,Distributor,PT Maju Jaya Distribusi,OUT4238,Supermarket,SP223,Nuts,Salted Cashew Mix,SKU13162,2470,88,217360,0.044,9563.84,207796.16,Seasonal Promo,No,Credit Term,6
TRX2021309653,01/04/2021,Makassar,South Sulawesi,Makassar,General Trade,,OUT8732,Supermarket,SP950,Nuts,Spicy Peanut Mix,SKU23456,2529,195,493155,0.1195,58932.02,434222.98,None,No,Cash,9
TRX2021643988,30/07/2021,Semarang,Central Java,Semarang,Modern Trade,PT Maju Jaya Distribusi,OUT2307,Supermarket,SP274,Beverages, Choco Malt Drink ,SKU78671,33996,56,1903776,0.2033,387037.66,1516738.34,Retail Discount,No,Cash,14
TRX2021338705,29/09/2021,Semarang,Central Java,Semarang,General Trade,,OUT3138,Online Store,SP911,Nuts,Salted Cashew Mix,SKU25191,38180,27,1030860,0.0896,92365.06,938494.94,None,No,Cash,6
TRX2021216886,2021-11-05,Palembang,South Sumatra,Palembang,E-commerce,PT Sinar Distribusi,OUT7665,Supermarket,SP442,Candy,Mint Pop Candy,SKU32688,45471,32,1455072,0.0768,111749.53,1343322.47,None,No,Credit Term,6
TRX2021318477,02/02/2021,Medan,North Sumatra,Medan,E-commerce,PT Maju Jaya Distribusi,OUT2036,Traditional Store,SP263,Snacks,Spicy Curl,SKU78034,13651,146,1993046,0.2023,403193.21,1589852.79,None,No,Cash,9
TRX2021517036,2021-06-01,Surabaya,East Java,Surabaya,Distributor,,OUT8473,Traditional Store,SP866,Candy,Caramel Drop Candy,SKU90143,7508,193,1449044,0.0139,20141.71,1428902.29,Retail Discount,No,Transfer,11
TRX2021292058,28/07/2021,Makassar,South Sulawesi,Makassar,Distributor,,OUT4085,Traditional Store,SP690,Candy,Fruit Jelly Candy,SKU62286,33847,155,5246285,0.1813,951151.47,4295133.53,None,No,Cash,13
TRX2021513379,2021-12-09,Semarang,Central Java,Semarang,Modern Trade,PT Global Snack Dist,OUT7453,Supermarket,SP880,Nuts,Salted Cashew Mix,SKU65273,10470,107,1120290,0.1596,178798.28,941491.72,Bundle Promo,No,Credit Term,3
TRX2021274154,2021-04-19,Semarang,Central Java,Semarang,Modern Trade,PT Nusantara Supply,OUT6350,Minimarket,SP576,Beverages,Nutri Grain Drink,SKU82236,19388,14,271432,0.0898,24374.59,247057.41,Bundle Promo,No,Credit Term,12
TRX2021708680,2021-06-29,Surabaya,East Java,Surabaya,General Trade,PT Nusantara Supply,OUT6718,Minimarket,SP636,Nuts,Honey Roasted Peanut,SKU40914,27821,27,751167,0.2097,157519.72,593647.28,Retail Discount,No,Credit Term,8
TRX2021280833,20/07/2021,Surabaya,East Java,Surabaya,Distributor,PT Global Snack Dist,OUT9090,Minimarket,SP851,Biscuits,Choco Delight Biscuit,SKU72046,34435,90,3099150,0.1345,416835.68,2682314.33,None,No,Credit Term,9
TRX2021611612,2021-06-09,Surabaya,East Java,Surabaya,E-commerce,PT Maju Jaya Distribusi,OUT2462,Minimarket,SP496,Snacks,Savory Chips,SKU97708,36266,188,6818008,0.2009,1369737.81,5448270.19,Bundle Promo,No,Cash,3
TRX2021241716,06/09/2021,Yogyakarta,DI Yogyakarta,Yogyakarta,Modern Trade,PT Maju Jaya Distribusi,OUT7047,Online Store,SP309,Nuts,Honey Roasted Peanut,SKU93535,47264,58,2741312,0.2053,562791.35,2178520.65,Seasonal Promo,No,Cash,14
TRX2021733870,2021-03-27,Surabaya,East Java,Surabaya,Distributor,PT Global Snack Dist,OUT9619,Minimarket,SP936,Nuts,Salted Cashew Mix,SKU17939,30363,9,273267,0.2048,55965.08,217301.92,Bundle Promo,No,Cash,1
TRX2021717299,27/04/2021,Jakarta,DKI Jakarta,Jakarta,Modern Trade,,OUT7724,Minimarket,SP542,Candy,Mint Pop Candy,SKU49825,14943,116,1733388,0.1771,306983.01,1426404.99,Retail Discount,No,Cash,2
TRX2021846894,2021-08-04,Yogyakarta,DI Yogyakarta,Yogyakarta,General Trade,PT Global Snack Dist,OUT4970,Minimarket,SP788,Nuts,Spicy Peanut Mix,SKU65890,5315,79,419885,0.0682,28636.16,391248.84,,No,Cash,7
TRX2021680526,2021-12-21,Palembang,South Sumatra,Palembang,Modern Trade,PT Sinar Distribusi,OUT9278,Minimarket,SP174,Snacks,Savory Chips,SKU35446,44354,88,3903152,0.0698,272440.01,3630711.99,,No,Credit Term,7
TRX2021870714,29/10/2021,Surabaya,East Java,Surabaya,E-commerce,PT Sinar Distribusi,OUT8293,Supermarket,SP491,Biscuits,Golden Cream Biscuit,SKU41750,28483,155,4414865,0.24,1059567.6,3355297.4,None,No,Credit Term,9
TRX2021544112,2021-12-20,Jakarta,DKI Jakarta,Jakarta,E-commerce,,OUT6480,Minimarket,SP451,Beverages,Energy Cocoa Drink,SKU69075,37869,187,7081503,0.1523,1078512.91,6002990.09,None,No,Credit Term,5
TRX2021382612,20/05/2021,Makassar,South Sulawesi,Makassar,Modern Trade,,OUT2412,Minimarket,SP267,Nuts,Honey Roasted Peanut,SKU20537,23679,137,3244023,0.0436,141439.4,3102583.6,None,No,Transfer,7
TRX2021502105,16/10/2021,Surabaya,East Java,Surabaya,E-commerce,PT Sinar Distribusi,OUT7245,Traditional Store,SP696,Nuts,Honey Roasted Peanut,SKU41130,14749,97,1430653,0.0044,6294.87,1424358.13,None,No,Transfer,6
TRX2021799794,05/10/2021,Makassar,South Sulawesi,Makassar,General Trade,PT Sinar Distribusi,OUT1319,Supermarket,SP923,Biscuits,Golden Cream Biscuit,SKU23573,20048,105,2105040,0.0773,162719.59,1942320.41,Retail Discount,No,Cash,10
TRX2021248505,11/08/2021,Makassar,South Sulawesi,Makassar,Modern Trade,PT Maju Jaya Distribusi,OUT6786,Supermarket,SP227,Candy,Mint Pop Candy,SKU19115,42194,124,5232056,0.1175,614766.58,4617289.42,Seasonal Promo,Yes,Cash,6
TRX2021930760,13/11/2021,Yogyakarta,DI Yogyakarta,Yogyakarta,Modern Trade,PT Sinar Distribusi,OUT7263,Minimarket,SP342,Nuts,Spicy Peanut Mix,SKU27390,42141,126,5309766,0.1099,583543.28,4726222.72,,No,Transfer,10
TRX2021128868,02/08/2021,Bandung,West Java,Bandung,E-commerce,PT Sinar Distribusi,OUT5900,Traditional Store,SP619,Biscuits,Butter Crunch Biscuit,SKU63965,16012,112,1793344,0.0831,149026.89,1644317.11,,No,Credit Term,10
TRX2021963296,2021-10-18,Palembang,South Sumatra,Palembang,General Trade,PT Sinar Distribusi,OUT3444,Minimarket,SP802,Candy,Mint Pop Candy,SKU97033,24591,21,516411,0.1252,64654.66,451756.34,None,No,Credit Term,7
TRX2021895471,15/06/2021,Yogyakarta,DI Yogyakarta,Yogyakarta,Distributor,PT Global Snack Dist,OUT7158,Supermarket,SP836,Biscuits,Golden Cream Biscuit,SKU73295,38434,57,2190738,0.1607,352051.6,1838686.4,Seasonal Promo,No,Credit Term,10
TRX2021523977,02/12/2021,Semarang,Central Java,Semarang,General Trade,PT Sinar Distribusi,OUT8367,Minimarket,SP816,Candy,Caramel Drop Candy,SKU50878,40102,107,4290914,0.2015,864619.17,3426294.83,Seasonal Promo,No,Credit Term,6
TRX2021731108,19/05/2021,Medan,North Sumatra,Medan,General Trade,PT Nusantara Supply,OUT9870,Supermarket,SP191,Snacks,Crunchy Bite,SKU90085,49388,51,2518788,0.1387,349355.9,2169432.1,None,No,Cash,5
TRX2021878447,2021-03-18,Makassar,South Sulawesi,Makassar,Modern Trade,PT Sinar Distribusi,OUT8526,Minimarket,SP513,Beverages,Choco Malt Drink,SKU11287,47280,171,8084880,0.0325,262758.6,7822121.4,Retail Discount,No,Cash,14
TRX2021411163,20/01/2021,Bandung,West Java,Bandung,E-commerce,PT Nusantara Supply,OUT4262,Minimarket,SP989,Candy,Caramel Drop Candy,SKU21230,19301,167,3223267,0.1038,334575.11,2888691.89,Bundle Promo,No,Transfer,7
TRX2021224101,17/05/2021,Yogyakarta,DI Yogyakarta,Yogyakarta,E-commerce,PT Nusantara Supply,OUT7832,Minimarket,SP636,Beverages, Energy Cocoa Drink ,SKU60968,2517,161,405237,0.1058,42874.07,362362.93,None,No,Transfer,1
TRX2021509528,13/05/2021,Yogyakarta,DI Yogyakarta,Yogyakarta,Modern Trade,PT Sinar Distribusi,OUT5767,Minimarket,SP960,Biscuits,Butter Crunch Biscuit,SKU76298,47196,4,188784,0.2293,43288.17,145495.83,Bundle Promo,No,Credit Term,5
TRX2021526438,2021-11-28,Yogyakarta,DI Yogyakarta,Yogyakarta,Modern Trade,PT Nusantara Supply,OUT5816,Supermarket,SP388,Snacks,Spicy Curl,SKU56810,15930,10,159300,0.1358,21632.94,137667.06,,No,Transfer,13
TRX2021591024,08/10/2021,Bandung,West Java,Bandung,Modern Trade,PT Global Snack Dist,OUT2574,Minimarket,SP806,Snacks,Savory Chips,SKU33099,3038,85,258230,0.1242,32072.17,226157.83,Retail Discount,No,Cash,12
TRX2021131281,03/06/2021,Yogyakarta,DI Yogyakarta,Yogyakarta,E-commerce,PT Global Snack Dist,OUT8942,Supermarket,SP330,Biscuits,Butter Crunch Biscuit,SKU16921,32347,51,1649697,0.2261,372996.49,1276700.51,Bundle Promo,No,Credit Term,1
TRX2021774919,11/05/2021,Bandung,West Java,Bandung,Distributor,PT Global Snack Dist,OUT3325,Online Store,SP642,Beverages,Energy Cocoa Drink,SKU46953,34363,111,3814293,0.0822,313534.88,3500758.12,None,No,Transfer,7
TRX2021994308,06/08/2021,Bandung,West Java,Bandung,E-commerce,PT Global Snack Dist,OUT7222,Supermarket,SP667,Snacks,Spicy Curl,SKU45076,34049,65,2213185,0.2453,542894.28,1670290.72,Bundle Promo,No,Cash,4
TRX2021428462,01/09/2021,Palembang,South Sumatra,Palembang,Modern Trade,,OUT3743,Traditional Store,SP888,Nuts, Spicy Peanut Mix ,SKU97441,36114,83,2997462,0.0373,111805.33,2885656.67,None,No,Credit Term,12
TRX2021721969,25/07/2021,Jakarta,DKI Jakarta,Jakarta,Modern Trade,PT Nusantara Supply,OUT7295,Traditional Store,SP577,Nuts, Salted Cashew Mix ,SKU48589,22642,32,724544,0.0916,66368.23,658175.77,Bundle Promo,No,Transfer,5
TRX2021140716,2021-01-22,Surabaya,East Java,Surabaya,Modern Trade,PT Sinar Distribusi,OUT3347,Supermarket,SP141,Candy,Fruit Jelly Candy,SKU96009,40034,178,7126052,0.0034,24228.58,7101823.42,Bundle Promo,No,Credit Term,4
TRX2021247041,2021-03-01,Medan,North Sumatra,Medan,Distributor,PT Global Snack Dist,OUT3991,Traditional Store,SP755,Candy,Caramel Drop Candy,SKU51561,11761,112,1317232,0.0557,73369.82,1243862.18,Seasonal Promo,No,Cash,3
TRX2021666226,2021-03-04,Yogyakarta,DI Yogyakarta,Yogyakarta,General Trade,PT Maju Jaya Distribusi,OUT9613,Supermarket,SP589,Nuts,Salted Cashew Mix,SKU80308,43176,16,690816,0.1486,102655.26,588160.74,,No,Transfer,8
TRX2021486630,20/03/2021,Surabaya,East Java,Surabaya,E-commerce,PT Nusantara Supply,OUT2477,Supermarket,SP979,Beverages,Choco Malt Drink,SKU93912,45318,148,6707064,0.1,670706.4,6036357.6,,No,Credit Term,11
TRX2021425878,30/03/2021,Jakarta,DKI Jakarta,Jakarta,General Trade,PT Maju Jaya Distribusi,OUT8118,Minimarket,SP889,Candy,Fruit Jelly Candy,SKU43924,25299,191,4832109,0.0395,190868.31,4641240.69,,No,Transfer,8
TRX2021134362,2021-01-14,Surabaya,East Java,Surabaya,E-commerce,PT Sinar Distribusi,OUT5683,Supermarket,SP270,Nuts, Honey Roasted Peanut ,SKU45150,49293,120,5915160,0.2118,1252830.89,4662329.11,Seasonal Promo,No,Transfer,1
TRX2021639110,24/06/2021,Semarang,Central Java,Semarang,Distributor,,OUT5507,Supermarket,SP503,Nuts,Honey Roasted Peanut,SKU58742,25446,120,3053520,0.0855,261075.96,2792444.04,,No,Cash,14
TRX2021983186,2021-09-14,Jakarta,DKI Jakarta,Jakarta,Distributor,,OUT5765,Minimarket,SP538,Beverages,Nutri Grain Drink,SKU83052,41693,147,6128871,0.0808,495212.78,5633658.22,None,No,Transfer,9
TRX2021466992,06/04/2021,Palembang,South Sumatra,Palembang,Modern Trade,PT Sinar Distribusi,OUT1027,Traditional Store,SP938,Beverages,Choco Malt Drink,SKU87175,30029,25,750725,0.0806,60508.44,690216.56,Bundle Promo,Yes,Transfer,5
TRX2021925915,27/04/2021,Bandung,West Java,Bandung,General Trade,PT Sinar Distribusi,OUT2255,Online Store,SP349,Candy,Mint Pop Candy,SKU31671,35762,71,2539102,0.171,434186.44,2104915.56,None,No,Cash,2
TRX2021366988,2021-03-05,Jakarta,DKI Jakarta,Jakarta,E-commerce,PT Sinar Distribusi,OUT8880,Online Store,SP909,Nuts,Spicy Peanut Mix,SKU46279,10252,153,1568556,0.1823,285947.76,1282608.24,None,No,Cash,9
TRX2021757825,11/11/2021,Palembang,South Sumatra,Palembang,Distributor,PT Sinar Distribusi,OUT7103,Traditional Store,SP655,Biscuits,Choco Delight Biscuit,SKU87434,11230,71,797330,0.2249,179319.52,618010.48,None,No,Cash,6
TRX2021399988,02/12/2021,Semarang,Central Java,Semarang,E-commerce,PT Sinar Distribusi,OUT2334,Supermarket,SP934,Biscuits,Butter Crunch Biscuit,SKU47221,9454,155,1465370,0.2081,304943.5,1160426.5,Bundle Promo,No,Cash,14
TRX2021976989,04/05/2021,Semarang,Central Java,Semarang,General Trade,PT Maju Jaya Distribusi,OUT9004,Traditional Store,SP157,Beverages,Choco Malt Drink,SKU77922,49215,197,9695355,0.0886,859008.45,8836346.55,,No,Cash,10
TRX2021816886,2021-02-23,Semarang,Central Java,Semarang,Modern Trade,,OUT2903,Online Store,SP360,Biscuits,Golden Cream Biscuit,SKU73013,37220,116,4317520,0.1286,555233.07,3762286.93,Bundle Promo,No,Credit Term,2
TRX2021701597,2021-04-28,Makassar,South Sulawesi,Makassar,General Trade,PT Sinar Distribusi,OUT4093,Minimarket,SP134,Candy,Caramel Drop Candy,SKU94337,14797,13,192361,0.1777,34182.55,158178.45,Bundle Promo,No,Cash,10
TRX2021994127,2021-03-22,Makassar,South Sulawesi,Makassar,Distributor,PT Global Snack Dist,OUT9291,Supermarket,SP597,Biscuits,Choco Delight Biscuit,SKU17816,40039,164,6566396,0.0958,629060.74,5937335.26,None,No,Transfer,4
TRX2021377861,29/09/2021,Surabaya,East Java,Surabaya,E-commerce,PT Maju Jaya Distribusi,OUT3149,Traditional Store,SP534,Beverages,Choco Malt Drink,SKU57719,8231,140,1152340,0.2383,274602.62,877737.38,Retail Discount,No,Cash,11
TRX2021193813,23/06/2021,Yogyakarta,DI Yogyakarta,Yogyakarta,General Trade,,OUT4910,Online Store,SP316,Snacks,Crunchy Bite,SKU18572,36479,14,510706,0.0213,10878.04,499827.96,Bundle Promo,No,Transfer,3
TRX2021467052,01/07/2021,Yogyakarta,DI Yogyakarta,Yogyakarta,Modern Trade,PT Nusantara Supply,OUT3785,Online Store,SP336,Snacks,Savory Chips,SKU41262,16659,92,1532628,0.0542,83068.44,1449559.56,Bundle Promo,No,Transfer,10
TRX2021200665,31/12/2021,Bandung,West Java,Bandung,Modern Trade,PT Sinar Distribusi,OUT3602,Traditional Store,SP427,Beverages,Energy Cocoa Drink,SKU57148,34896,17,593232,0.2332,138341.7,454890.3,Seasonal Promo,No,Cash,11
TRX2021711884,12/10/2021,Jakarta,DKI Jakarta,Jakarta,Distributor,PT Nusantara Supply,OUT9468,Supermarket,SP985,Biscuits, Butter Crunch Biscuit ,SKU53915,31277,156,4879212,0.0608,296656.09,4582555.91,Seasonal Promo,No,Transfer,8
TRX2021403200,05/03/2021,Surabaya,East Java,Surabaya,Modern Trade,PT Global Snack Dist,OUT8001,Supermarket,SP689,Nuts,Salted Cashew Mix,SKU62575,21075,82,1728150,0.0103,17799.94,1710350.05,Bundle Promo,No,Credit Term,5
TRX2021328680,2021-03-06,Medan,North Sumatra,Medan,General Trade,PT Nusantara Supply,OUT9361,Supermarket,SP520,Beverages,Nutri Grain Drink,SKU77913,35044,52,1822288,0.1308,238355.27,1583932.73,Seasonal Promo,No,Transfer,13
TRX2021951301,2021-08-15,Surabaya,East Java,Surabaya,Modern Trade,PT Sinar Distribusi,OUT7629,Minimarket,SP357,Biscuits,Choco Delight Biscuit,SKU34894,10160,21,213360,0.0876,18690.34,194669.66,Bundle Promo,No,Transfer,12
TRX2021738621,15/03/2021,Palembang,South Sumatra,Palembang,E-commerce,PT Global Snack Dist,OUT9066,Supermarket,SP894,Snacks,Crunchy Bite,SKU84260,32055,192,6154560,0.1332,819787.39,5334772.61,Seasonal Promo,No,Cash,9
TRX2021435739,2021-11-25,Semarang,Central Java,Semarang,E-commerce,PT Global Snack Dist,OUT8739,Minimarket,SP917,Nuts,Honey Roasted Peanut,SKU95180,34031,192,6533952,0.0803,524676.35,6009275.65,Bundle Promo,No,Cash,2
TRX2021289370,2021-06-20,Medan,North Sumatra,Medan,General Trade,PT Maju Jaya Distribusi,OUT9858,Minimarket,SP366,Beverages,Nutri Grain Drink,SKU59527,9592,132,1266144,0.0938,118764.31,1147379.69,Seasonal Promo,No,Credit Term,9
TRX2021240591,2021-09-06,Medan,North Sumatra,Medan,General Trade,PT Global Snack Dist,OUT6016,Minimarket,SP399,Candy,Caramel Drop Candy,SKU78480,48379,34,1644886,0.1743,286703.63,1358182.37,None,No,Cash,14
TRX2021956275,2021-04-20,Semarang,Central Java,Semarang,Modern Trade,PT Nusantara Supply,OUT4895,Online Store,SP717,Candy,Fruit Jelly Candy,SKU89117,5704,188,1072352,0.173,185516.9,886835.1,None,No,Cash,2
TRX2021220019,17/08/2021,Medan,North Sumatra,Medan,Distributor,PT Nusantara Supply,OUT6012,Traditional Store,SP557,Biscuits,Golden Cream Biscuit,SKU76580,3455,138,476790,0.1817,86632.74,390157.26,Retail Discount,No,Transfer,14
TRX2021659999,26/05/2021,Bandung,West Java,Bandung,Distributor,PT Maju Jaya Distribusi,OUT8501,Online Store,SP552,Nuts,Honey Roasted Peanut,SKU10907,28963,153,4431339,0.1659,735159.14,3696179.86,Retail Discount,No,Credit Term,11
TRX2021147223,2021-09-01,Bandung,West Java,Bandung,Modern Trade,PT Global Snack Dist,OUT4270,Supermarket,SP881,Biscuits,Golden Cream Biscuit,SKU83675,20464,140,2864960,0.1544,442349.82,2422610.18,Retail Discount,No,Cash,14
TRX2021775786,2021-08-15,Jakarta,DKI Jakarta,Jakarta,E-commerce,PT Global Snack Dist,OUT7238,Supermarket,SP843,Biscuits,Golden Cream Biscuit,SKU29497,21805,186,4055730,0.2187,886988.15,3168741.85,Seasonal Promo,No,Cash,2
TRX2021676219,2021-10-15,Medan,North Sumatra,Medan,Distributor,,OUT2292,Supermarket,SP795,Beverages,Nutri Grain Drink,SKU71259,33206,141,4682046,0.2272,1063760.85,3618285.15,Retail Discount,No,Credit Term,1
TRX2021245549,2021-01-26,Bandung,West Java,Bandung,E-commerce,PT Global Snack Dist,OUT4276,Supermarket,SP815,Nuts,Spicy Peanut Mix,SKU19829,32432,31,1005392,0.0622,62535.38,942856.62,Retail Discount,No,Credit Term,4
TRX2021569568,2021-12-11,Jakarta,DKI Jakarta,Jakarta,General Trade,PT Nusantara Supply,OUT3951,Online Store,SP179,Beverages,Energy Cocoa Drink,SKU59361,22120,11,243320,0.1399,34040.47,209279.53,,No,Transfer,9
TRX2021630838,2021-01-26,Jakarta,DKI Jakarta,Jakarta,E-commerce,PT Sinar Distribusi,OUT2569,Online Store,SP607,Snacks,Spicy Curl,SKU36863,12975,153,1985175,0.2438,483985.66,1501189.33,Bundle Promo,No,Cash,10
TRX2021213660,2021-03-19,Yogyakarta,DI Yogyakarta,Yogyakarta,E-commerce,PT Global Snack Dist,OUT9457,Online Store,SP288,Candy,Caramel Drop Candy,SKU74404,47845,105,5023725,0.0335,168294.79,4855430.21,Seasonal Promo,No,Credit Term,8
TRX2021242760,22/03/2021,Jakarta,DKI Jakarta,Jakarta,General Trade,PT Sinar Distribusi,OUT5756,Traditional Store,SP784,Candy,Mint Pop Candy,SKU36264,16828,22,370216,0.1703,63047.78,307168.22,,No,Cash,6
TRX2021656288,19/03/2021,Semarang,Central Java,Semarang,Distributor,,OUT3754,Traditional Store,SP769,Candy, Caramel Drop Candy ,SKU83776,2989,44,131516,0.1274,16755.14,114760.86,,No,Cash,6
TRX2021168725,2021-11-18,Surabaya,East Java,Surabaya,Distributor,PT Nusantara Supply,OUT6221,Traditional Store,SP104,Biscuits,Choco Delight Biscuit,SKU96255,34662,107,3708834,0.1713,635323.26,3073510.74,Bundle Promo,No,Credit Term,5
TRX2021782598,2021-09-28,Surabaya,East Java,Surabaya,General Trade,PT Sinar Distribusi,OUT3210,Traditional Store,SP657,Nuts,Salted Cashew Mix,SKU72817,37535,82,3077870,0.1941,597414.57,2480455.43,Bundle Promo,No,Transfer,7
TRX2021743406,27/03/2021,Jakarta,DKI Jakarta,Jakarta,General Trade,PT Sinar Distribusi,OUT4452,Traditional Store,SP259,Nuts,Salted Cashew Mix,SKU69120,4109,156,641004,0.1381,88522.65,552481.35,Bundle Promo,No,Cash,6
TRX2021471201,30/06/2021,Surabaya,East Java,Surabaya,Modern Trade,PT Nusantara Supply,OUT4954,Supermarket,SP920,Beverages, Choco Malt Drink ,SKU56349,8586,145,1244970,0.2427,302154.22,942815.78,Bundle Promo,No,Transfer,2
TRX2021114338,2021-07-30,Palembang,South Sumatra,Palembang,Modern Trade,PT Maju Jaya Distribusi,OUT4022,Supermarket,SP185,Nuts,Honey Roasted Peanut,SKU32296,7173,40,286920,0.0726,20830.39,266089.61,Retail Discount,No,Cash,4
TRX2021746098,2021-09-07,Jakarta,DKI Jakarta,Jakarta,E-commerce,PT Global Snack Dist,OUT4509,Online Store,SP252,Snacks,Savory Chips,SKU59985,39691,17,674747,0.1033,69701.37,605045.63,None,No,Transfer,6
TRX2021437723,10/03/2021,Medan,North Sumatra,Medan,Modern Trade,,OUT6168,Minimarket,SP488,Biscuits,Choco Delight Biscuit,SKU20979,10819,151,1633669,0.0454,74168.57,1559500.43,None,No,Credit Term,4
TRX2021836476,30/06/2021,Surabaya,East Java,Surabaya,Modern Trade,PT Global Snack Dist,OUT9470,Minimarket,SP497,Nuts,Honey Roasted Peanut,SKU90201,17144,122,2091568,0.111,232164.05,1859403.95,Retail Discount,No,Transfer,7
TRX2021809031,2021-12-08,Makassar,South Sulawesi,Makassar,General Trade,PT Sinar Distribusi,OUT2905,Supermarket,SP751,Candy,Caramel Drop Candy,SKU92662,2380,141,335580,0.1876,62954.81,272625.19,Seasonal Promo,No,Credit Term,3
TRX2021400860,11/05/2021,Surabaya,East Java,Surabaya,Modern Trade,,OUT7221,Minimarket,SP681,Biscuits,Butter Crunch Biscuit,SKU36205,36468,86,3136248,0.102,319897.3,2816350.7,,No,Transfer,9
TRX2021725751,20/11/2021,Jakarta,DKI Jakarta,Jakarta,Distributor,PT Global Snack Dist,OUT3943,Traditional Store,SP777,Nuts,Salted Cashew Mix,SKU60522,42256,70,2957920,0.1346,398136.03,2559783.97,Retail Discount,No,Cash,10
TRX2021283958,2021-11-25,Palembang,South Sumatra,Palembang,General Trade,PT Maju Jaya Distribusi,OUT9815,Online Store,SP507,Nuts,Spicy Peanut Mix,SKU31307,23986,181,4341466,0.2118,919522.5,3421943.5,,No,Cash,3
TRX2021569071,2021-07-23,Makassar,South Sulawesi,Makassar,General Trade,PT Nusantara Supply,OUT6943,Traditional Store,SP873,Nuts,Honey Roasted Peanut,SKU62666,13226,12,158712,0.0967,15347.45,143364.55,,No,Transfer,14
TRX2021452295,2021-09-11,Medan,North Sumatra,Medan,E-commerce,,OUT9756,Online Store,SP905,Snacks,Crunchy Bite,SKU99434,17589,75,1319175,0.1085,143130.49,1176044.51,Seasonal Promo,No,Cash,11
TRX2021205015,04/08/2021,Bandung,West Java,Bandung,Modern Trade,PT Global Snack Dist,OUT5882,Supermarket,SP968,Snacks,Savory Chips,SKU73625,10523,49,515627,0.2221,114520.76,401106.24,Retail Discount,No,Cash,8
TRX2021796486,23/06/2021,Makassar,South Sulawesi,Makassar,Modern Trade,PT Sinar Distribusi,OUT1871,Minimarket,SP785,Beverages,Nutri Grain Drink,SKU58063,29351,46,1350146,0.2344,316474.22,1033671.78,,No,Credit Term,2
TRX2021186496,12/06/2021,Surabaya,East Java,Surabaya,Modern Trade,PT Global Snack Dist,OUT5074,Minimarket,SP440,Candy,Fruit Jelly Candy,SKU32261,2746,137,376202,0.1583,59552.78,316649.22,Bundle Promo,Yes,Transfer,13
TRX2021554461,2021-03-22,Jakarta,DKI Jakarta,Jakarta,General Trade,,OUT3097,Supermarket,SP879,Beverages, Nutri Grain Drink ,SKU71830,39083,174,6800442,0.2251,1530779.49,5269662.51,Seasonal Promo,No,Transfer,2
TRX2021287614,03/08/2021,Semarang,Central Java,Semarang,Modern Trade,PT Maju Jaya Distribusi,OUT2997,Minimarket,SP364,Nuts,Honey Roasted Peanut,SKU74042,36542,139,5079338,0.1123,570409.66,4508928.34,None,No,Credit Term,8
TRX2021523442,2021-03-19,Medan,North Sumatra,Medan,Modern Trade,PT Sinar Distribusi,OUT9255,Traditional Store,SP183,Snacks, Savory Chips ,SKU15517,15041,198,2978118,0.0609,181367.39,2796750.61,,No,Credit Term,12
TRX2021250092,2021-03-15,Palembang,South Sumatra,Palembang,Distributor,PT Sinar Distribusi,OUT6524,Minimarket,SP649,Beverages,Nutri Grain Drink,SKU82002,42529,43,1828747,0.1676,306498.0,1522249.0,Retail Discount,No,Credit Term,5
TRX2021522274,2021-09-24,Palembang,South Sumatra,Palembang,General Trade,PT Sinar Distribusi,OUT4469,Minimarket,SP920,Beverages,Choco Malt Drink,SKU37872,3679,199,732121,0.1509,110477.06,621643.94,Seasonal Promo,No,Cash,14
TRX2021926631,2021-01-16,Jakarta,DKI Jakarta,Jakarta,E-commerce,PT Global Snack Dist,OUT4297,Online Store,SP954,Beverages,Choco Malt Drink,SKU92714,6274,15,94110,0.1619,15236.41,78873.59,,No,Transfer,9
TRX2021425445,28/09/2021,Makassar,South Sulawesi,Makassar,General Trade,PT Nusantara Supply,OUT1173,Supermarket,SP322,Nuts,Spicy Peanut Mix,SKU57771,13306,189,2514834,0.1999,502715.32,2012118.68,Retail Discount,No,Transfer,3
TRX2021160399,08/04/2021,Jakarta,DKI Jakarta,Jakarta,General Trade,PT Nusantara Supply,OUT8894,Online Store,SP344,Nuts,Honey Roasted Peanut,SKU72480,40117,156,6258252,0.0062,38801.16,6219450.84,Seasonal Promo,No,Transfer,14
TRX2021648450,16/02/2021,Makassar,South Sulawesi,Makassar,General Trade,PT Sinar Distribusi,OUT1268,Traditional Store,SP638,Snacks, Savory Chips ,SKU47954,36177,147,5318019,0.0461,245160.68,5072858.32,,No,Transfer,1
TRX2021383040,2021-01-09,Palembang,South Sumatra,Palembang,General Trade,PT Maju Jaya Distribusi,OUT4673,Supermarket,SP335,Biscuits,Butter Crunch Biscuit,SKU16711,32534,187,6083858,0.1056,642455.4,5441402.6,Retail Discount,No,Credit Term,1
TRX2021622501,08/03/2021,Palembang,South Sumatra,Palembang,Distributor,PT Nusantara Supply,OUT6296,Minimarket,SP884,Beverages,Energy Cocoa Drink,SKU84174,24326,119,2894794,0.0855,247504.89,2647289.11,Seasonal Promo,No,Credit Term,4
TRX2021777331,24/06/2021,Surabaya,East Java,Surabaya,Distributor,,OUT8263,Traditional Store,SP882,Candy, Caramel Drop Candy ,SKU98068,47769,194,9267186,0.0793,734887.85,8532298.15,Bundle Promo,No,Cash,9
TRX2021489868,26/08/2021,Surabaya,East Java,Surabaya,Distributor,PT Global Snack Dist,OUT8497,Supermarket,SP134,Candy,Caramel Drop Candy,SKU92797,32527,137,4456199,0.2408,1073052.72,3383146.28,,No,Cash,13
TRX2021972857,2021-10-30,Yogyakarta,DI Yogyakarta,Yogyakarta,Distributor,PT Maju Jaya Distribusi,OUT5602,Online Store,SP710,Beverages,Nutri Grain Drink,SKU81834,4663,126,587538,0.245,143946.81,443591.19,Retail Discount,No,Transfer,14
TRX2021232400,30/06/2021,Yogyakarta,DI Yogyakarta,Yogyakarta,General Trade,PT Sinar Distribusi,OUT6890,Online Store,SP351,Snacks, Spicy Curl ,SKU47543,37462,124,4645288,0.1719,798525.01,3846762.99,None,No,Credit Term,12
TRX2021223715,2021-06-17,Yogyakarta,DI Yogyakarta,Yogyakarta,Modern Trade,PT Maju Jaya Distribusi,OUT3700,Traditional Store,SP925,Biscuits,Butter Crunch Biscuit,SKU32785,11129,177,1969833,0.1335,262972.71,1706860.29,None,No,Credit Term,8
TRX2021305832,2021-02-22,Bandung,West Java,Bandung,E-commerce,PT Global Snack Dist,OUT4698,Traditional Store,SP202,Snacks,Spicy Curl,SKU51598,9913,12,118956,0.2068,24600.1,94355.9,None,No,Credit Term,7
TRX2021297071,2021-12-06,Palembang,South Sumatra,Palembang,Modern Trade,,OUT3612,Traditional Store,SP553,Snacks,Spicy Curl,SKU85557,7322,95,695590,0.0119,8277.52,687312.48,Seasonal Promo,No,Credit Term,8
TRX2021340832,2021-01-19,Medan,North Sumatra,Medan,Distributor,PT Maju Jaya Distribusi,OUT9660,Supermarket,SP289,Nuts,Spicy Peanut Mix,SKU90500,38754,139,5386806,0.0555,298967.73,5087838.27,,No,Transfer,9
TRX2021206811,03/03/2021,Medan,North Sumatra,Medan,General Trade,PT Sinar Distribusi,OUT9890,Traditional Store,SP241,Snacks, Spicy Curl ,SKU49071,35159,117,4113603,0.0506,208148.31,3905454.69,,No,Transfer,8
TRX2021124310,22/12/2021,Yogyakarta,DI Yogyakarta,Yogyakarta,Distributor,PT Global Snack Dist,OUT2075,Online Store,SP645,Candy,Mint Pop Candy,SKU20471,34432,92,3167744,0.1213,384247.35,2783496.65,,No,Transfer,5
TRX2021963793,29/03/2021,Bandung,West Java,Bandung,E-commerce,,OUT1767,Minimarket,SP835,Snacks,Crunchy Bite,SKU17570,20813,80,1665040,0.179,298042.16,1366997.84,Seasonal Promo,No,Cash,1
TRX2021630553,25/10/2021,Palembang,South Sumatra,Palembang,Distributor,PT Nusantara Supply,OUT4057,Traditional Store,SP552,Biscuits,Golden Cream Biscuit,SKU84155,11030,137,1511110,0.0429,64826.62,1446283.38,Retail Discount,No,Cash,1
TRX2021836291,2021-02-01,Palembang,South Sumatra,Palembang,General Trade,PT Nusantara Supply,OUT2658,Minimarket,SP709,Beverages,Energy Cocoa Drink,SKU63602,12843,23,295389,0.2098,61972.61,233416.39,Bundle Promo,No,Cash,13
TRX2021257372,2021-07-09,Yogyakarta,DI Yogyakarta,Yogyakarta,Distributor,PT Global Snack Dist,OUT3461,Online Store,SP864,Beverages,Energy Cocoa Drink,SKU78718,34751,123,4274373,0.0949,405638.0,3868735.0,Seasonal Promo,No,Transfer,13
TRX2021886722,31/10/2021,Jakarta,DKI Jakarta,Jakarta,Modern Trade,PT Maju Jaya Distribusi,OUT3826,Traditional Store,SP851,Nuts,Spicy Peanut Mix,SKU31513,19550,18,351900,0.1749,61547.31,290352.69,None,No,Cash,1
TRX2021968088,2021-09-06,Bandung,West Java,Bandung,E-commerce,PT Maju Jaya Distribusi,OUT3861,Online Store,SP549,Nuts,Spicy Peanut Mix,SKU49992,6313,65,410345,0.2064,84695.21,325649.79,Bundle Promo,No,Credit Term,5
TRX2021267430,2021-12-26,Jakarta,DKI Jakarta,Jakarta,Distributor,PT Global Snack Dist,OUT1110,Minimarket,SP266,Snacks,Spicy Curl,SKU31734,4493,86,386398,0.1376,53168.36,333229.64,,No,Transfer,8
TRX2021919823,23/01/2021,Semarang,Central Java,Semarang,General Trade,PT Global Snack Dist,OUT8945,Supermarket,SP475,Nuts,Salted Cashew Mix,SKU17666,8847,170,1503990,0.0333,50082.87,1453907.13,Bundle Promo,No,Cash,5
TRX2021621730,2021-01-27,Jakarta,DKI Jakarta,Jakarta,Distributor,PT Maju Jaya Distribusi,OUT6437,Supermarket,SP800,Nuts,Spicy Peanut Mix,SKU55111,17277,176,3040752,0.1072,325968.61,2714783.39,Bundle Promo,No,Credit Term,3
TRX2021488997,17/07/2021,Medan,North Sumatra,Medan,E-commerce,PT Maju Jaya Distribusi,OUT2724,Supermarket,SP944,Snacks,Spicy Curl,SKU88663,16408,175,2871400,0.0218,62596.52,2808803.48,Bundle Promo,No,Cash,3
TRX2021265062,2021-01-14,Jakarta,DKI Jakarta,Jakarta,Modern Trade,PT Maju Jaya Distribusi,OUT8021,Minimarket,SP590,Snacks, Crunchy Bite ,SKU63788,49480,62,3067760,0.0466,142957.62,2924802.38,Seasonal Promo,No,Cash,1
TRX2021172884,2021-03-25,Makassar,South Sulawesi,Makassar,Modern Trade,PT Sinar Distribusi,OUT5572,Supermarket,SP502,Candy,Caramel Drop Candy,SKU67934,49370,125,6171250,0.1524,940498.5,5230751.5,Seasonal Promo,No,Cash,8
TRX2021445764,2021-06-22,Bandung,West Java,Bandung,Distributor,,OUT4147,Minimarket,SP338,Beverages,Nutri Grain Drink,SKU51145,7687,120,922440,0.0376,34683.74,887756.26,,No,Cash,11
TRX2021181941,2021-10-29,Surabaya,East Java,Surabaya,General Trade,PT Global Snack Dist,OUT5688,Traditional Store,SP537,Snacks,Savory Chips,SKU44283,5754,112,644448,0.0316,20364.56,624083.44,Retail Discount,No,Credit Term,9
TRX2021560199,30/06/2021,Palembang,South Sumatra,Palembang,Distributor,,OUT5411,Traditional Store,SP669,Snacks,Savory Chips,SKU78326,26690,60,1601400,0.1396,223555.44,1377844.56,Seasonal Promo,No,Transfer,11
TRX2021479648,22/07/2021,Medan,North Sumatra,Medan,General Trade,PT Nusantara Supply,OUT4272,Minimarket,SP989,Candy,Caramel Drop Candy,SKU36053,42296,39,1649544,0.2136,352342.6,1297201.4,,No,Cash,10
TRX2021637580,2021-09-06,Makassar,South Sulawesi,Makassar,General Trade,PT Nusantara Supply,OUT4424,Minimarket,SP465,Beverages,Choco Malt Drink,SKU82409,28747,177,5088219,0.0535,272219.72,4815999.28,Retail Discount,No,Cash,11
TRX2021120357,2021-05-26,Yogyakarta,DI Yogyakarta,Yogyakarta,Distributor,,OUT5801,Supermarket,SP870,Biscuits,Butter Crunch Biscuit,SKU85928,42354,48,2032992,0.119,241926.05,1791065.95,Retail Discount,No,Transfer,9
TRX2021908179,2021-05-29,Jakarta,DKI Jakarta,Jakarta,Distributor,PT Maju Jaya Distribusi,OUT9004,Traditional Store,SP843,Nuts, Salted Cashew Mix ,SKU45073,7552,175,1321600,0.1815,239870.4,1081729.6,Retail Discount,No,Transfer,14
TRX2021693829,02/10/2021,Makassar,South Sulawesi,Makassar,General Trade,PT Sinar Distribusi,OUT3171,Supermarket,SP170,Biscuits,Butter Crunch Biscuit,SKU19391,22362,106,2370372,0.0744,176355.68,2194016.32,Retail Discount,No,Cash,4
TRX2021634104,02/06/2021,Medan,North Sumatra,Medan,Modern Trade,,OUT6597,Traditional Store,SP933,Snacks,Crunchy Bite,SKU23502,35538,179,6361302,0.1677,1066790.35,5294511.65,,No,Transfer,4
TRX2021816886,2021-12-01,Semarang,Central Java,Semarang,Distributor,PT Sinar Distribusi,OUT8800,Minimarket,SP909,Candy,Mint Pop Candy,SKU56451,17652,93,1641636,0.1294,212427.7,1429208.3,,No,Transfer,8
TRX2021540269,02/05/2021,Semarang,Central Java,Semarang,E-commerce,,OUT6208,Traditional Store,SP645,Snacks,Spicy Curl,SKU99492,47824,64,3060736,0.093,284648.45,2776087.55,None,No,Credit Term,8
TRX2021122822,16/02/2021,Bandung,West Java,Bandung,E-commerce,PT Global Snack Dist,OUT7250,Supermarket,SP755,Biscuits, Golden Cream Biscuit ,SKU63607,49753,60,2985180,0.2404,717637.27,2267542.73,,No,Transfer,1
TRX2021962155,2021-05-17,Jakarta,DKI Jakarta,Jakarta,E-commerce,PT Nusantara Supply,OUT7063,Traditional Store,SP365,Candy,Caramel Drop Candy,SKU92493,19042,19,361798,0.0806,29160.92,332637.08,Retail Discount,No,Transfer,13
TRX2021544350,19/02/2021,Semarang,Central Java,Semarang,Distributor,PT Maju Jaya Distribusi,OUT2515,Supermarket,SP190,Snacks,Savory Chips,SKU34771,3213,145,465885,0.0534,24878.26,441006.74,Seasonal Promo,No,Transfer,2
TRX2021940769,23/11/2021,Surabaya,East Java,Surabaya,General Trade,PT Nusantara Supply,OUT9899,Minimarket,SP737,Candy,Mint Pop Candy,SKU56121,41200,29,1194800,0.11,131428.0,1063372.0,Bundle Promo,No,Transfer,1
TRX2021152520,2021-03-13,Jakarta,DKI Jakarta,Jakarta,Modern Trade,PT Sinar Distribusi,OUT9097,Minimarket,SP172,Candy,Mint Pop Candy,SKU59820,43971,181,7958751,0.0217,172704.9,7786046.1,Bundle Promo,No,Cash,3
TRX2021654471,2021-10-12,Bandung,West Java,Bandung,Distributor,PT Sinar Distribusi,OUT9885,Traditional Store,SP349,Biscuits,Choco Delight Biscuit,SKU28365,6166,69,425454,0.132,56159.93,369294.07,None,No,Transfer,1
TRX2021293461,19/10/2021,Surabaya,East Java,Surabaya,General Trade,PT Nusantara Supply,OUT7543,Supermarket,SP712,Beverages,Nutri Grain Drink,SKU21148,11187,177,1980099,0.2266,448690.43,1531408.57,Seasonal Promo,No,Credit Term,3
TRX2021995769,2021-11-26,Jakarta,DKI Jakarta,Jakarta,E-commerce,PT Sinar Distribusi,OUT1592,Supermarket,SP993,Nuts,Spicy Peanut Mix,SKU15599,25341,2,50682,0.1751,8874.42,41807.58,Bundle Promo,No,Credit Term,7
TRX2021450948,2021-09-04,Bandung,West Java,Bandung,General Trade,PT Maju Jaya Distribusi,OUT9903,Traditional Store,SP294,Candy, Mint Pop Candy ,SKU39157,49647,85,4219995,0.2432,1026302.78,3193692.22,Retail Discount,No,Transfer,10
TRX2021441140,2021-01-04,Jakarta,DKI Jakarta,Jakarta,Distributor,PT Maju Jaya Distribusi,OUT9233,Minimarket,SP257,Beverages,Choco Malt Drink,SKU15559,23644,156,3688464,0.169,623350.42,3065113.58,Retail Discount,No,Credit Term,10
TRX2021864140,07/03/2021,Bandung,West Java,Bandung,General Trade,PT Nusantara Supply,OUT5248,Minimarket,SP186,Snacks,Savory Chips,SKU26540,48280,85,4103800,0.2166,888883.08,3214916.92,Seasonal Promo,No,Transfer,8
TRX2021323247,2021-12-25,Semarang,Central Java,Semarang,Distributor,PT Global Snack Dist,OUT2133,Online Store,SP636,Snacks,Savory Chips,SKU40467,43381,25,1084525,0.2075,225038.94,859486.06,None,No,Transfer,14
TRX2021257314,14/11/2021,Yogyakarta,DI Yogyakarta,Yogyakarta,General Trade,,OUT7665,Online Store,SP437,Nuts,Salted Cashew Mix,SKU14191,23110,168,3882480,0.077,298950.96,3583529.04,,No,Transfer,1
TRX2021983512,2021-03-22,Jakarta,DKI Jakarta,Jakarta,General Trade,PT Maju Jaya Distribusi,OUT3936,Traditional Store,SP129,Snacks,Savory Chips,SKU76403,46473,200,9294600,0.225,2091285.0,7203315.0,None,No,Transfer,14
TRX2021597052,2021-05-29,Bandung,West Java,Bandung,Modern Trade,PT Sinar Distribusi,OUT2928,Supermarket,SP941,Biscuits,Choco Delight Biscuit,SKU56918,7452,148,1102896,0.2455,270760.97,832135.03,Retail Discount,Yes,Transfer,2
TRX2021108248,03/04/2021,Palembang,South Sumatra,Palembang,E-commerce,PT Maju Jaya Distribusi,OUT7331,Traditional Store,SP315,Nuts,Honey Roasted Peanut,SKU86069,43545,42,1828890,0.0849,155272.76,1673617.24,Bundle Promo,No,Cash,7
TRX2021317884,2021-08-08,Medan,North Sumatra,Medan,E-commerce,PT Global Snack Dist,OUT1358,Traditional Store,SP923,Candy, Caramel Drop Candy ,SKU68860,11858,60,711480,0.1619,115188.61,596291.39,Bundle Promo,No,Credit Term,3
TRX2021156419,18/05/2021,Bandung,West Java,Bandung,Distributor,PT Global Snack Dist,OUT1136,Minimarket,SP537,Candy, Fruit Jelly Candy ,SKU95476,6513,43,280059,0.1992,55787.75,224271.25,None,No,Transfer,12
TRX2021558683,2021-09-19,Bandung,West Java,Bandung,E-commerce,PT Maju Jaya Distribusi,OUT4746,Minimarket,SP480,Candy, Mint Pop Candy ,SKU43136,19998,86,1719828,0.1652,284115.59,1435712.41,None,No,Transfer,9
TRX2021333657,2021-02-13,Surabaya,East Java,Surabaya,E-commerce,PT Sinar Distribusi,OUT4835,Traditional Store,SP877,Beverages,Energy Cocoa Drink,SKU27463,13634,52,708968,0.1207,85572.44,623395.56,Seasonal Promo,No,Transfer,3
TRX2021197268,2021-10-03,Bandung,West Java,Bandung,Distributor,PT Sinar Distribusi,OUT1179,Online Store,SP332,Beverages,Choco Malt Drink,SKU46879,41387,46,1903802,0.1196,227694.72,1676107.28,,No,Credit Term,14
TRX2021859732,2021-01-15,Makassar,South Sulawesi,Makassar,Distributor,PT Maju Jaya Distribusi,OUT3047,Supermarket,SP550,Nuts,Salted Cashew Mix,SKU19097,40362,53,2139186,0.1931,413076.82,1726109.18,Seasonal Promo,No,Transfer,11
TRX2021330489,29/05/2021,Yogyakarta,DI Yogyakarta,Yogyakarta,E-commerce,PT Maju Jaya Distribusi,OUT1685,Online Store,SP543,Biscuits,Butter Crunch Biscuit,SKU32670,9087,141,1281267,0.0304,38950.52,1242316.48,Seasonal Promo,No,Transfer,11
TRX2021181501,10/08/2021,Semarang,Central Java,Semarang,Distributor,PT Nusantara Supply,OUT7902,Traditional Store,SP614,Snacks,Savory Chips,SKU71313,13123,44,577412,0.1705,98448.75,478963.25,,No,Cash,13
TRX2021245365,26/06/2021,Surabaya,East Java,Surabaya,Modern Trade,PT Maju Jaya Distribusi,OUT9212,Online Store,SP539,Biscuits,Golden Cream Biscuit,SKU45201,5964,8,47712,0.1474,7032.75,40679.25,,No,Transfer,2
TRX2021312639,2021-05-11,Makassar,South Sulawesi,Makassar,Modern Trade,,OUT8565,Online Store,SP469,Biscuits,Butter Crunch Biscuit,SKU46563,34243,20,684860,0.2057,140875.7,543984.3,Seasonal Promo,No,Credit Term,6
TRX2021872352,2021-09-26,Bandung,West Java,Bandung,Distributor,,OUT2158,Traditional Store,SP358,Snacks,Crunchy Bite,SKU16969,25269,107,2703783,0.2467,667023.27,2036759.73,Bundle Promo,No,Transfer,4
TRX2021581685,2021-03-20,Makassar,South Sulawesi,Makassar,E-commerce,PT Global Snack Dist,OUT4813,Online Store,SP579,Snacks,Crunchy Bite,SKU15311,3625,122,442250,0.2049,90617.02,351632.97,Seasonal Promo,No,Cash,13
TRX2021345632,2021-04-10,Surabaya,East Java,Surabaya,Modern Trade,PT Sinar Distribusi,OUT1357,Minimarket,SP746,Candy, Mint Pop Candy ,SKU16511,34706,105,3644130,0.132,481025.16,3163104.84,None,No,Cash,1
TRX2021159340,2021-11-20,Yogyakarta,DI Yogyakarta,Yogyakarta,E-commerce,PT Nusantara Supply,OUT9949,Supermarket,SP878,Nuts,Salted Cashew Mix,SKU50622,17791,99,1761309,0.0139,24482.2,1736826.8,Seasonal Promo,Yes,Transfer,12
TRX2021611900,2021-12-21,Palembang,South Sumatra,Palembang,Distributor,PT Maju Jaya Distribusi,OUT6927,Traditional Store,SP189,Snacks,Savory Chips,SKU50539,46989,132,6202548,0.0736,456507.53,5746040.47,Seasonal Promo,No,Credit Term,10
TRX2021198118,2021-11-18,Palembang,South Sumatra,Palembang,E-commerce,,OUT1029,Online Store,SP331,Candy,Fruit Jelly Candy,SKU91552,4115,174,716010,0.0856,61290.46,654719.54,Retail Discount,No,Cash,3
TRX2021816886,2021-05-21,Medan,North Sumatra,Medan,Modern Trade,PT Nusantara Supply,OUT1594,Online Store,SP508,Snacks,Savory Chips,SKU70431,47791,38,1816058,0.0965,175249.6,1640808.4,Seasonal Promo,No,Credit Term,7
TRX2021690436,15/07/2021,Semarang,Central Java,Semarang,E-commerce,PT Maju Jaya Distribusi,OUT4862,Online Store,SP637,Beverages,Nutri Grain Drink,SKU85877,16200,157,2543400,0.1538,391174.92,2152225.08,Seasonal Promo,No,Transfer,8
TRX2021700842,2021-12-09,Yogyakarta,DI Yogyakarta,Yogyakarta,E-commerce,PT Nusantara Supply,OUT7608,Minimarket,SP610,Beverages,Nutri Grain Drink,SKU87311,27599,138,3808662,0.2137,813911.07,2994750.93,,No,Cash,4
TRX2021643377,2021-05-22,Yogyakarta,DI Yogyakarta,Yogyakarta,General Trade,,OUT5283,Online Store,SP810,Beverages,Energy Cocoa Drink,SKU16406,45229,160,7236640,0.0471,340845.74,6895794.26,None,No,Credit Term,12
TRX2021524064,17/12/2021,Jakarta,DKI Jakarta,Jakarta,E-commerce,PT Maju Jaya Distribusi,OUT5420,Minimarket,SP881,Nuts,Spicy Peanut Mix,SKU25231,2650,154,408100,0.0108,4407.48,403692.52,Seasonal Promo,No,Transfer,2
TRX2021363554,2021-10-13,Bandung,West Java,Bandung,Distributor,PT Sinar Distribusi,OUT9576,Traditional Store,SP707,Snacks,Savory Chips,SKU35865,45938,196,9003848,0.1122,1010231.75,7993616.25,,No,Cash,7
TRX2021969508,2021-05-23,Bandung,West Java,Bandung,E-commerce,,OUT6257,Traditional Store,SP680,Biscuits,Butter Crunch Biscuit,SKU90306,8656,61,528016,0.1883,99425.41,428590.59,Retail Discount,No,Transfer,12
TRX2021566103,2021-05-13,Semarang,Central Java,Semarang,General Trade,PT Global Snack Dist,OUT8981,Minimarket,SP649,Snacks,Spicy Curl,SKU69616,47915,73,3497795,0.0564,197275.64,3300519.36,,No,Credit Term,9
TRX2021889051,02/09/2021,Palembang,South Sumatra,Palembang,E-commerce,,OUT1439,Supermarket,SP833,Candy,Caramel Drop Candy,SKU11173,30743,126,3873618,0.0591,228930.82,3644687.18,Seasonal Promo,No,Cash,12
TRX2021206818,04/05/2021,Palembang,South Sumatra,Palembang,Modern Trade,,OUT7210,Online Store,SP129,Nuts,Spicy Peanut Mix,SKU13615,19608,56,1098048,0.0565,62039.71,1036008.29,Bundle Promo,No,Transfer,4
TRX2021510305,22/11/2021,Palembang,South Sumatra,Palembang,General Trade,PT Sinar Distribusi,OUT4851,Supermarket,SP310,Beverages,Choco Malt Drink,SKU31087,11175,49,547575,0.0074,4052.06,543522.94,Retail Discount,No,Credit Term,7
TRX2021838524,2021-01-08,Palembang,South Sumatra,Palembang,E-commerce,,OUT2048,Supermarket,SP650,Snacks,Crunchy Bite,SKU35287,16649,150,2497350,0.2205,550665.68,1946684.32,Bundle Promo,No,Credit Term,13
TRX2021914249,2021-06-30,Semarang,Central Java,Semarang,Modern Trade,PT Global Snack Dist,OUT6418,Minimarket,SP658,Snacks,Savory Chips,SKU99006,17669,17,300373,0.0716,21506.71,278866.29,None,No,Cash,12
TRX2021537524,2021-06-15,Bandung,West Java,Bandung,Modern Trade,PT Global Snack Dist,OUT8037,Supermarket,SP278,Beverages,Nutri Grain Drink,SKU23186,8656,133,1151248,0.1603,184545.05,966702.95,,No,Credit Term,5
TRX2021409192,25/05/2021,Medan,North Sumatra,Medan,E-commerce,PT Global Snack Dist,OUT6676,Supermarket,SP794,Biscuits,Choco Delight Biscuit,SKU30388,45262,164,7422968,0.0056,41568.62,7381399.38,None,No,Credit Term,4
TRX2021118233,25/04/2021,Palembang,South Sumatra,Palembang,Modern Trade,PT Nusantara Supply,OUT6053,Supermarket,SP763,Candy,Mint Pop Candy,SKU93524,33023,70,2311610,0.1771,409386.13,1902223.87,None,No,Credit Term,9
TRX2021306540,2021-02-10,Semarang,Central Java,Semarang,Modern Trade,PT Sinar Distribusi,OUT3752,Minimarket,SP455,Nuts,Salted Cashew Mix,SKU27331,48311,160,7729760,0.128,989409.28,6740350.72,Retail Discount,No,Cash,6
TRX2021102218,19/02/2021,Makassar,South Sulawesi,Makassar,General Trade,PT Maju Jaya Distribusi,OUT9958,Supermarket,SP650,Nuts, Spicy Peanut Mix ,SKU12607,46067,187,8614529,0.1744,1502373.86,7112155.14,,No,Credit Term,12
TRX2021401328,25/06/2021,Surabaya,East Java,Surabaya,General Trade,,OUT5673,Minimarket,SP295,Snacks,Spicy Curl,SKU79139,6340,128,811520,0.0791,64191.23,747328.77,None,No,Cash,12
TRX2021884409,2021-01-16,Yogyakarta,DI Yogyakarta,Yogyakarta,Modern Trade,PT Global Snack Dist,OUT2570,Online Store,SP735,Beverages,Nutri Grain Drink,SKU89301,4135,170,702950,0.0527,37045.46,665904.54,Retail Discount,No,Cash,9
TRX2021506973,10/04/2021,Semarang,Central Java,Semarang,General Trade,PT Sinar Distribusi,OUT7948,Minimarket,SP173,Beverages,Choco Malt Drink,SKU99201,7841,188,1474108,0.1365,201215.74,1272892.26,Bundle Promo,No,Cash,5
TRX2021855468,12/05/2021,Yogyakarta,DI Yogyakarta,Yogyakarta,Distributor,PT Sinar Distribusi,OUT6179,Traditional Store,SP310,Biscuits,Butter Crunch Biscuit,SKU40659,31883,78,2486874,0.1402,348659.73,2138214.27,Bundle Promo,No,Cash,11
TRX2021655913,2021-10-13,Bandung,West Java,Bandung,Distributor,PT Global Snack Dist,OUT7601,Minimarket,SP642,Candy,Caramel Drop Candy,SKU36118,46606,151,7037506,0.2481,1746005.24,5291500.76,,No,Cash,10
TRX2021996332,14/10/2021,Palembang,South Sumatra,Palembang,Distributor,,OUT7222,Minimarket,SP338,Biscuits, Butter Crunch Biscuit ,SKU47237,32164,74,2380136,0.0696,165657.47,2214478.53,Bundle Promo,No,Transfer,2
TRX2021866563,2021-02-21,Palembang,South Sumatra,Palembang,General Trade,,OUT7306,Traditional Store,SP128,Beverages,Energy Cocoa Drink,SKU15321,21150,185,3912750,0.2324,909323.1,3003426.9,None,No,Credit Term,14
TRX2021433325,2021-11-03,Medan,North Sumatra,Medan,Distributor,PT Maju Jaya Distribusi,OUT4832,Supermarket,SP447,Nuts,Spicy Peanut Mix,SKU64964,14826,179,2653854,0.0413,109604.17,2544249.83,Bundle Promo,No,Credit Term,1
TRX2021276133,19/04/2021,Medan,North Sumatra,Medan,Modern Trade,PT Sinar Distribusi,OUT1294,Supermarket,SP838,Nuts,Salted Cashew Mix,SKU77107,32316,73,2359068,0.2121,500358.32,1858709.68,Retail Discount,No,Transfer,14
TRX2021371425,07/06/2021,Surabaya,East Java,Surabaya,Modern Trade,PT Nusantara Supply,OUT1608,Online Store,SP719,Nuts, Spicy Peanut Mix ,SKU30928,37286,164,6114904,0.2494,1525057.06,4589846.94,Retail Discount,No,Transfer,11
TRX2021521921,2021-09-06,Jakarta,DKI Jakarta,Jakarta,E-commerce,PT Maju Jaya Distribusi,OUT3524,Traditional Store,SP962,Candy,Caramel Drop Candy,SKU60815,48013,104,4993352,0.1588,792944.3,4200407.7,Retail Discount,No,Transfer,4
TRX2021943264,2021-06-02,Palembang,South Sumatra,Palembang,E-commerce,PT Maju Jaya Distribusi,OUT2292,Supermarket,SP985,Beverages,Choco Malt Drink,SKU14392,26870,82,2203340,0.0357,78659.24,2124680.76,None,No,Transfer,8
TRX2021367016,2021-09-08,Jakarta,DKI Jakarta,Jakarta,General Trade,PT Global Snack Dist,OUT5150,Online Store,SP618,Biscuits,Golden Cream Biscuit,SKU89063,15801,46,726846,0.1344,97688.1,629157.9,None,No,Cash,1
TRX2021394032,2021-02-06,Semarang,Central Java,Semarang,General Trade,PT Global Snack Dist,OUT7885,Traditional Store,SP122,Biscuits,Choco Delight Biscuit,SKU60381,47349,41,1941309,0.1254,243440.15,1697868.85,,No,Transfer,3
TRX2021395845,08/10/2021,Jakarta,DKI Jakarta,Jakarta,General Trade,PT Sinar Distribusi,OUT1331,Traditional Store,SP692,Candy,Fruit Jelly Candy,SKU62559,8195,46,376970,0.12,45236.4,331733.6,Retail Discount,No,Cash,9
TRX2021494510,2021-10-06,Jakarta,DKI Jakarta,Jakarta,Distributor,,OUT8832,Supermarket,SP991,Beverages,Energy Cocoa Drink,SKU82457,45065,157,7075205,0.157,1110807.19,5964397.81,None,No,Credit Term,11
TRX2021385587,02/11/2021,Bandung,West Java,Bandung,Modern Trade,PT Nusantara Supply,OUT8378,Supermarket,SP959,Candy,Caramel Drop Candy,SKU54147,14667,116,1701372,0.1797,305736.55,1395635.45,None,No,Cash,3
TRX2021753696,2021-04-26,Surabaya,East Java,Surabaya,General Trade,PT Global Snack Dist,OUT3442,Traditional Store,SP172,Nuts,Spicy Peanut Mix,SKU61187,11998,27,323946,0.2004,64918.78,259027.22,Seasonal Promo,No,Cash,13
TRX2021263950,12/09/2021,Bandung,West Java,Bandung,E-commerce,PT Maju Jaya Distribusi,OUT3565,Online Store,SP386,Candy,Mint Pop Candy,SKU34751,23318,182,4243876,0.1919,814399.8,3429476.2,Retail Discount,No,Cash,11
TRX2021360128,14/01/2021,Medan,North Sumatra,Medan,E-commerce,PT Maju Jaya Distribusi,OUT2223,Minimarket,SP947,Snacks,Savory Chips,SKU14247,7833,71,556143,0.0304,16906.75,539236.25,None,No,Cash,6
TRX2021418075,2021-03-06,Medan,North Sumatra,Medan,Distributor,PT Nusantara Supply,OUT9444,Minimarket,SP609,Candy, Caramel Drop Candy ,SKU63023,13333,146,1946618,0.1726,335986.27,1610631.73,Bundle Promo,No,Cash,3
TRX2021327797,31/08/2021,Makassar,South Sulawesi,Makassar,E-commerce,,OUT8809,Online Store,SP663,Candy,Mint Pop Candy,SKU25543,22851,12,274212,0.0961,26351.77,247860.23,Bundle Promo,No,Transfer,8
TRX2021608372,30/07/2021,Bandung,West Java,Bandung,Modern Trade,PT Nusantara Supply,OUT6295,Online Store,SP422,Snacks,Savory Chips,SKU32325,4692,136,638112,0.0359,22908.22,615203.78,,No,Credit Term,4
TRX2021205302,10/03/2021,Yogyakarta,DI Yogyakarta,Yogyakarta,Modern Trade,PT Sinar Distribusi,OUT1575,Traditional Store,SP496,Beverages, Nutri Grain Drink ,SKU86594,14918,28,417704,0.2096,87550.76,330153.24,Seasonal Promo,No,Transfer,6
TRX2021880673,07/02/2021,Yogyakarta,DI Yogyakarta,Yogyakarta,Modern Trade,PT Global Snack Dist,OUT9111,Minimarket,SP708,Snacks,Savory Chips,SKU64323,10660,26,277160,0.0666,18458.86,258701.14,,No,Credit Term,3
TRX2021815022,2021-07-24,Palembang,South Sumatra,Palembang,Modern Trade,PT Sinar Distribusi,OUT5091,Minimarket,SP309,Nuts, Honey Roasted Peanut ,SKU62486,28622,68,1946296,0.0174,33865.55,1912430.45,Retail Discount,No,Cash,4
TRX2021158985,03/11/2021,Medan,North Sumatra,Medan,E-commerce,PT Sinar Distribusi,OUT8932,Minimarket,SP866,Biscuits,Butter Crunch Biscuit,SKU14499,38114,53,2020042,0.2247,453903.44,1566138.56,Bundle Promo,No,Transfer,14
TRX2021145635,26/11/2021,Medan,North Sumatra,Medan,E-commerce,PT Sinar Distribusi,OUT4020,Supermarket,SP834,Candy,Caramel Drop Candy,SKU71255,41665,90,3749850,0.2003,751094.96,2998755.04,Retail Discount,No,Credit Term,13
TRX2021191484,2021-03-22,Palembang,South Sumatra,Palembang,E-commerce,PT Nusantara Supply,OUT9044,Traditional Store,SP478,Nuts,Spicy Peanut Mix,SKU75068,38446,189,7266294,0.1823,1324645.4,5941648.6,Bundle Promo,No,Credit Term,5
TRX2021653209,2021-07-10,Makassar,South Sulawesi,Makassar,E-commerce,PT Global Snack Dist,OUT7712,Traditional Store,SP419,Nuts,Salted Cashew Mix,SKU83799,15131,54,817074,0.0902,73700.07,743373.93,Seasonal Promo,No,Credit Term,1
TRX2021858071,03/04/2021,Medan,North Sumatra,Medan,General Trade,PT Maju Jaya Distribusi,OUT9995,Traditional Store,SP291,Biscuits,Butter Crunch Biscuit,SKU70403,24983,146,3647518,0.1647,600746.21,3046771.79,Seasonal Promo,No,Cash,13
TRX2021700213,2021-05-19,Jakarta,DKI Jakarta,Jakarta,E-commerce,PT Nusantara Supply,OUT1916,Minimarket,SP442,Snacks, Crunchy Bite ,SKU41954,7908,196,1549968,0.1827,283179.15,1266788.85,Bundle Promo,No,Cash,11
TRX2021884651,2021-03-28,Jakarta,DKI Jakarta,Jakarta,E-commerce,PT Sinar Distribusi,OUT1866,Minimarket,SP998,Candy,Fruit Jelly Candy,SKU71871,45571,35,1594985,0.1012,161412.48,1433572.52,None,No,Cash,7
TRX2021112948,2021-02-15,Palembang,South Sumatra,Palembang,E-commerce,PT Nusantara Supply,OUT4917,Supermarket,SP107,Candy,Mint Pop Candy,SKU17822,2707,22,59554,0.0845,5032.31,54521.69,Retail Discount,No,Credit Term,14
TRX2021302492,16/05/2021,Jakarta,DKI Jakarta,Jakarta,E-commerce,PT Maju Jaya Distribusi,OUT4099,Minimarket,SP671,Nuts,Honey Roasted Peanut,SKU18004,12238,157,1921366,0.1589,305305.06,1616060.94,None,No,Credit Term,8
TRX2021674551,16/12/2021,Semarang,Central Java,Semarang,E-commerce,PT Global Snack Dist,OUT5298,Online Store,SP225,Candy,Caramel Drop Candy,SKU92890,2029,124,251596,0.1218,30644.39,220951.61,Seasonal Promo,No,Transfer,12
TRX2021994758,2021-05-03,Palembang,South Sumatra,Palembang,General Trade,PT Sinar Distribusi,OUT1941,Supermarket,SP345,Candy,Fruit Jelly Candy,SKU91734,13265,168,2228520,0.0577,128585.6,2099934.4,Seasonal Promo,No,Transfer,11
TRX2021451295,12/09/2021,Yogyakarta,DI Yogyakarta,Yogyakarta,Modern Trade,PT Maju Jaya Distribusi,OUT3999,Online Store,SP778,Beverages,Choco Malt Drink,SKU19351,18833,176,3314608,0.0896,296988.88,3017619.12,,No,Transfer,8
TRX2021415840,29/06/2021,Makassar,South Sulawesi,Makassar,General Trade,PT Maju Jaya Distribusi,OUT8420,Traditional Store,SP361,Snacks,Spicy Curl,SKU18502,5121,10,51210,0.2452,12556.69,38653.31,,No,Cash,4
TRX2021816886,2021-04-01,Bandung,West Java,Bandung,Distributor,PT Maju Jaya Distribusi,OUT8861,Traditional Store,SP316,Beverages,Energy Cocoa Drink,SKU21717,15649,165,2582085,0.0635,163962.4,2418122.6,Retail Discount,No,Credit Term,11
TRX2021295742,22/05/2021,Yogyakarta,DI Yogyakarta,Yogyakarta,E-commerce,PT Global Snack Dist,OUT2824,Supermarket,SP274,Beverages,Nutri Grain Drink,SKU80460,42913,113,4849169,0.0893,433030.79,4416138.21,None,No,Credit Term,11
TRX2021858454,2021-11-12,Jakarta,DKI Jakarta,Jakarta,General Trade,PT Global Snack Dist,OUT6051,Traditional Store,SP589,Nuts,Spicy Peanut Mix,SKU36824,15424,135,2082240,0.093,193648.32,1888591.68,,Yes,Transfer,3
TRX2021626326,13/05/2021,Makassar,South Sulawesi,Makassar,Modern Trade,,OUT2119,Minimarket,SP547,Candy,Fruit Jelly Candy,SKU42870,3128,187,584936,0.0663,38781.26,546154.74,Retail Discount,No,Cash,11
TRX2021646642,02/03/2021,Semarang,Central Java,Semarang,Distributor,PT Maju Jaya Distribusi,OUT5125,Online Store,SP284,Biscuits,Butter Crunch Biscuit,SKU24791,14701,126,1852326,0.0585,108361.07,1743964.93,Retail Discount,No,Cash,1
TRX2021927192,06/10/2021,Semarang,Central Java,Semarang,General Trade,PT Maju Jaya Distribusi,OUT1714,Supermarket,SP953,Candy,Caramel Drop Candy,SKU31499,25386,35,888510,0.1642,145893.34,742616.66,Bundle Promo,No,Cash,2
TRX2021907559,10/01/2021,Makassar,South Sulawesi,Makassar,Distributor,PT Global Snack Dist,OUT6353,Minimarket,SP758,Nuts,Honey Roasted Peanut,SKU37649,22826,25,570650,0.0309,17633.08,553016.92,Bundle Promo,No,Credit Term,7
TRX2021186107,28/01/2021,Jakarta,DKI Jakarta,Jakarta,General Trade,PT Sinar Distribusi,OUT2458,Traditional Store,SP465,Snacks,Crunchy Bite,SKU95173,30554,112,3422048,0.1043,356919.61,3065128.39,None,No,Cash,8
TRX2021440964,18/04/2021,Palembang,South Sumatra,Palembang,Distributor,PT Nusantara Supply,OUT9978,Minimarket,SP520,Nuts,Spicy Peanut Mix,SKU62464,47047,56,2634632,0.1078,284013.33,2350618.67,,Yes,Credit Term,14
TRX2021422187,14/09/2021,Yogyakarta,DI Yogyakarta,Yogyakarta,E-commerce,PT Nusantara Supply,OUT6624,Supermarket,SP299,Nuts,Salted Cashew Mix,SKU21392,36114,135,4875390,0.0373,181852.05,4693537.95,,No,Transfer,7
TRX2021289856,2021-05-24,Surabaya,East Java,Surabaya,E-commerce,PT Nusantara Supply,OUT7277,Supermarket,SP546,Beverages,Nutri Grain Drink,SKU16739,22091,33,729003,0.0849,61892.35,667110.65,None,No,Credit Term,5
TRX2021520486,16/09/2021,Bandung,West Java,Bandung,Distributor,PT Nusantara Supply,OUT9151,Traditional Store,SP826,Nuts,Salted Cashew Mix,SKU49139,40584,48,1948032,0.2288,445709.72,1502322.28,None,No,Transfer,3
TRX2021378759,2021-07-13,Jakarta,DKI Jakarta,Jakarta,Distributor,,OUT2921,Online Store,SP425,Nuts,Honey Roasted Peanut,SKU59773,4168,179,746072,0.0463,34543.13,711528.87,None,No,Cash,8
TRX2021378849,2021-04-25,Semarang,Central Java,Semarang,Distributor,PT Maju Jaya Distribusi,OUT9235,Traditional Store,SP544,Biscuits,Choco Delight Biscuit,SKU44738,46220,95,4390900,0.207,908916.3,3481983.7,,No,Cash,2
TRX2021540980,2021-04-26,Makassar,South Sulawesi,Makassar,Modern Trade,PT Global Snack Dist,OUT4456,Supermarket,SP474,Nuts,Honey Roasted Peanut,SKU64012,26274,160,4203840,0.1985,834462.24,3369377.76,Seasonal Promo,No,Transfer,10
TRX2021793637,25/01/2021,Palembang,South Sumatra,Palembang,Distributor,PT Maju Jaya Distribusi,OUT1587,Supermarket,SP142,Beverages,Energy Cocoa Drink,SKU19463,15807,126,1991682,0.2362,470435.29,1521246.71,Bundle Promo,No,Credit Term,14
TRX2021739757,2021-03-19,Semarang,Central Java,Semarang,General Trade,PT Nusantara Supply,OUT4230,Traditional Store,SP725,Beverages,Energy Cocoa Drink,SKU43509,33679,178,5994862,0.0003,1798.46,5993063.54,None,No,Transfer,12
TRX2021572384,14/05/2021,Yogyakarta,DI Yogyakarta,Yogyakarta,Modern Trade,,OUT8386,Minimarket,SP321,Candy,Caramel Drop Candy,SKU30736,23327,90,2099430,0.2402,504283.09,1595146.91,,No,Cash,1
TRX2021820552,2021-11-03,Surabaya,East Java,Surabaya,General Trade,PT Maju Jaya Distribusi,OUT8368,Traditional Store,SP890,Nuts,Salted Cashew Mix,SKU26323,45918,59,2709162,0.1145,310199.05,2398962.95,None,No,Credit Term,2
TRX2021769664,16/01/2021,Yogyakarta,DI Yogyakarta,Yogyakarta,Distributor,PT Sinar Distribusi,OUT9639,Supermarket,SP896,Candy,Fruit Jelly Candy,SKU55642,38191,147,5614077,0.0495,277896.81,5336180.19,None,No,Cash,7
TRX2021333176,23/08/2021,Jakarta,DKI Jakarta,Jakarta,General Trade,PT Sinar Distribusi,OUT8651,Traditional Store,SP204,Biscuits,Golden Cream Biscuit,SKU14341,26014,59,1534826,0.2131,327071.42,1207754.58,Retail Discount,No,Cash,10
TRX2021423770,2021-11-07,Surabaya,East Java,Surabaya,Modern Trade,PT Nusantara Supply,OUT2747,Minimarket,SP563,Snacks, Spicy Curl ,SKU56172,31941,124,3960684,0.1989,787780.05,3172903.95,None,No,Cash,2
TRX2021100839,2021-12-06,Jakarta,DKI Jakarta,Jakarta,Distributor,PT Maju Jaya Distribusi,OUT2440,Minimarket,SP891,Nuts,Spicy Peanut Mix,SKU25658,15098,125,1887250,0.0327,61713.07,1825536.93,None,No,Transfer,12
TRX2021116864,25/10/2021,Bandung,West Java,Bandung,E-commerce,PT Maju Jaya Distribusi,OUT2810,Supermarket,SP754,Candy,Mint Pop Candy,SKU94837,27974,57,1594518,0.1906,303915.13,1290602.87,Retail Discount,No,Transfer,3
TRX2021515594,2021-10-05,Jakarta,DKI Jakarta,Jakarta,General Trade,PT Sinar Distribusi,OUT6591,Minimarket,SP102,Candy,Mint Pop Candy,SKU39271,28449,168,4779432,0.2301,1099747.3,3679684.7,Bundle Promo,No,Transfer,5
TRX2021164154,15/04/2021,Bandung,West Java,Bandung,Modern Trade,PT Global Snack Dist,OUT1446,Supermarket,SP944,Biscuits,Butter Crunch Biscuit,SKU78791,19082,173,3301186,0.0586,193449.5,3107736.5,,No,Credit Term,4
TRX2021405620,2021-04-06,Palembang,South Sumatra,Palembang,E-commerce,PT Sinar Distribusi,OUT6280,Supermarket,SP867,Snacks,Crunchy Bite,SKU78863,36668,123,4510164,0.1591,717567.09,3792596.91,Bundle Promo,No,Credit Term,8
TRX2021284428,2021-09-03,Bandung,West Java,Bandung,Distributor,PT Global Snack Dist,OUT9404,Traditional Store,SP392,Biscuits,Choco Delight Biscuit,SKU69765,12098,172,2080856,0.2418,503150.98,1577705.02,Seasonal Promo,No,Cash,6
TRX2021110723,2021-07-04,Surabaya,East Java,Surabaya,General Trade,PT Maju Jaya Distribusi,OUT6312,Supermarket,SP755,Beverages, Nutri Grain Drink ,SKU50486,9256,155,1434680,0.2383,341884.24,1092795.76,Seasonal Promo,No,Cash,11
TRX2021276808,2021-08-05,Surabaya,East Java,Surabaya,Distributor,PT Maju Jaya Distribusi,OUT2178,Minimarket,SP974,Nuts,Honey Roasted Peanut,SKU65268,5846,67,391682,0.1133,44377.57,347304.43,Retail Discount,No,Transfer,10
TRX2021865107,2021-08-14,Palembang,South Sumatra,Palembang,General Trade,,OUT6813,Online Store,SP753,Biscuits,Butter Crunch Biscuit,SKU43492,34145,52,1775540,0.078,138492.12,1637047.88,Seasonal Promo,No,Cash,4
TRX2021283821,2021-09-04,Yogyakarta,DI Yogyakarta,Yogyakarta,E-commerce,PT Maju Jaya Distribusi,OUT5504,Online Store,SP942,Candy,Fruit Jelly Candy,SKU37688,4707,125,588375,0.2448,144034.2,444340.8,,No,Transfer,3
TRX2021577016,2021-12-09,Bandung,West Java,Bandung,Modern Trade,PT Maju Jaya Distribusi,OUT7975,Traditional Store,SP482,Snacks,Spicy Curl,SKU44434,34756,73,2537188,0.1775,450350.87,2086837.13,Bundle Promo,No,Transfer,10
TRX2021967569,26/11/2021,Makassar,South Sulawesi,Makassar,Distributor,PT Sinar Distribusi,OUT9899,Online Store,SP782,Candy,Mint Pop Candy,SKU62901,26155,55,1438525,0.1291,185713.58,1252811.42,,No,Cash,7
TRX2021274249,15/10/2021,Semarang,Central Java,Semarang,Modern Trade,,OUT9802,Traditional Store,SP791,Snacks,Crunchy Bite,SKU33621,45804,20,916080,0.1522,139427.38,776652.62,None,No,Transfer,10
TRX2021597436,2021-11-27,Semarang,Central Java,Semarang,E-commerce,PT Maju Jaya Distribusi,OUT3366,Minimarket,SP893,Nuts,Spicy Peanut Mix,SKU30815,5067,41,207747,0.0368,7645.09,200101.91,Seasonal Promo,No,Cash,2
TRX2021737945,02/02/2021,Makassar,South Sulawesi,Makassar,E-commerce,PT Global Snack Dist,OUT4609,Traditional Store,SP202,Biscuits,Choco Delight Biscuit,SKU89942,22094,21,463974,0.2341,108616.31,355357.69,Seasonal Promo,No,Cash,2
TRX2021753785,21/03/2021,Surabaya,East Java,Surabaya,General Trade,PT Nusantara Supply,OUT9889,Online Store,SP115,Snacks,Spicy Curl,SKU50389,23252,134,3115768,0.0834,259855.05,2855912.95,,No,Transfer,10
TRX2021836944,28/10/2021,Makassar,South Sulawesi,Makassar,E-commerce,PT Maju Jaya Distribusi,OUT2786,Traditional Store,SP575,Snacks,Savory Chips,SKU22367,38024,142,5399408,0.2093,1130096.09,4269311.91,None,No,Cash,10
TRX2021822103,2021-11-10,Bandung,West Java,Bandung,Distributor,PT Nusantara Supply,OUT7390,Minimarket,SP399,Biscuits,Choco Delight Biscuit,SKU89463,46569,37,1723053,0.0278,47900.87,1675152.13,,No,Cash,11
TRX2021998222,2021-10-22,Palembang,South Sumatra,Palembang,General Trade,PT Nusantara Supply,OUT3023,Supermarket,SP703,Beverages,Energy Cocoa Drink,SKU87771,31208,88,2746304,0.1285,352900.06,2393403.94,,No,Transfer,2
TRX2021925844,2021-06-21,Palembang,South Sumatra,Palembang,General Trade,PT Maju Jaya Distribusi,OUT9227,Traditional Store,SP875,Snacks, Savory Chips ,SKU61431,49889,67,3342563,0.0722,241333.05,3101229.95,Bundle Promo,No,Credit Term,13
TRX2021212542,2021-11-04,Surabaya,East Java,Surabaya,E-commerce,PT Nusantara Supply,OUT5732,Minimarket,SP208,Biscuits,Butter Crunch Biscuit,SKU51362,28431,100,2843100,0.015,42646.5,2800453.5,Seasonal Promo,Yes,Transfer,6
TRX2021734206,2021-07-16,Medan,North Sumatra,Medan,Distributor,PT Sinar Distribusi,OUT5615,Supermarket,SP598,Nuts,Honey Roasted Peanut,SKU85189,7831,188,1472228,0.1435,211264.72,1260963.28,Seasonal Promo,No,Transfer,13
TRX2021111765,17/10/2021,Surabaya,East Java,Surabaya,Modern Trade,PT Nusantara Supply,OUT1486,Online Store,SP795,Snacks,Savory Chips,SKU73488,45094,7,315658,0.033,10416.71,305241.29,None,No,Transfer,8
TRX2021180774,18/07/2021,Surabaya,East Java,Surabaya,General Trade,,OUT6212,Supermarket,SP375,Biscuits,Butter Crunch Biscuit,SKU36363,40794,197,8036418,0.239,1920703.9,6115714.1,None,No,Credit Term,9
TRX2021137376,05/12/2021,Makassar,South Sulawesi,Makassar,Distributor,PT Sinar Distribusi,OUT9369,Traditional Store,SP607,Snacks,Spicy Curl,SKU87370,23112,3,69336,0.1504,10428.13,58907.87,Retail Discount,No,Transfer,14
TRX2021625027,25/12/2021,Surabaya,East Java,Surabaya,General Trade,PT Maju Jaya Distribusi,OUT5021,Minimarket,SP471,Nuts,Honey Roasted Peanut,SKU87657,37544,60,2252640,0.1857,418315.25,1834324.75,,No,Cash,11
TRX2021647437,2021-04-20,Semarang,Central Java,Semarang,E-commerce,PT Nusantara Supply,OUT6447,Supermarket,SP701,Biscuits, Butter Crunch Biscuit ,SKU11514,24898,61,1518778,0.2246,341117.54,1177660.46,Retail Discount,No,Transfer,14
TRX2021205988,16/05/2021,Jakarta,DKI Jakarta,Jakarta,E-commerce,PT Sinar Distribusi,OUT2452,Minimarket,SP522,Nuts,Spicy Peanut Mix,SKU34123,6979,36,251244,0.0819,20576.88,230667.12,Seasonal Promo,No,Cash,1
TRX2021602817,2021-05-20,Medan,North Sumatra,Medan,E-commerce,PT Nusantara Supply,OUT4541,Supermarket,SP651,Nuts,Salted Cashew Mix,SKU66426,10817,61,659837,0.1854,122333.78,537503.22,Seasonal Promo,No,Transfer,3
TRX2021917503,15/09/2021,Semarang,Central Java,Semarang,Distributor,PT Sinar Distribusi,OUT1030,Supermarket,SP227,Beverages,Choco Malt Drink,SKU57992,15618,20,312360,0.0627,19584.97,292775.03,Bundle Promo,No,Transfer,13
TRX2021664084,25/10/2021,Bandung,West Java,Bandung,E-commerce,PT Sinar Distribusi,OUT4598,Minimarket,SP389,Beverages,Nutri Grain Drink,SKU10183,30285,110,3331350,0.2156,718239.06,2613110.94,Seasonal Promo,No,Transfer,3
TRX2021334587,30/01/2021,Makassar,South Sulawesi,Makassar,General Trade,PT Global Snack Dist,OUT5188,Traditional Store,SP934,Snacks,Savory Chips,SKU44488,19735,183,3611505,0.2406,868928.1,2742576.9,None,No,Transfer,14
TRX2021442846,14/05/2021,Medan,North Sumatra,Medan,General Trade,PT Maju Jaya Distribusi,OUT1736,Online Store,SP924,Snacks, Spicy Curl ,SKU71372,31601,80,2528080,0.0287,72555.9,2455524.1,Retail Discount,No,Cash,10
TRX2021187937,2021-03-28,Medan,North Sumatra,Medan,General Trade,PT Global Snack Dist,OUT7202,Online Store,SP907,Nuts,Honey Roasted Peanut,SKU50255,16129,179,2887091,0.2152,621301.98,2265789.02,Retail Discount,No,Cash,9
TRX2021481295,04/08/2021,Semarang,Central Java,Semarang,General Trade,,OUT6687,Minimarket,SP277,Beverages,Energy Cocoa Drink,SKU64116,38166,83,3167778,0.2404,761533.83,2406244.17,Seasonal Promo,No,Transfer,7
TRX2021196042,2021-02-28,Makassar,South Sulawesi,Makassar,E-commerce,PT Nusantara Supply,OUT3338,Supermarket,SP214,Snacks,Savory Chips,SKU27400,40122,74,2969028,0.1924,571240.99,2397787.01,,No,Credit Term,4
TRX2021338483,22/06/2021,Yogyakarta,DI Yogyakarta,Yogyakarta,General Trade,PT Global Snack Dist,OUT1481,Traditional Store,SP791,Nuts, Honey Roasted Peanut ,SKU58275,3961,100,396100,0.22,87142.0,308958.0,Retail Discount,No,Transfer,4
TRX2021579506,16/07/2021,Yogyakarta,DI Yogyakarta,Yogyakarta,E-commerce,PT Maju Jaya Distribusi,OUT9873,Online Store,SP628,Snacks,Savory Chips,SKU78962,18469,5,92345,0.0932,8606.55,83738.45,Retail Discount,No,Transfer,6
TRX2021460851,09/03/2021,Semarang,Central Java,Semarang,Distributor,PT Global Snack Dist,OUT4432,Minimarket,SP470,Candy,Fruit Jelly Candy,SKU31146,12901,115,1483615,0.0658,97621.87,1385993.13,None,No,Credit Term,9
TRX2021546380,2021-05-21,Surabaya,East Java,Surabaya,General Trade,PT Sinar Distribusi,OUT5896,Supermarket,SP554,Snacks, Savory Chips ,SKU21377,34023,114,3878622,0.0361,140018.25,3738603.75,Bundle Promo,No,Credit Term,7
TRX2021359205,2021-12-18,Jakarta,DKI Jakarta,Jakarta,General Trade,PT Maju Jaya Distribusi,OUT4943,Supermarket,SP299,Snacks,Crunchy Bite,SKU57729,34261,16,548176,0.2481,136002.47,412173.53,Retail Discount,No,Credit Term,2
TRX2021401363,31/01/2021,Yogyakarta,DI Yogyakarta,Yogyakarta,E-commerce,PT Sinar Distribusi,OUT3681,Minimarket,SP764,Biscuits,Choco Delight Biscuit,SKU57931,21221,24,509304,0.1791,91216.35,418087.65,None,No,Transfer,9
TRX2021893013,2021-03-27,Semarang,Central Java,Semarang,E-commerce,,OUT9445,Minimarket,SP266,Snacks,Spicy Curl,SKU23520,4081,66,269346,0.1547,41667.83,227678.17,Retail Discount,No,Cash,12
TRX2021169971,2021-01-06,Medan,North Sumatra,Medan,Distributor,PT Nusantara Supply,OUT8405,Minimarket,SP434,Candy,Mint Pop Candy,SKU44339,25250,12,303000,0.0873,26451.9,276548.1,Retail Discount,No,Transfer,10
TRX2021864955,2021-03-09,Makassar,South Sulawesi,Makassar,Distributor,PT Global Snack Dist,OUT4964,Traditional Store,SP747,Biscuits,Butter Crunch Biscuit,SKU33603,40844,152,6208288,0.1372,851777.11,5356510.89,Retail Discount,No,Credit Term,13
TRX2021431345,2021-08-09,Makassar,South Sulawesi,Makassar,Distributor,PT Nusantara Supply,OUT4614,Online Store,SP855,Snacks,Spicy Curl,SKU11397,44109,166,7322094,0.0416,304599.11,7017494.89,Retail Discount,No,Cash,4
TRX2021572075,15/07/2021,Yogyakarta,DI Yogyakarta,Yogyakarta,E-commerce,PT Maju Jaya Distribusi,OUT8530,Supermarket,SP443,Nuts,Honey Roasted Peanut,SKU85789,33112,152,5033024,0.0421,211890.31,4821133.69,Bundle Promo,No,Credit Term,9
TRX2021216022,22/06/2021,Palembang,South Sumatra,Palembang,General Trade,,OUT3549,Supermarket,SP280,Snacks,Spicy Curl,SKU39030,23515,80,1881200,0.1714,322437.68,1558762.32,,No,Cash,1
TRX2021155935,01/06/2021,Semarang,Central Java,Semarang,Distributor,PT Maju Jaya Distribusi,OUT2504,Online Store,SP721,Nuts,Honey Roasted Peanut,SKU42054,4983,47,234201,0.1669,39088.15,195112.85,Bundle Promo,No,Credit Term,7
TRX2021994365,10/08/2021,Makassar,South Sulawesi,Makassar,Modern Trade,PT Global Snack Dist,OUT2996,Minimarket,SP502,Beverages,Nutri Grain Drink,SKU99728,16462,193,3177166,0.0998,317081.17,2860084.83,None,No,Cash,2
TRX2021175161,08/07/2021,Palembang,South Sumatra,Palembang,E-commerce,PT Global Snack Dist,OUT7816,Supermarket,SP732,Biscuits,Choco Delight Biscuit,SKU63855,32500,109,3542500,0.197,697872.5,2844627.5,Seasonal Promo,No,Cash,10
TRX2021791565,09/08/2021,Semarang,Central Java,Semarang,E-commerce,PT Maju Jaya Distribusi,OUT6555,Minimarket,SP663,Biscuits,Golden Cream Biscuit,SKU18983,34488,130,4483440,0.1329,595849.18,3887590.82,Bundle Promo,No,Transfer,10
TRX2021608318,2021-05-22,Palembang,South Sumatra,Palembang,Distributor,PT Sinar Distribusi,OUT4310,Minimarket,SP286,Candy,Fruit Jelly Candy,SKU10153,32893,135,4440555,0.0526,233573.19,4206981.81,Retail Discount,No,Transfer,7
TRX2021540651,22/07/2021,Jakarta,DKI Jakarta,Jakarta,Distributor,,OUT4685,Online Store,SP360,Nuts,Honey Roasted Peanut,SKU79242,37173,192,7137216,0.1408,1004920.01,6132295.99,None,No,Transfer,12
TRX2021812739,27/04/2021,Jakarta,DKI Jakarta,Jakarta,E-commerce,PT Global Snack Dist,OUT9423,Minimarket,SP106,Beverages,Nutri Grain Drink,SKU33244,32081,106,3400586,0.1289,438335.54,2962250.46,,No,Credit Term,3
TRX2021218034,09/10/2021,Jakarta,DKI Jakarta,Jakarta,Distributor,PT Nusantara Supply,OUT1344,Online Store,SP226,Candy, Mint Pop Candy ,SKU41508,45902,41,1881982,0.1729,325394.69,1556587.31,Retail Discount,No,Credit Term,14
TRX2021850969,16/09/2021,Jakarta,DKI Jakarta,Jakarta,E-commerce,PT Nusantara Supply,OUT3841,Online Store,SP831,Candy,Mint Pop Candy,SKU67204,44454,146,6490284,0.1718,1115030.79,5375253.21,Retail Discount,No,Cash,1
TRX2021710269,31/03/2021,Medan,North Sumatra,Medan,Distributor,,OUT9375,Minimarket,SP420,Biscuits,Choco Delight Biscuit,SKU45578,43299,181,7837119,0.0247,193576.84,7643542.16,Retail Discount,No,Cash,10
TRX2021173340,2021-11-08,Medan,North Sumatra,Medan,General Trade,PT Sinar Distribusi,OUT7951,Minimarket,SP821,Biscuits,Butter Crunch Biscuit,SKU92395,10224,92,940608,0.0973,91521.16,849086.84,None,Yes,Cash,2
