Transaction_ID,Transaction_Date,Region,Province,City,Sales_Channel,Distributor_Name,Outlet_ID,Outlet_Type,Salesperson_ID,Product_Category,Product_Name,SKU_Code,Unit_Price,Quantity_Sold,Gross_Sales,Discount_Percent,Discount_Amount,Net_Sales,Promotion_Type,Return_Flag,Payment_Method,Delivery_Time_Days
TRX2020309691,08/10/2020,Semarang,Central Java,Semarang,Distributor,PT Nusantara Supply,OUT3722,Online Store,SP893,Candy,Mint Pop Candy,SKU45842,16522,132,2180904,0.0063,13739.7,2167164.3,,No,Transfer,11
TRX2020252223,2020-03-14,Jakarta,DKI Jakarta,Jakarta,Modern Trade,PT Maju Jaya Distribusi,OUT7575,Supermarket,SP549,Candy,Fruit Jelly Candy,SKU46150,15052,19,285988,0.1959,56025.05,229962.95,None,No,Cash,5
TRX2020608637,2020-01-02,Yogyakarta,DI Yogyakarta,Yogyakarta,E-commerce,PT Global Snack Dist,OUT3917,Traditional Store,SP181,Biscuits,Golden Cream Biscuit,SKU97699,13279,115,1527085,0.1098,167673.93,1359411.07,Seasonal Promo,No,Transfer,13
TRX2020708712,2020-10-29,Palembang,South Sumatra,Palembang,Distributor,PT Global Snack Dist,OUT7267,Traditional Store,SP968,Snacks,Spicy Curl,SKU77132,19062,142,2706804,0.0775,209777.31,2497026.69,,No,Transfer,5
TRX2020476568,12/08/2020,Yogyakarta,DI Yogyakarta,Yogyakarta,E-commerce,PT Maju Jaya Distribusi,OUT2300,Minimarket,SP771,Beverages,Nutri Grain Drink,SKU77712,6647,150,997050,0.096,95716.8,901333.2,Bundle Promo,No,Credit Term,2
TRX2020822090,12/01/2020,Medan,North Sumatra,Medan,Modern Trade,PT Global Snack Dist,OUT8812,Traditional Store,SP947,Biscuits,Choco Delight Biscuit,SKU21701,10180,37,376660,0.212,79851.92,296808.08,Seasonal Promo,No,Transfer,6
TRX2020658948,25/01/2020,Makassar,South Sulawesi,Makassar,General Trade,PT Sinar Distribusi,OUT4256,Traditional Store,SP232,Biscuits, Butter Crunch Biscuit ,SKU38457,48415,184,8908360,0.0154,137188.74,8771171.26,Retail Discount,No,Transfer,13
TRX2020320311,2020-07-11,Semarang,Central Java,Semarang,E-commerce,,OUT2799,Traditional Store,SP533,Snacks,Savory Chips,SKU47549,32672,75,2450400,0.0274,67140.96,2383259.04,Seasonal Promo,No,Transfer,12
TRX2020236416,2020-01-16,Yogyakarta,DI Yogyakarta,Yogyakarta,General Trade,PT Global Snack Dist,OUT1340,Traditional Store,SP875,Candy,Mint Pop Candy,SKU54140,3968,47,186496,0.0869,16206.5,170289.5,Retail Discount,No,Cash,7
TRX2020187732,2020-04-06,Yogyakarta,DI Yogyakarta,Yogyakarta,Modern Trade,PT Maju Jaya Distribusi,OUT4541,Traditional Store,SP508,Snacks,Savory Chips,SKU81000,43810,100,4381000,0.1505,659340.5,3721659.5,Seasonal Promo,No,Cash,6
TRX2020931497,2020-08-22,Yogyakarta,DI Yogyakarta,Yogyakarta,Distributor,PT Maju Jaya Distribusi,OUT2549,Online Store,SP678,Candy,Mint Pop Candy,SKU24708,7281,173,1259613,0.0694,87417.14,1172195.86,Retail Discount,No,Credit Term,12
TRX2020442270,2020-01-04,Jakarta,DKI Jakarta,Jakarta,Modern Trade,PT Sinar Distribusi,OUT9994,Minimarket,SP297,Nuts,Spicy Peanut Mix,SKU96992,26268,9,236412,0.1582,37400.38,199011.62,Retail Discount,No,Cash,4
TRX2020953716,11/04/2020,Semarang,Central Java,Semarang,Modern Trade,PT Global Snack Dist,OUT9779,Minimarket,SP408,Biscuits,Choco Delight Biscuit,SKU87251,8722,137,1194914,0.0127,15175.41,1179738.59,Bundle Promo,No,Transfer,3
TRX2020743441,2020-04-01,Medan,North Sumatra,Medan,General Trade,PT Sinar Distribusi,OUT3043,Traditional Store,SP629,Candy,Caramel Drop Candy,SKU23095,23800,179,4260200,0.0024,10224.48,4249975.52,Seasonal Promo,No,Transfer,3
TRX2020958977,2020-07-18,Yogyakarta,DI Yogyakarta,Yogyakarta,Modern Trade,PT Maju Jaya Distribusi,OUT3625,Traditional Store,SP814,Snacks,Savory Chips,SKU21372,28846,110,3173060,0.0489,155162.63,3017897.37,Retail Discount,No,Credit Term,12
TRX2020463450,29/11/2020,Jakarta,DKI Jakarta,Jakarta,Modern Trade,PT Nusantara Supply,OUT6146,Minimarket,SP903,Nuts,Spicy Peanut Mix,SKU18544,26071,56,1459976,0.1083,158115.4,1301860.6,Seasonal Promo,No,Cash,5
TRX2020981011,13/02/2020,Surabaya,East Java,Surabaya,General Trade,PT Global Snack Dist,OUT6889,Supermarket,SP970,Nuts,Salted Cashew Mix,SKU18262,8714,78,679692,0.0417,28343.16,651348.84,Seasonal Promo,No,Transfer,8
TRX2020649748,25/08/2020,Makassar,South Sulawesi,Makassar,Distributor,PT Global Snack Dist,OUT9193,Supermarket,SP358,Nuts,Spicy Peanut Mix,SKU44016,2511,119,298809,0.2099,62720.01,236088.99,Seasonal Promo,No,Transfer,11
TRX2020516526,25/08/2020,Semarang,Central Java,Semarang,E-commerce,PT Maju Jaya Distribusi,OUT6856,Online Store,SP620,Nuts, Honey Roasted Peanut ,SKU50662,27495,159,4371705,0.0638,278914.78,4092790.22,None,No,Transfer,10
TRX2020854722,14/01/2020,Jakarta,DKI Jakarta,Jakarta,General Trade,PT Global Snack Dist,OUT5770,Online Store,SP165,Beverages,Choco Malt Drink,SKU36930,21871,30,656130,0.1888,123877.34,532252.66,,No,Cash,2
TRX2020745700,2020-09-09,Medan,North Sumatra,Medan,Distributor,PT Nusantara Supply,OUT6469,Minimarket,SP879,Biscuits,Golden Cream Biscuit,SKU55684,24856,137,3405272,0.0829,282297.05,3122974.95,Seasonal Promo,No,Cash,1
TRX2020402444,19/12/2020,Semarang,Central Java,Semarang,Modern Trade,PT Maju Jaya Distribusi,OUT9827,Supermarket,SP865,Candy,Mint Pop Candy,SKU87876,32865,22,723030,0.1052,76062.76,646967.24,,No,Cash,9
TRX2020594129,2020-10-27,Surabaya,East Java,Surabaya,E-commerce,PT Global Snack Dist,OUT6905,Supermarket,SP990,Candy, Mint Pop Candy ,SKU40269,44624,7,312368,0.236,73718.85,238649.15,,No,Credit Term,9
TRX2020990493,17/12/2020,Makassar,South Sulawesi,Makassar,Distributor,PT Global Snack Dist,OUT6726,Traditional Store,SP334,Biscuits,Choco Delight Biscuit,SKU91942,47854,51,2440554,0.2199,536677.82,1903876.18,None,No,Credit Term,6
TRX2020288254,15/08/2020,Bandung,West Java,Bandung,Modern Trade,PT Nusantara Supply,OUT3952,Online Store,SP158,Nuts,Salted Cashew Mix,SKU11838,39137,107,4187659,0.199,833344.14,3354314.86,Bundle Promo,No,Credit Term,9
TRX2020786904,2020-03-10,Yogyakarta,DI Yogyakarta,Yogyakarta,E-commerce,PT Global Snack Dist,OUT1493,Supermarket,SP547,Biscuits,Butter Crunch Biscuit,SKU53793,25962,81,2102922,0.1633,343407.16,1759514.84,Seasonal Promo,No,Credit Term,11
TRX2020786860,2020-10-22,Yogyakarta,DI Yogyakarta,Yogyakarta,E-commerce,PT Maju Jaya Distribusi,OUT3707,Minimarket,SP669,Beverages,Energy Cocoa Drink,SKU19882,45079,27,1217133,0.0758,92258.68,1124874.32,None,No,Credit Term,2
TRX2020325562,2020-02-15,Palembang,South Sumatra,Palembang,General Trade,PT Maju Jaya Distribusi,OUT3812,Traditional Store,SP563,Beverages,Nutri Grain Drink,SKU70768,40006,165,6600990,0.1996,1317557.6,5283432.4,Retail Discount,No,Cash,13
TRX2020772226,27/03/2020,Bandung,West Java,Bandung,E-commerce,PT Global Snack Dist,OUT7401,Supermarket,SP813,Biscuits,Butter Crunch Biscuit,SKU50614,43208,91,3931928,0.0153,60158.5,3871769.5,,No,Transfer,7
TRX2020282526,2020-12-21,Jakarta,DKI Jakarta,Jakarta,E-commerce,PT Maju Jaya Distribusi,OUT7642,Minimarket,SP119,Snacks,Spicy Curl,SKU62401,44337,31,1374447,0.0631,86727.61,1287719.39,Bundle Promo,No,Transfer,2
TRX2020312677,2020-06-29,Medan,North Sumatra,Medan,E-commerce,PT Nusantara Supply,OUT6426,Supermarket,SP880,Biscuits,Choco Delight Biscuit,SKU67414,5792,74,428608,0.2033,87136.01,341471.99,Bundle Promo,No,Transfer,11
TRX2020786031,2020-11-19,Makassar,South Sulawesi,Makassar,General Trade,,OUT1984,Supermarket,SP965,Biscuits,Butter Crunch Biscuit,SKU71501,4277,52,222404,0.0471,10475.23,211928.77,Bundle Promo,No,Cash,7
TRX2020183611,13/12/2020,Yogyakarta,DI Yogyakarta,Yogyakarta,Distributor,PT Global Snack Dist,OUT4086,Supermarket,SP302,Biscuits,Choco Delight Biscuit,SKU68631,40640,135,5486400,0.1032,566196.48,4920203.52,,No,Cash,1
TRX2020724258,02/08/2020,Jakarta,DKI Jakarta,Jakarta,Modern Trade,PT Global Snack Dist,OUT3710,Supermarket,SP865,Nuts,Honey Roasted Peanut,SKU49810,40762,116,4728392,0.0363,171640.63,4556751.37,,No,Credit Term,11
TRX2020169617,01/07/2020,Medan,North Sumatra,Medan,General Trade,PT Maju Jaya Distribusi,OUT9263,Supermarket,SP934,Candy,Caramel Drop Candy,SKU42284,18470,155,2862850,0.1061,303748.39,2559101.62,Seasonal Promo,No,Cash,14
TRX2020832673,2020-11-20,Jakarta,DKI Jakarta,Jakarta,General Trade,PT Nusantara Supply,OUT6428,Online Store,SP236,Snacks,Crunchy Bite,SKU15041,10415,37,385355,0.0981,37803.33,347551.67,Retail Discount,No,Cash,12
TRX2020902381,14/03/2020,Semarang,Central Java,Semarang,General Trade,PT Global Snack Dist,OUT6305,Online Store,SP857,Snacks,Crunchy Bite,SKU72062,38627,182,7030114,0.206,1448203.48,5581910.52,Bundle Promo,No,Cash,8
TRX2020752103,13/03/2020,Medan,North Sumatra,Medan,E-commerce,PT Nusantara Supply,OUT8431,Supermarket,SP928,Candy,Fruit Jelly Candy,SKU77217,21878,74,1618972,0.1899,307442.78,1311529.22,None,No,Credit Term,11
TRX2020975824,03/07/2020,Palembang,South Sumatra,Palembang,E-commerce,PT Global Snack Dist,OUT1303,Traditional Store,SP144,Snacks,Spicy Curl,SKU56952,8603,127,1092581,0.1064,116250.62,976330.38,None,No,Transfer,14
TRX2020323746,2020-05-27,Medan,North Sumatra,Medan,E-commerce,PT Sinar Distribusi,OUT4225,Traditional Store,SP865,Nuts,Spicy Peanut Mix,SKU17824,12292,196,2409232,0.11,265015.52,2144216.48,Seasonal Promo,No,Credit Term,2
TRX2020536013,07/08/2020,Surabaya,East Java,Surabaya,E-commerce,PT Global Snack Dist,OUT9648,Online Store,SP806,Snacks, Savory Chips ,SKU41501,21693,145,3145485,0.1044,328388.63,2817096.37,None,No,Credit Term,4
TRX2020229595,30/11/2020,Yogyakarta,DI Yogyakarta,Yogyakarta,Modern Trade,PT Nusantara Supply,OUT2571,Online Store,SP484,Snacks,Crunchy Bite,SKU21265,26933,68,1831444,0.1441,263911.08,1567532.92,None,No,Credit Term,2
TRX2020693489,2020-01-18,Yogyakarta,DI Yogyakarta,Yogyakarta,E-commerce,PT Global Snack Dist,OUT3853,Minimarket,SP233,Candy, Fruit Jelly Candy ,SKU48598,48161,111,5345871,0.2338,1249864.64,4096006.36,None,No,Credit Term,3
TRX2020365039,19/12/2020,Surabaya,East Java,Surabaya,Distributor,PT Maju Jaya Distribusi,OUT5258,Minimarket,SP198,Snacks,Crunchy Bite,SKU12226,39646,189,7493094,0.0009,6743.78,7486350.22,Seasonal Promo,No,Transfer,8
TRX2020827577,2020-02-29,Bandung,West Java,Bandung,General Trade,PT Global Snack Dist,OUT2023,Online Store,SP828,Biscuits,Golden Cream Biscuit,SKU51508,2709,121,327789,0.0761,24944.74,302844.26,Bundle Promo,No,Credit Term,5
TRX2020196103,2020-03-16,Jakarta,DKI Jakarta,Jakarta,Modern Trade,PT Sinar Distribusi,OUT3016,Online Store,SP875,Biscuits,Golden Cream Biscuit,SKU49524,46689,92,4295388,0.2345,1007268.49,3288119.51,,No,Credit Term,1
TRX2020354032,19/10/2020,Yogyakarta,DI Yogyakarta,Yogyakarta,Modern Trade,PT Maju Jaya Distribusi,OUT4833,Supermarket,SP676,Candy,Mint Pop Candy,SKU66530,24392,123,3000216,0.0534,160211.53,2840004.47,Bundle Promo,No,Transfer,13
TRX2020982556,2020-01-16,Yogyakarta,DI Yogyakarta,Yogyakarta,Distributor,PT Nusantara Supply,OUT1062,Online Store,SP252,Biscuits,Choco Delight Biscuit,SKU55422,2916,7,20412,0.1479,3018.93,17393.07,Bundle Promo,No,Credit Term,4
TRX2020374215,2020-12-03,Yogyakarta,DI Yogyakarta,Yogyakarta,Distributor,PT Sinar Distribusi,OUT8506,Supermarket,SP133,Candy,Caramel Drop Candy,SKU18659,27810,191,5311710,0.1564,830751.44,4480958.56,,No,Transfer,13
TRX2020449435,18/11/2020,Surabaya,East Java,Surabaya,Distributor,PT Sinar Distribusi,OUT4792,Supermarket,SP338,Beverages,Choco Malt Drink,SKU73927,7527,8,60216,0.0165,993.56,59222.44,Retail Discount,No,Transfer,6
TRX2020409980,07/05/2020,Surabaya,East Java,Surabaya,E-commerce,PT Maju Jaya Distribusi,OUT3247,Traditional Store,SP833,Beverages,Energy Cocoa Drink,SKU40090,14730,79,1163670,0.124,144295.08,1019374.92,Retail Discount,No,Transfer,9
TRX2020756814,14/09/2020,Semarang,Central Java,Semarang,Modern Trade,,OUT5423,Online Store,SP781,Beverages,Choco Malt Drink,SKU51520,9476,163,1544588,0.1349,208364.92,1336223.08,Bundle Promo,No,Cash,4
TRX2020922347,2020-01-03,Surabaya,East Java,Surabaya,General Trade,,OUT4390,Online Store,SP931,Beverages,Energy Cocoa Drink,SKU46228,43434,181,7861554,0.0294,231129.69,7630424.31,Bundle Promo,No,Credit Term,13
TRX2020665127,2020-10-07,Medan,North Sumatra,Medan,Distributor,PT Nusantara Supply,OUT7344,Traditional Store,SP879,Candy, Caramel Drop Candy ,SKU39534,25762,112,2885344,0.0261,75307.48,2810036.52,,No,Credit Term,9
TRX2020130363,01/03/2020,Bandung,West Java,Bandung,General Trade,PT Global Snack Dist,OUT1443,Minimarket,SP609,Candy,Mint Pop Candy,SKU20058,18242,71,1295182,0.0014,1813.25,1293368.75,Retail Discount,No,Transfer,5
TRX2020235760,24/12/2020,Surabaya,East Java,Surabaya,Distributor,PT Global Snack Dist,OUT2994,Traditional Store,SP427,Snacks,Crunchy Bite,SKU66256,3488,157,547616,0.0183,10021.37,537594.63,None,No,Transfer,8
TRX2020686166,11/02/2020,Semarang,Central Java,Semarang,Distributor,PT Sinar Distribusi,OUT6916,Minimarket,SP163,Biscuits,Choco Delight Biscuit,SKU10445,10267,140,1437380,0.0903,129795.41,1307584.59,,No,Credit Term,14
TRX2020632622,2020-05-19,Palembang,South Sumatra,Palembang,E-commerce,PT Maju Jaya Distribusi,OUT4538,Minimarket,SP538,Biscuits,Golden Cream Biscuit,SKU62411,22872,148,3385056,0.1815,614387.66,2770668.34,,No,Cash,9
TRX2020185460,2020-11-28,Surabaya,East Java,Surabaya,Modern Trade,PT Sinar Distribusi,OUT2746,Minimarket,SP265,Beverages,Energy Cocoa Drink,SKU62371,32109,39,1252251,0.2295,287391.6,964859.4,None,No,Transfer,7
TRX2020239805,20/04/2020,Makassar,South Sulawesi,Makassar,Distributor,PT Nusantara Supply,OUT2290,Minimarket,SP335,Biscuits,Choco Delight Biscuit,SKU75219,40582,72,2921904,0.1921,561297.76,2360606.24,None,No,Credit Term,10
TRX2020638190,2020-11-30,Surabaya,East Java,Surabaya,E-commerce,PT Sinar Distribusi,OUT1676,Online Store,SP224,Biscuits,Golden Cream Biscuit,SKU79150,12187,200,2437400,0.0531,129425.94,2307974.06,None,No,Transfer,10
TRX2020339482,2020-12-23,Medan,North Sumatra,Medan,E-commerce,,OUT3386,Online Store,SP551,Nuts,Honey Roasted Peanut,SKU92815,35931,5,179655,0.241,43296.85,136358.15,Bundle Promo,No,Transfer,11
TRX2020328755,26/09/2020,Makassar,South Sulawesi,Makassar,General Trade,PT Maju Jaya Distribusi,OUT7550,Traditional Store,SP161,Nuts,Salted Cashew Mix,SKU35662,31396,169,5305924,0.1464,776787.27,4529136.73,,No,Credit Term,3
TRX2020325872,28/12/2020,Bandung,West Java,Bandung,E-commerce,PT Sinar Distribusi,OUT9801,Traditional Store,SP278,Snacks,Crunchy Bite,SKU25553,16054,3,48162,0.0609,2933.07,45228.93,None,No,Cash,14
TRX2020574692,2020-08-15,Jakarta,DKI Jakarta,Jakarta,E-commerce,PT Global Snack Dist,OUT6812,Traditional Store,SP960,Snacks,Crunchy Bite,SKU79443,38595,158,6098010,0.2131,1299485.93,4798524.07,None,No,Cash,12
TRX2020921368,17/02/2020,Bandung,West Java,Bandung,Modern Trade,PT Nusantara Supply,OUT7650,Minimarket,SP869,Biscuits, Butter Crunch Biscuit ,SKU35873,30794,132,4064808,0.1765,717438.61,3347369.39,,No,Transfer,12
TRX2020996104,30/09/2020,Yogyakarta,DI Yogyakarta,Yogyakarta,Modern Trade,PT Nusantara Supply,OUT9366,Minimarket,SP130,Snacks,Crunchy Bite,SKU84493,36210,68,2462280,0.0109,26838.85,2435441.15,,No,Credit Term,7
TRX2020126045,23/02/2020,Yogyakarta,DI Yogyakarta,Yogyakarta,E-commerce,PT Maju Jaya Distribusi,OUT6159,Minimarket,SP139,Nuts,Spicy Peanut Mix,SKU96184,11032,88,970816,0.1491,144748.67,826067.33,None,No,Credit Term,5
TRX2020961000,07/05/2020,Bandung,West Java,Bandung,E-commerce,PT Sinar Distribusi,OUT2919,Online Store,SP467,Candy, Mint Pop Candy ,SKU94785,33331,26,866606,0.1151,99746.35,766859.65,None,No,Credit Term,9
TRX2020798323,07/06/2020,Jakarta,DKI Jakarta,Jakarta,Modern Trade,PT Sinar Distribusi,OUT7785,Traditional Store,SP851,Biscuits,Golden Cream Biscuit,SKU75028,42073,33,1388409,0.0194,26935.13,1361473.87,Retail Discount,No,Credit Term,13
TRX2020354212,2020-02-09,Bandung,West Java,Bandung,Modern Trade,PT Sinar Distribusi,OUT2043,Minimarket,SP998,Candy,Mint Pop Candy,SKU53336,6708,76,509808,0.0277,14121.68,495686.32,Retail Discount,No,Credit Term,14
TRX2020561113,2020-04-18,Bandung,West Java,Bandung,Modern Trade,PT Global Snack Dist,OUT4741,Supermarket,SP402,Biscuits,Golden Cream Biscuit,SKU39040,17988,52,935376,0.1771,165655.09,769720.91,Bundle Promo,No,Cash,2
TRX2020105867,16/01/2020,Semarang,Central Java,Semarang,Modern Trade,,OUT9285,Minimarket,SP916,Biscuits, Choco Delight Biscuit ,SKU42923,49776,199,9905424,0.1467,1453125.7,8452298.3,None,No,Credit Term,8
TRX2020209347,2020-02-23,Palembang,South Sumatra,Palembang,Modern Trade,,OUT9289,Online Store,SP272,Candy,Mint Pop Candy,SKU53677,40025,103,4122575,0.1043,429984.57,3692590.43,,No,Credit Term,4
TRX2020532559,22/11/2020,Semarang,Central Java,Semarang,General Trade,PT Global Snack Dist,OUT7055,Minimarket,SP298,Candy,Mint Pop Candy,SKU72426,8987,29,260623,0.2027,52828.28,207794.72,Bundle Promo,No,Credit Term,8
TRX2020772141,2020-10-26,Surabaya,East Java,Surabaya,General Trade,PT Sinar Distribusi,OUT9398,Traditional Store,SP697,Biscuits,Golden Cream Biscuit,SKU38638,16910,96,1623360,0.2307,374509.15,1248850.85,Bundle Promo,No,Cash,7
TRX2020578800,2020-04-17,Jakarta,DKI Jakarta,Jakarta,Modern Trade,PT Global Snack Dist,OUT7485,Traditional Store,SP734,Nuts,Spicy Peanut Mix,SKU19914,36863,170,6266710,0.1152,721924.99,5544785.01,Retail Discount,No,Credit Term,5
TRX2020509693,31/08/2020,Medan,North Sumatra,Medan,Modern Trade,PT Nusantara Supply,OUT7377,Supermarket,SP394,Beverages, Nutri Grain Drink ,SKU31985,13428,1,13428,0.2047,2748.71,10679.29,Seasonal Promo,No,Cash,8
TRX2020703966,20/06/2020,Yogyakarta,DI Yogyakarta,Yogyakarta,Distributor,PT Sinar Distribusi,OUT1048,Online Store,SP365,Nuts,Salted Cashew Mix,SKU81228,19714,119,2345966,0.1806,423681.46,1922284.54,Retail Discount,No,Transfer,8
TRX2020310583,2020-06-14,Yogyakarta,DI Yogyakarta,Yogyakarta,Modern Trade,,OUT8850,Supermarket,SP708,Snacks,Savory Chips,SKU82482,37888,174,6592512,0.1687,1112156.77,5480355.23,,No,Cash,10
TRX2020603964,15/01/2020,Yogyakarta,DI Yogyakarta,Yogyakarta,Modern Trade,PT Maju Jaya Distribusi,OUT5714,Traditional Store,SP796,Candy,Mint Pop Candy,SKU83022,40277,72,2899944,0.2402,696566.55,2203377.45,None,No,Cash,7
TRX2020544715,2020-11-14,Palembang,South Sumatra,Palembang,Modern Trade,PT Nusantara Supply,OUT4351,Traditional Store,SP132,Snacks, Crunchy Bite ,SKU20422,4038,160,646080,0.0625,40380.0,605700.0,Bundle Promo,No,Transfer,12
TRX2020481374,2020-03-09,Surabaya,East Java,Surabaya,E-commerce,PT Nusantara Supply,OUT9995,Online Store,SP914,Beverages,Choco Malt Drink,SKU97372,41540,33,1370820,0.0184,25223.09,1345596.91,,No,Transfer,8
TRX2020765512,2020-04-22,Jakarta,DKI Jakarta,Jakarta,Distributor,PT Nusantara Supply,OUT2549,Online Store,SP201,Candy,Fruit Jelly Candy,SKU22382,39521,22,869462,0.1052,91467.4,777994.6,None,No,Transfer,7
TRX2020925393,13/10/2020,Makassar,South Sulawesi,Makassar,General Trade,,OUT2389,Online Store,SP139,Beverages,Nutri Grain Drink,SKU53583,38043,85,3233655,0.1139,368313.3,2865341.7,,Yes,Cash,14
TRX2020748566,2020-09-19,Bandung,West Java,Bandung,Modern Trade,PT Maju Jaya Distribusi,OUT4871,Online Store,SP225,Nuts, Salted Cashew Mix ,SKU43541,36437,63,2295531,0.1001,229782.65,2065748.35,None,No,Cash,10
TRX2020906197,2020-04-22,Makassar,South Sulawesi,Makassar,Distributor,PT Sinar Distribusi,OUT2016,Traditional Store,SP760,Beverages, Choco Malt Drink ,SKU83197,18768,116,2177088,0.131,285198.53,1891889.47,Bundle Promo,No,Credit Term,2
TRX2020532011,30/12/2020,Makassar,South Sulawesi,Makassar,Modern Trade,PT Sinar Distribusi,OUT9178,Minimarket,SP654,Snacks,Savory Chips,SKU42073,40851,83,3390633,0.1959,664225.0,2726408.0,Retail Discount,No,Cash,7
TRX2020713180,04/09/2020,Medan,North Sumatra,Medan,General Trade,PT Maju Jaya Distribusi,OUT6791,Minimarket,SP880,Snacks,Spicy Curl,SKU64541,37437,6,224622,0.1636,36748.16,187873.84,Bundle Promo,No,Transfer,13
TRX2020945736,2020-09-19,Jakarta,DKI Jakarta,Jakarta,E-commerce,PT Nusantara Supply,OUT2330,Supermarket,SP577,Candy,Fruit Jelly Candy,SKU94411,18594,106,1970964,0.1616,318507.78,1652456.22,Seasonal Promo,No,Transfer,6
TRX2020751624,2020-08-23,Yogyakarta,DI Yogyakarta,Yogyakarta,Modern Trade,PT Maju Jaya Distribusi,OUT9898,Traditional Store,SP761,Candy,Fruit Jelly Candy,SKU54820,33986,88,2990768,0.1563,467457.04,2523310.96,Seasonal Promo,No,Transfer,4
TRX2020402079,2020-03-06,Yogyakarta,DI Yogyakarta,Yogyakarta,General Trade,PT Maju Jaya Distribusi,OUT2695,Minimarket,SP949,Biscuits,Choco Delight Biscuit,SKU23980,44943,195,8763885,0.0418,366330.39,8397554.61,,No,Transfer,1
TRX2020262502,2020-07-12,Yogyakarta,DI Yogyakarta,Yogyakarta,E-commerce,PT Maju Jaya Distribusi,OUT2667,Online Store,SP748,Nuts,Salted Cashew Mix,SKU34043,38924,65,2530060,0.2093,529541.56,2000518.44,Seasonal Promo,No,Credit Term,11
TRX2020863959,13/12/2020,Yogyakarta,DI Yogyakarta,Yogyakarta,General Trade,PT Sinar Distribusi,OUT9167,Supermarket,SP603,Candy,Fruit Jelly Candy,SKU51387,18767,159,2983953,0.1387,413874.28,2570078.72,None,Yes,Transfer,3
TRX2020610698,2020-06-05,Surabaya,East Java,Surabaya,Modern Trade,,OUT1622,Traditional Store,SP231,Nuts,Spicy Peanut Mix,SKU86819,28016,95,2661520,0.1165,310067.08,2351452.92,Bundle Promo,No,Credit Term,11
TRX2020753816,2020-07-19,Makassar,South Sulawesi,Makassar,Distributor,,OUT7449,Minimarket,SP233,Biscuits,Butter Crunch Biscuit,SKU71733,33541,123,4125543,0.1563,644822.37,3480720.63,Seasonal Promo,No,Cash,11
TRX2020709001,2020-07-22,Makassar,South Sulawesi,Makassar,E-commerce,PT Global Snack Dist,OUT3474,Traditional Store,SP312,Snacks,Crunchy Bite,SKU80228,40976,184,7539584,0.0991,747172.77,6792411.23,None,No,Transfer,11
TRX2020277386,15/03/2020,Semarang,Central Java,Semarang,General Trade,PT Sinar Distribusi,OUT7220,Minimarket,SP153,Biscuits,Choco Delight Biscuit,SKU29208,39793,110,4377230,0.2483,1086866.21,3290363.79,None,No,Transfer,2
TRX2020658518,2020-09-29,Bandung,West Java,Bandung,Modern Trade,PT Global Snack Dist,OUT7535,Supermarket,SP197,Biscuits,Golden Cream Biscuit,SKU14339,7380,17,125460,0.1524,19120.1,106339.9,None,No,Cash,8
TRX2020252786,2020-02-03,Jakarta,DKI Jakarta,Jakarta,Distributor,,OUT8180,Supermarket,SP838,Candy,Caramel Drop Candy,SKU31231,15873,149,2365077,0.058,137174.47,2227902.53,Retail Discount,No,Transfer,1
TRX2020309691,08/09/2020,Jakarta,DKI Jakarta,Jakarta,E-commerce,PT Global Snack Dist,OUT8731,Minimarket,SP293,Nuts,Spicy Peanut Mix,SKU65037,18875,84,1585500,0.0103,16330.65,1569169.35,Seasonal Promo,No,Cash,6
TRX2020292822,2020-12-18,Bandung,West Java,Bandung,E-commerce,PT Sinar Distribusi,OUT6516,Online Store,SP677,Nuts,Salted Cashew Mix,SKU99989,22728,183,4159224,0.0058,24123.5,4135100.5,Retail Discount,No,Transfer,12
TRX2020109706,26/03/2020,Yogyakarta,DI Yogyakarta,Yogyakarta,Modern Trade,,OUT5308,Online Store,SP552,Biscuits,Choco Delight Biscuit,SKU96113,29784,7,208488,0.208,43365.5,165122.5,Retail Discount,No,Transfer,1
TRX2020226219,2020-09-28,Bandung,West Java,Bandung,General Trade,PT Maju Jaya Distribusi,OUT9986,Traditional Store,SP295,Biscuits,Golden Cream Biscuit,SKU37328,28951,115,3329365,0.1726,574648.4,2754716.6,Retail Discount,No,Transfer,5
TRX2020110689,2020-10-01,Palembang,South Sumatra,Palembang,General Trade,PT Global Snack Dist,OUT5454,Minimarket,SP358,Beverages,Energy Cocoa Drink,SKU38002,43064,90,3875760,0.1113,431372.09,3444387.91,Bundle Promo,No,Credit Term,8
TRX2020962292,2020-06-19,Jakarta,DKI Jakarta,Jakarta,Modern Trade,,OUT6388,Minimarket,SP507,Nuts,Honey Roasted Peanut,SKU36736,37429,14,524006,0.0204,10689.72,513316.28,None,No,Credit Term,8
TRX2020984766,2020-03-31,Makassar,South Sulawesi,Makassar,General Trade,PT Global Snack Dist,OUT7881,Traditional Store,SP265,Candy,Fruit Jelly Candy,SKU14233,41032,188,7714016,0.2414,1862163.46,5851852.54,Bundle Promo,No,Cash,3
TRX2020384563,01/07/2020,Semarang,Central Java,Semarang,Modern Trade,,OUT6537,Traditional Store,SP551,Snacks,Savory Chips,SKU29758,20600,40,824000,0.1846,152110.4,671889.6,,No,Cash,6
TRX2020924443,2020-06-18,Semarang,Central Java,Semarang,E-commerce,PT Global Snack Dist,OUT5476,Minimarket,SP836,Beverages,Choco Malt Drink,SKU51012,27851,68,1893868,0.0031,5870.99,1887997.01,,No,Transfer,9
TRX2020182032,2020-07-16,Makassar,South Sulawesi,Makassar,Distributor,PT Nusantara Supply,OUT1001,Supermarket,SP108,Snacks,Savory Chips,SKU96714,37263,172,6409236,0.0059,37814.49,6371421.51,None,Yes,Transfer,3
TRX2020618539,13/10/2020,Jakarta,DKI Jakarta,Jakarta,E-commerce,,OUT5627,Supermarket,SP104,Beverages,Choco Malt Drink,SKU80630,48090,6,288540,0.1542,44492.87,244047.13,None,No,Credit Term,12
TRX2020789618,06/10/2020,Palembang,South Sumatra,Palembang,E-commerce,,OUT8505,Traditional Store,SP509,Snacks,Spicy Curl,SKU76806,40524,6,243144,0.0071,1726.32,241417.68,Retail Discount,No,Transfer,2
TRX2020302972,09/11/2020,Surabaya,East Java,Surabaya,E-commerce,PT Sinar Distribusi,OUT5867,Online Store,SP415,Nuts,Honey Roasted Peanut,SKU94811,42280,54,2283120,0.2072,473062.46,1810057.54,Retail Discount,No,Cash,7
TRX2020224066,29/05/2020,Semarang,Central Java,Semarang,Distributor,PT Maju Jaya Distribusi,OUT8366,Supermarket,SP624,Biscuits,Golden Cream Biscuit,SKU57844,22626,170,3846420,0.1023,393488.77,3452931.23,Retail Discount,No,Cash,1
TRX2020178793,2020-10-14,Palembang,South Sumatra,Palembang,E-commerce,PT Sinar Distribusi,OUT2483,Minimarket,SP617,Biscuits,Golden Cream Biscuit,SKU54286,21571,164,3537644,0.0475,168038.09,3369605.91,Seasonal Promo,No,Transfer,6
TRX2020652200,24/07/2020,Makassar,South Sulawesi,Makassar,E-commerce,,OUT3933,Online Store,SP375,Candy,Caramel Drop Candy,SKU95333,11533,159,1833747,0.1725,316321.36,1517425.64,Retail Discount,No,Credit Term,8
TRX2020616426,2020-02-29,Bandung,West Java,Bandung,Modern Trade,PT Global Snack Dist,OUT4664,Traditional Store,SP992,Beverages, Choco Malt Drink ,SKU54700,27026,56,1513456,0.1484,224596.87,1288859.13,None,No,Credit Term,6
TRX2020214628,2020-03-05,Jakarta,DKI Jakarta,Jakarta,General Trade,PT Sinar Distribusi,OUT3013,Online Store,SP948,Candy,Caramel Drop Candy,SKU15164,13915,19,264385,0.0922,24376.3,240008.7,None,No,Credit Term,4
TRX2020604322,2020-10-07,Makassar,South Sulawesi,Makassar,Distributor,PT Sinar Distribusi,OUT2144,Online Store,SP762,Biscuits,Golden Cream Biscuit,SKU35176,16730,115,1923950,0.0582,111973.89,1811976.11,None,No,Credit Term,4
TRX2020634473,2020-12-18,Palembang,South Sumatra,Palembang,Modern Trade,PT Global Snack Dist,OUT4528,Traditional Store,SP399,Snacks,Savory Chips,SKU13840,30213,150,4531950,0.2196,995216.22,3536733.78,Retail Discount,No,Cash,11
TRX2020216633,2020-02-12,Palembang,South Sumatra,Palembang,Distributor,PT Global Snack Dist,OUT7637,Supermarket,SP778,Candy,Mint Pop Candy,SKU45426,16556,57,943692,0.0703,66341.55,877350.45,None,No,Transfer,13
TRX2020123955,20/02/2020,Palembang,South Sumatra,Palembang,Modern Trade,PT Nusantara Supply,OUT8548,Supermarket,SP821,Snacks,Savory Chips,SKU64120,13684,104,1423136,0.23,327321.28,1095814.72,Bundle Promo,No,Transfer,14
TRX2020609368,15/12/2020,Medan,North Sumatra,Medan,Distributor,PT Nusantara Supply,OUT7638,Online Store,SP694,Nuts,Honey Roasted Peanut,SKU54955,26916,99,2664684,0.1802,480176.06,2184507.94,Seasonal Promo,No,Transfer,2
TRX2020733320,2020-03-07,Semarang,Central Java,Semarang,E-commerce,PT Global Snack Dist,OUT1909,Minimarket,SP399,Candy, Mint Pop Candy ,SKU46895,33160,98,3249680,0.1326,430907.57,2818772.43,Retail Discount,No,Credit Term,11
TRX2020678884,2020-03-16,Jakarta,DKI Jakarta,Jakarta,E-commerce,PT Maju Jaya Distribusi,OUT1567,Traditional Store,SP626,Snacks,Crunchy Bite,SKU15681,33809,97,3279473,0.191,626379.34,2653093.66,Seasonal Promo,No,Cash,3
TRX2020397204,2020-03-16,Makassar,South Sulawesi,Makassar,Distributor,PT Maju Jaya Distribusi,OUT5234,Online Store,SP329,Snacks,Savory Chips,SKU80253,41578,64,2660992,0.0866,230441.91,2430550.09,Seasonal Promo,No,Credit Term,2
TRX2020326934,05/10/2020,Bandung,West Java,Bandung,Distributor,PT Nusantara Supply,OUT7800,Minimarket,SP628,Biscuits,Butter Crunch Biscuit,SKU61251,4812,170,818040,0.1275,104300.1,713739.9,None,No,Credit Term,5
TRX2020991541,2020-05-10,Yogyakarta,DI Yogyakarta,Yogyakarta,E-commerce,PT Global Snack Dist,OUT4941,Minimarket,SP291,Biscuits,Choco Delight Biscuit,SKU67456,7434,148,1100232,0.0706,77676.38,1022555.62,Retail Discount,No,Credit Term,4
TRX2020438482,25/04/2020,Makassar,South Sulawesi,Makassar,Distributor,PT Nusantara Supply,OUT1242,Online Store,SP334,Nuts,Salted Cashew Mix,SKU77961,11602,24,278448,0.1507,41962.11,236485.89,Retail Discount,No,Cash,7
TRX2020876296,16/08/2020,Medan,North Sumatra,Medan,General Trade,PT Sinar Distribusi,OUT8599,Minimarket,SP765,Biscuits,Choco Delight Biscuit,SKU26092,18597,28,520716,0.2219,115546.88,405169.12,Seasonal Promo,No,Credit Term,14
TRX2020481635,2020-04-05,Jakarta,DKI Jakarta,Jakarta,E-commerce,PT Global Snack Dist,OUT8703,Supermarket,SP430,Snacks,Savory Chips,SKU59667,34514,87,3002718,0.0309,92783.99,2909934.01,,No,Cash,12
TRX2020897082,2020-08-18,Medan,North Sumatra,Medan,E-commerce,PT Global Snack Dist,OUT7793,Supermarket,SP933,Beverages, Choco Malt Drink ,SKU59618,22712,78,1771536,0.1784,316042.02,1455493.98,Retail Discount,No,Cash,13
TRX2020665062,2020-03-04,Surabaya,East Java,Surabaya,Distributor,,OUT3180,Minimarket,SP940,Candy,Mint Pop Candy,SKU57658,25469,129,3285501,0.1219,400502.57,2884998.43,Retail Discount,No,Cash,2
TRX2020344715,2020-12-01,Surabaya,East Java,Surabaya,General Trade,PT Nusantara Supply,OUT3647,Online Store,SP519,Nuts, Salted Cashew Mix ,SKU54564,39316,192,7548672,0.1916,1446325.56,6102346.44,,No,Transfer,13
TRX2020644531,2020-11-19,Bandung,West Java,Bandung,E-commerce,PT Global Snack Dist,OUT5204,Minimarket,SP925,Beverages,Energy Cocoa Drink,SKU36708,9139,103,941317,0.0886,83400.69,857916.31,Bundle Promo,No,Credit Term,10
TRX2020149576,25/12/2020,Medan,North Sumatra,Medan,E-commerce,PT Maju Jaya Distribusi,OUT2472,Minimarket,SP884,Beverages,Energy Cocoa Drink,SKU23047,42749,98,4189402,0.2254,944291.21,3245110.79,Retail Discount,No,Credit Term,8
TRX2020713550,17/09/2020,Palembang,South Sumatra,Palembang,General Trade,,OUT1181,Minimarket,SP866,Candy,Mint Pop Candy,SKU68097,42355,166,7030930,0.0717,504117.68,6526812.32,None,No,Transfer,8
TRX2020104999,2020-02-20,Bandung,West Java,Bandung,E-commerce,PT Nusantara Supply,OUT6114,Supermarket,SP802,Candy,Mint Pop Candy,SKU83160,5518,59,325562,0.0381,12403.91,313158.09,,No,Cash,10
TRX2020709484,2020-04-21,Makassar,South Sulawesi,Makassar,General Trade,PT Maju Jaya Distribusi,OUT8860,Supermarket,SP117,Biscuits, Butter Crunch Biscuit ,SKU62945,44474,194,8627956,0.1998,1723865.61,6904090.39,None,No,Cash,13
TRX2020924756,2020-05-12,Jakarta,DKI Jakarta,Jakarta,General Trade,PT Maju Jaya Distribusi,OUT6906,Supermarket,SP804,Beverages,Energy Cocoa Drink,SKU92677,7086,165,1169190,0.1383,161698.98,1007491.02,Seasonal Promo,No,Credit Term,3
TRX2020672523,24/03/2020,Bandung,West Java,Bandung,Distributor,PT Sinar Distribusi,OUT9875,Supermarket,SP518,Biscuits,Choco Delight Biscuit,SKU34722,32180,24,772320,0.2154,166357.73,605962.27,,No,Credit Term,8
TRX2020559461,2020-05-14,Medan,North Sumatra,Medan,General Trade,PT Global Snack Dist,OUT4692,Online Store,SP159,Nuts,Salted Cashew Mix,SKU24306,44685,197,8802945,0.1436,1264102.9,7538842.1,Seasonal Promo,No,Cash,7
TRX2020838859,23/09/2020,Palembang,South Sumatra,Palembang,Modern Trade,,OUT9732,Online Store,SP336,Snacks,Crunchy Bite,SKU53537,36440,42,1530480,0.0494,75605.71,1454874.29,None,No,Credit Term,5
TRX2020400176,09/05/2020,Semarang,Central Java,Semarang,Distributor,,OUT8486,Traditional Store,SP310,Nuts,Honey Roasted Peanut,SKU21507,7335,58,425430,0.0194,8253.34,417176.66,Retail Discount,No,Cash,11
TRX2020990302,12/10/2020,Makassar,South Sulawesi,Makassar,Distributor,PT Nusantara Supply,OUT2662,Supermarket,SP915,Nuts,Salted Cashew Mix,SKU27819,25731,38,977778,0.1702,166417.82,811360.18,Seasonal Promo,No,Credit Term,8
TRX2020213219,2020-05-08,Bandung,West Java,Bandung,Modern Trade,,OUT6971,Traditional Store,SP608,Beverages,Energy Cocoa Drink,SKU64779,35398,16,566368,0.0954,54031.51,512336.49,Retail Discount,No,Credit Term,9
TRX2020995284,18/03/2020,Medan,North Sumatra,Medan,Modern Trade,PT Nusantara Supply,OUT5805,Traditional Store,SP460,Snacks,Spicy Curl,SKU87400,30524,28,854672,0.1269,108457.88,746214.12,Retail Discount,No,Transfer,2
TRX2020935491,23/05/2020,Bandung,West Java,Bandung,E-commerce,PT Sinar Distribusi,OUT9029,Traditional Store,SP892,Beverages,Nutri Grain Drink,SKU19316,10860,63,684180,0.087,59523.66,624656.34,,No,Credit Term,14
TRX2020941720,12/11/2020,Surabaya,East Java,Surabaya,E-commerce,PT Maju Jaya Distribusi,OUT5373,Supermarket,SP598,Beverages,Nutri Grain Drink,SKU68712,19081,77,1469237,0.048,70523.38,1398713.62,None,No,Transfer,14
TRX2020858576,2020-11-09,Surabaya,East Java,Surabaya,Distributor,PT Sinar Distribusi,OUT6298,Traditional Store,SP675,Candy,Caramel Drop Candy,SKU67561,6551,72,471672,0.2106,99334.12,372337.88,None,No,Credit Term,3
TRX2020696776,07/05/2020,Yogyakarta,DI Yogyakarta,Yogyakarta,Distributor,,OUT9790,Supermarket,SP393,Beverages, Choco Malt Drink ,SKU60209,27470,176,4834720,0.12,580166.4,4254553.6,,No,Cash,2
TRX2020133068,29/11/2020,Medan,North Sumatra,Medan,Distributor,PT Global Snack Dist,OUT8676,Minimarket,SP389,Beverages, Energy Cocoa Drink ,SKU22236,17466,92,1606872,0.2407,386774.09,1220097.91,Seasonal Promo,No,Transfer,1
TRX2020658209,2020-02-02,Palembang,South Sumatra,Palembang,Distributor,PT Sinar Distribusi,OUT6631,Supermarket,SP665,Nuts, Spicy Peanut Mix ,SKU59750,21370,63,1346310,0.2293,308708.88,1037601.12,Retail Discount,No,Cash,4
TRX2020100731,15/02/2020,Makassar,South Sulawesi,Makassar,Modern Trade,,OUT1327,Minimarket,SP119,Biscuits,Choco Delight Biscuit,SKU72936,36719,103,3782057,0.118,446282.73,3335774.27,,No,Cash,1
TRX2020161484,2020-02-16,Semarang,Central Java,Semarang,Distributor,,OUT9494,Traditional Store,SP992,Nuts,Honey Roasted Peanut,SKU59732,41279,16,660464,0.117,77274.29,583189.71,Seasonal Promo,No,Cash,4
TRX2020122019,2020-10-02,Yogyakarta,DI Yogyakarta,Yogyakarta,Distributor,PT Global Snack Dist,OUT7596,Minimarket,SP211,Candy,Mint Pop Candy,SKU49121,40728,85,3461880,0.1488,515127.74,2946752.26,None,No,Cash,1
TRX2020310755,12/12/2020,Palembang,South Sumatra,Palembang,E-commerce,,OUT6133,Supermarket,SP154,Snacks,Crunchy Bite,SKU58728,12200,48,585600,0.0258,15108.48,570491.52,Retail Discount,No,Credit Term,4
TRX2020333236,2020-09-25,Jakarta,DKI Jakarta,Jakarta,E-commerce,PT Sinar Distribusi,OUT8730,Online Store,SP855,Candy,Mint Pop Candy,SKU43517,39760,24,954240,0.1196,114127.1,840112.9,None,No,Cash,14
TRX2020160367,2020-10-09,Bandung,West Java,Bandung,Distributor,PT Nusantara Supply,OUT5369,Supermarket,SP279,Candy,Mint Pop Candy,SKU59438,4978,62,308636,0.1412,43579.4,265056.6,,No,Cash,4
TRX2020952257,26/04/2020,Surabaya,East Java,Surabaya,E-commerce,PT Maju Jaya Distribusi,OUT1262,Supermarket,SP165,Biscuits,Golden Cream Biscuit,SKU37390,11917,130,1549210,0.0962,149034.0,1400176.0,Retail Discount,No,Credit Term,13
TRX2020309691,2020-01-27,Semarang,Central Java,Semarang,Distributor,PT Global Snack Dist,OUT9304,Traditional Store,SP563,Candy,Fruit Jelly Candy,SKU50375,35364,84,2970576,0.0534,158628.76,2811947.24,Bundle Promo,No,Credit Term,8
TRX2020787614,15/11/2020,Semarang,Central Java,Semarang,E-commerce,PT Global Snack Dist,OUT2693,Supermarket,SP549,Snacks,Crunchy Bite,SKU45142,24706,91,2248246,0.1981,445377.53,1802868.47,,No,Transfer,6
TRX2020538897,2020-11-13,Semarang,Central Java,Semarang,General Trade,PT Sinar Distribusi,OUT7312,Online Store,SP684,Biscuits,Choco Delight Biscuit,SKU68053,11266,17,191522,0.0741,14191.78,177330.22,Bundle Promo,No,Credit Term,6
TRX2020518156,20/11/2020,Bandung,West Java,Bandung,General Trade,PT Maju Jaya Distribusi,OUT2609,Traditional Store,SP594,Nuts,Spicy Peanut Mix,SKU39144,6200,23,142600,0.2478,35336.28,107263.72,Bundle Promo,No,Cash,10
TRX2020389682,2020-06-02,Yogyakarta,DI Yogyakarta,Yogyakarta,Modern Trade,PT Maju Jaya Distribusi,OUT5899,Online Store,SP364,Biscuits, Golden Cream Biscuit ,SKU87711,34359,153,5256927,0.1879,987776.58,4269150.42,Retail Discount,No,Transfer,10
TRX2020571286,2020-08-21,Palembang,South Sumatra,Palembang,E-commerce,PT Nusantara Supply,OUT3279,Online Store,SP936,Biscuits,Butter Crunch Biscuit,SKU21421,46014,6,276084,0.0204,5632.11,270451.89,Bundle Promo,No,Credit Term,7
TRX2020449016,2020-07-21,Medan,North Sumatra,Medan,Modern Trade,PT Sinar Distribusi,OUT6579,Minimarket,SP265,Beverages,Energy Cocoa Drink,SKU12980,34313,120,4117560,0.2187,900510.37,3217049.63,None,No,Transfer,2
TRX2020496968,2020-07-26,Jakarta,DKI Jakarta,Jakarta,E-commerce,PT Global Snack Dist,OUT9865,Supermarket,SP547,Snacks,Savory Chips,SKU66254,40408,148,5980384,0.1117,668008.89,5312375.11,Bundle Promo,No,Cash,7
TRX2020416115,2020-10-13,Makassar,South Sulawesi,Makassar,Distributor,,OUT3079,Online Store,SP576,Beverages,Nutri Grain Drink,SKU94771,14522,47,682534,0.2037,139032.18,543501.82,Bundle Promo,No,Cash,3
TRX2020511140,25/02/2020,Semarang,Central Java,Semarang,Distributor,,OUT8340,Supermarket,SP526,Nuts,Salted Cashew Mix,SKU67219,39251,132,5181132,0.0256,132636.98,5048495.02,Retail Discount,No,Cash,11
TRX2020886564,26/03/2020,Jakarta,DKI Jakarta,Jakarta,Distributor,,OUT1259,Minimarket,SP981,Nuts,Salted Cashew Mix,SKU52462,25009,145,3626305,0.2436,883367.9,2742937.1,,No,Cash,10
TRX2020160773,24/07/2020,Makassar,South Sulawesi,Makassar,Modern Trade,PT Maju Jaya Distribusi,OUT8446,Online Store,SP940,Candy, Caramel Drop Candy ,SKU64090,24307,74,1798718,0.2125,382227.58,1416490.43,,No,Credit Term,7
TRX2020500614,08/11/2020,Jakarta,DKI Jakarta,Jakarta,Modern Trade,PT Nusantara Supply,OUT9960,Online Store,SP594,Candy,Mint Pop Candy,SKU65618,16489,39,643071,0.2159,138839.03,504231.97,Retail Discount,No,Cash,7
TRX2020543286,2020-06-15,Palembang,South Sumatra,Palembang,Distributor,,OUT5189,Online Store,SP576,Nuts,Salted Cashew Mix,SKU63218,31463,193,6072359,0.1583,961254.43,5111104.57,,No,Cash,11
TRX2020126294,09/06/2020,Semarang,Central Java,Semarang,General Trade,PT Nusantara Supply,OUT8003,Online Store,SP749,Candy,Mint Pop Candy,SKU80665,35142,132,4638744,0.2024,938881.79,3699862.21,,No,Transfer,11
TRX2020349463,20/09/2020,Palembang,South Sumatra,Palembang,General Trade,PT Nusantara Supply,OUT1909,Traditional Store,SP409,Biscuits,Butter Crunch Biscuit,SKU55109,46071,64,2948544,0.0991,292200.71,2656343.29,None,No,Transfer,5
TRX2020573483,2020-03-30,Semarang,Central Java,Semarang,E-commerce,,OUT8273,Minimarket,SP275,Nuts,Salted Cashew Mix,SKU28119,19868,188,3735184,0.2051,766086.24,2969097.76,Seasonal Promo,No,Cash,8
TRX2020322833,2020-08-27,Jakarta,DKI Jakarta,Jakarta,Distributor,PT Maju Jaya Distribusi,OUT9708,Supermarket,SP704,Biscuits,Butter Crunch Biscuit,SKU48939,45848,55,2521640,0.047,118517.08,2403122.92,Bundle Promo,No,Credit Term,1
TRX2020719787,06/01/2020,Yogyakarta,DI Yogyakarta,Yogyakarta,E-commerce,PT Sinar Distribusi,OUT4002,Online Store,SP873,Snacks,Spicy Curl,SKU82312,44540,172,7660880,0.102,781409.76,6879470.24,Seasonal Promo,No,Cash,12
TRX2020181896,09/12/2020,Palembang,South Sumatra,Palembang,E-commerce,PT Maju Jaya Distribusi,OUT2951,Minimarket,SP595,Snacks,Crunchy Bite,SKU84515,19563,172,3364836,0.1412,475114.84,2889721.16,Bundle Promo,No,Cash,11
TRX2020385594,2020-09-01,Bandung,West Java,Bandung,Distributor,PT Global Snack Dist,OUT3700,Supermarket,SP512,Biscuits,Golden Cream Biscuit,SKU22998,42674,192,8193408,0.0184,150758.71,8042649.29,Retail Discount,No,Transfer,1
TRX2020340372,2020-08-18,Semarang,Central Java,Semarang,E-commerce,PT Sinar Distribusi,OUT3518,Minimarket,SP473,Nuts,Salted Cashew Mix,SKU81581,10286,188,1933768,0.0131,25332.36,1908435.64,None,No,Transfer,10
TRX2020233089,06/08/2020,Semarang,Central Java,Semarang,Modern Trade,PT Nusantara Supply,OUT3883,Supermarket,SP794,Beverages,Energy Cocoa Drink,SKU12870,25521,133,3394293,0.047,159531.77,3234761.23,Retail Discount,No,Credit Term,11
TRX2020906691,07/04/2020,Makassar,South Sulawesi,Makassar,Distributor,PT Global Snack Dist,OUT7699,Minimarket,SP576,Beverages,Nutri Grain Drink,SKU77887,10793,58,625994,0.208,130206.75,495787.25,,No,Transfer,14
TRX2020463742,26/07/2020,Palembang,South Sumatra,Palembang,General Trade,PT Nusantara Supply,OUT6761,Traditional Store,SP310,Snacks,Spicy Curl,SKU26538,11902,78,928356,0.1314,121985.98,806370.02,None,No,Transfer,14
TRX2020314337,2020-04-04,Palembang,South Sumatra,Palembang,Modern Trade,PT Sinar Distribusi,OUT7846,Supermarket,SP586,Beverages,Energy Cocoa Drink,SKU78651,4926,40,197040,0.1195,23546.28,173493.72,Seasonal Promo,No,Cash,9
TRX2020881500,16/06/2020,Makassar,South Sulawesi,Makassar,E-commerce,PT Global Snack Dist,OUT4788,Online Store,SP360,Nuts,Spicy Peanut Mix,SKU33338,39613,61,2416393,0.0022,5316.06,2411076.94,Retail Discount,No,Transfer,10
TRX2020281739,2020-12-30,Semarang,Central Java,Semarang,Distributor,PT Maju Jaya Distribusi,OUT3359,Supermarket,SP541,Biscuits,Choco Delight Biscuit,SKU16982,2808,119,334152,0.0459,15337.58,318814.42,Retail Discount,No,Credit Term,9
TRX2020535781,13/06/2020,Jakarta,DKI Jakarta,Jakarta,E-commerce,PT Global Snack Dist,OUT5147,Minimarket,SP667,Nuts,Salted Cashew Mix,SKU40401,47564,110,5232040,0.075,392403.0,4839637.0,Seasonal Promo,No,Cash,5
TRX2020415030,2020-07-01,Jakarta,DKI Jakarta,Jakarta,General Trade,PT Global Snack Dist,OUT2106,Traditional Store,SP718,Biscuits, Choco Delight Biscuit ,SKU84950,26223,194,5087262,0.0172,87500.91,4999761.09,None,No,Transfer,12
TRX2020251031,13/12/2020,Surabaya,East Java,Surabaya,E-commerce,PT Nusantara Supply,OUT4360,Supermarket,SP228,Biscuits,Golden Cream Biscuit,SKU31427,41744,44,1836736,0.0346,63551.07,1773184.93,None,No,Cash,8
TRX2020451619,05/04/2020,Jakarta,DKI Jakarta,Jakarta,General Trade,PT Sinar Distribusi,OUT1653,Online Store,SP361,Nuts,Spicy Peanut Mix,SKU26818,39501,137,5411637,0.1759,951906.95,4459730.05,Bundle Promo,No,Credit Term,7
TRX2020175211,2020-11-06,Makassar,South Sulawesi,Makassar,Distributor,PT Nusantara Supply,OUT6309,Online Store,SP728,Biscuits,Golden Cream Biscuit,SKU16764,28231,171,4827501,0.2115,1021016.46,3806484.54,Seasonal Promo,No,Credit Term,7
TRX2020528693,2020-09-09,Jakarta,DKI Jakarta,Jakarta,Modern Trade,PT Nusantara Supply,OUT2141,Minimarket,SP530,Snacks,Spicy Curl,SKU65016,31211,149,4650439,0.1417,658967.21,3991471.79,Retail Discount,No,Transfer,3
TRX2020550005,2020-08-21,Surabaya,East Java,Surabaya,Modern Trade,PT Maju Jaya Distribusi,OUT8635,Traditional Store,SP276,Beverages,Nutri Grain Drink,SKU35267,39301,95,3733595,0.1911,713490.0,3020105.0,None,Yes,Transfer,2
TRX2020309691,28/12/2020,Jakarta,DKI Jakarta,Jakarta,Distributor,PT Maju Jaya Distribusi,OUT6220,Supermarket,SP404,Beverages,Nutri Grain Drink,SKU29255,10039,45,451755,0.0878,39664.09,412090.91,Bundle Promo,No,Cash,14
TRX2020418442,2020-06-28,Palembang,South Sumatra,Palembang,General Trade,PT Maju Jaya Distribusi,OUT9921,Traditional Store,SP212,Candy,Fruit Jelly Candy,SKU89900,28762,160,4601920,0.2274,1046476.61,3555443.39,None,No,Cash,8
TRX2020989862,2020-07-28,Jakarta,DKI Jakarta,Jakarta,General Trade,PT Global Snack Dist,OUT1745,Supermarket,SP135,Beverages,Choco Malt Drink,SKU68267,46295,185,8564575,0.0795,680883.71,7883691.29,None,No,Credit Term,3
TRX2020196278,2020-12-16,Palembang,South Sumatra,Palembang,Modern Trade,,OUT8178,Minimarket,SP229,Snacks,Savory Chips,SKU77661,38821,65,2523365,0.0631,159224.33,2364140.67,Retail Discount,No,Credit Term,12
TRX2020456884,16/05/2020,Jakarta,DKI Jakarta,Jakarta,E-commerce,PT Global Snack Dist,OUT2221,Supermarket,SP821,Nuts, Spicy Peanut Mix ,SKU33529,47239,35,1653365,0.0203,33563.31,1619801.69,Seasonal Promo,No,Transfer,12
TRX2020260049,24/04/2020,Jakarta,DKI Jakarta,Jakarta,E-commerce,PT Maju Jaya Distribusi,OUT9377,Supermarket,SP169,Biscuits,Golden Cream Biscuit,SKU62284,36933,95,3508635,0.2451,859966.44,2648668.56,Bundle Promo,No,Cash,7
TRX2020701156,2020-01-04,Yogyakarta,DI Yogyakarta,Yogyakarta,General Trade,PT Global Snack Dist,OUT9130,Supermarket,SP980,Candy,Fruit Jelly Candy,SKU82103,21077,26,548002,0.1911,104723.18,443278.82,Seasonal Promo,No,Cash,4
TRX2020152087,27/08/2020,Semarang,Central Java,Semarang,Modern Trade,,OUT7339,Traditional Store,SP904,Nuts,Spicy Peanut Mix,SKU88318,45602,107,4879414,0.1891,922697.19,3956716.81,None,No,Cash,7
TRX2020994758,2020-07-09,Jakarta,DKI Jakarta,Jakarta,General Trade,,OUT3760,Online Store,SP982,Biscuits,Golden Cream Biscuit,SKU18721,45835,198,9075330,0.0894,811334.5,8263995.5,Bundle Promo,No,Cash,4
TRX2020274081,2020-06-13,Bandung,West Java,Bandung,General Trade,,OUT2011,Traditional Store,SP878,Biscuits,Golden Cream Biscuit,SKU94767,30617,99,3031083,0.1882,570449.82,2460633.18,Retail Discount,No,Cash,7
TRX2020753396,19/09/2020,Medan,North Sumatra,Medan,E-commerce,PT Global Snack Dist,OUT8241,Traditional Store,SP868,Beverages,Nutri Grain Drink,SKU40027,11701,92,1076492,0.198,213145.42,863346.58,None,No,Credit Term,13
TRX2020812253,03/01/2020,Bandung,West Java,Bandung,Modern Trade,PT Global Snack Dist,OUT7273,Minimarket,SP267,Nuts,Salted Cashew Mix,SKU37818,47723,169,8065187,0.1184,954918.14,7110268.86,Retail Discount,No,Credit Term,1
TRX2020875725,2020-12-10,Surabaya,East Java,Surabaya,Distributor,PT Sinar Distribusi,OUT9520,Traditional Store,SP391,Candy,Mint Pop Candy,SKU59000,31997,60,1919820,0.1694,325217.51,1594602.49,None,No,Transfer,6
TRX2020235583,27/07/2020,Surabaya,East Java,Surabaya,Modern Trade,PT Sinar Distribusi,OUT2458,Online Store,SP144,Biscuits,Golden Cream Biscuit,SKU28648,34694,58,2012252,0.0501,100813.83,1911438.17,,No,Transfer,3
TRX2020368962,13/11/2020,Jakarta,DKI Jakarta,Jakarta,General Trade,PT Global Snack Dist,OUT9243,Minimarket,SP792,Biscuits,Butter Crunch Biscuit,SKU93654,46586,63,2934918,0.0528,154963.67,2779954.33,None,No,Transfer,1
TRX2020151185,13/05/2020,Makassar,South Sulawesi,Makassar,Distributor,PT Sinar Distribusi,OUT9401,Minimarket,SP851,Beverages,Energy Cocoa Drink,SKU46587,42192,23,970416,0.1262,122466.5,847949.5,Bundle Promo,No,Cash,6
TRX2020192862,2020-02-17,Medan,North Sumatra,Medan,Modern Trade,,OUT7266,Online Store,SP787,Candy,Fruit Jelly Candy,SKU53859,42347,1,42347,0.0016,67.76,42279.24,Seasonal Promo,No,Transfer,10
TRX2020140859,30/03/2020,Surabaya,East Java,Surabaya,Distributor,PT Sinar Distribusi,OUT8825,Online Store,SP539,Beverages,Energy Cocoa Drink,SKU55974,11680,136,1588480,0.0003,476.54,1588003.46,,No,Transfer,5
TRX2020601832,2020-01-17,Makassar,South Sulawesi,Makassar,General Trade,PT Maju Jaya Distribusi,OUT4832,Online Store,SP685,Beverages, Nutri Grain Drink ,SKU84386,36760,184,6763840,0.1314,888768.58,5875071.42,,No,Credit Term,7
TRX2020670739,20/05/2020,Jakarta,DKI Jakarta,Jakarta,E-commerce,PT Nusantara Supply,OUT2269,Supermarket,SP291,Candy,Caramel Drop Candy,SKU25061,27387,101,2766087,0.0013,3595.91,2762491.09,Seasonal Promo,No,Credit Term,3
TRX2020910145,2020-08-23,Yogyakarta,DI Yogyakarta,Yogyakarta,General Trade,PT Nusantara Supply,OUT5181,Traditional Store,SP620,Biscuits,Butter Crunch Biscuit,SKU83804,8664,185,1602840,0.0374,59946.22,1542893.78,Retail Discount,No,Transfer,8
TRX2020274333,26/09/2020,Jakarta,DKI Jakarta,Jakarta,General Trade,PT Nusantara Supply,OUT9456,Minimarket,SP157,Nuts,Salted Cashew Mix,SKU58040,12170,80,973600,0.0195,18985.2,954614.8,Seasonal Promo,No,Credit Term,2
TRX2020450962,12/05/2020,Surabaya,East Java,Surabaya,E-commerce,PT Maju Jaya Distribusi,OUT4603,Traditional Store,SP534,Candy,Mint Pop Candy,SKU81809,5255,145,761975,0.147,112010.32,649964.68,None,No,Transfer,8
TRX2020781632,2020-04-07,Palembang,South Sumatra,Palembang,Modern Trade,PT Sinar Distribusi,OUT4325,Traditional Store,SP231,Biscuits,Golden Cream Biscuit,SKU69188,19926,135,2690010,0.1564,420717.56,2269292.44,Bundle Promo,No,Transfer,2
TRX2020668241,2020-05-31,Yogyakarta,DI Yogyakarta,Yogyakarta,E-commerce,PT Nusantara Supply,OUT6753,Supermarket,SP131,Biscuits,Butter Crunch Biscuit,SKU45799,48737,62,3021694,0.1316,397654.93,2624039.07,Retail Discount,No,Cash,13
TRX2020731617,27/08/2020,Surabaya,East Java,Surabaya,Distributor,,OUT8792,Online Store,SP119,Candy,Fruit Jelly Candy,SKU96481,46556,147,6843732,0.0979,670001.36,6173730.64,Bundle Promo,No,Cash,5
TRX2020502098,22/04/2020,Makassar,South Sulawesi,Makassar,Modern Trade,PT Maju Jaya Distribusi,OUT5560,Traditional Store,SP805,Beverages,Energy Cocoa Drink,SKU46856,7590,133,1009470,0.1696,171206.11,838263.89,Seasonal Promo,No,Cash,2
TRX2020920276,2020-10-10,Yogyakarta,DI Yogyakarta,Yogyakarta,E-commerce,PT Maju Jaya Distribusi,OUT2292,Traditional Store,SP154,Beverages,Choco Malt Drink,SKU43762,38320,194,7434080,0.161,1196886.88,6237193.12,None,No,Cash,13
TRX2020714096,09/12/2020,Medan,North Sumatra,Medan,Modern Trade,PT Sinar Distribusi,OUT5164,Minimarket,SP466,Beverages,Nutri Grain Drink,SKU13673,22947,74,1698078,0.2069,351332.34,1346745.66,,No,Cash,3
TRX2020597640,19/02/2020,Jakarta,DKI Jakarta,Jakarta,General Trade,,OUT6455,Supermarket,SP621,Snacks,Spicy Curl,SKU45319,16951,113,1915463,0.2176,416804.75,1498658.25,Retail Discount,No,Credit Term,10
TRX2020484847,2020-12-27,Palembang,South Sumatra,Palembang,Modern Trade,PT Global Snack Dist,OUT7851,Supermarket,SP728,Candy,Fruit Jelly Candy,SKU71338,8627,174,1501098,0.0285,42781.29,1458316.71,Retail Discount,No,Cash,8
TRX2020290026,2020-01-14,Semarang,Central Java,Semarang,Distributor,PT Sinar Distribusi,OUT5153,Online Store,SP303,Candy,Caramel Drop Candy,SKU59218,26477,185,4898245,0.0051,24981.05,4873263.95,Seasonal Promo,No,Transfer,12
TRX2020466469,2020-01-25,Yogyakarta,DI Yogyakarta,Yogyakarta,Modern Trade,,OUT1115,Minimarket,SP773,Beverages,Energy Cocoa Drink,SKU43372,30241,134,4052294,0.109,441700.05,3610593.95,,No,Cash,6
TRX2020461405,28/06/2020,Palembang,South Sumatra,Palembang,Modern Trade,PT Maju Jaya Distribusi,OUT8881,Traditional Store,SP799,Snacks,Spicy Curl,SKU67479,32053,148,4743844,0.1249,592506.12,4151337.88,Retail Discount,No,Credit Term,9
TRX2020467314,15/02/2020,Yogyakarta,DI Yogyakarta,Yogyakarta,Distributor,PT Nusantara Supply,OUT9966,Supermarket,SP861,Snacks, Savory Chips ,SKU17442,38400,170,6528000,0.0543,354470.4,6173529.6,None,No,Credit Term,10
TRX2020842188,2020-01-29,Semarang,Central Java,Semarang,E-commerce,PT Global Snack Dist,OUT1011,Minimarket,SP974,Candy,Mint Pop Candy,SKU20592,6839,47,321433,0.1358,43650.6,277782.4,,No,Credit Term,13
TRX2020917576,19/02/2020,Semarang,Central Java,Semarang,E-commerce,PT Sinar Distribusi,OUT9798,Supermarket,SP646,Biscuits,Choco Delight Biscuit,SKU89248,11057,167,1846519,0.2416,446118.99,1400400.01,Seasonal Promo,No,Cash,8
TRX2020414702,29/08/2020,Makassar,South Sulawesi,Makassar,E-commerce,PT Maju Jaya Distribusi,OUT8512,Traditional Store,SP750,Biscuits,Choco Delight Biscuit,SKU47910,12156,107,1300692,0.0483,62823.42,1237868.58,None,No,Credit Term,13
TRX2020390393,2020-08-02,Semarang,Central Java,Semarang,Modern Trade,PT Nusantara Supply,OUT4249,Minimarket,SP854,Snacks,Spicy Curl,SKU64400,23657,143,3382951,0.0414,140054.17,3242896.83,Bundle Promo,No,Transfer,1
TRX2020518426,05/01/2020,Bandung,West Java,Bandung,E-commerce,,OUT1058,Online Store,SP733,Biscuits,Golden Cream Biscuit,SKU58972,36478,91,3319498,0.2219,736596.61,2582901.39,Retail Discount,No,Cash,3
TRX2020896739,2020-12-10,Yogyakarta,DI Yogyakarta,Yogyakarta,General Trade,PT Maju Jaya Distribusi,OUT1297,Supermarket,SP476,Nuts,Salted Cashew Mix,SKU36014,4079,152,620008,0.0934,57908.75,562099.25,,No,Cash,3
TRX2020296498,2020-08-30,Palembang,South Sumatra,Palembang,Distributor,,OUT7054,Online Store,SP432,Biscuits,Choco Delight Biscuit,SKU35890,47014,117,5500638,0.0426,234327.18,5266310.82,Seasonal Promo,No,Transfer,13
TRX2020579697,2020-07-14,Medan,North Sumatra,Medan,Modern Trade,PT Sinar Distribusi,OUT3873,Minimarket,SP891,Nuts,Honey Roasted Peanut,SKU66494,18315,75,1373625,0.0758,104120.78,1269504.23,Seasonal Promo,No,Cash,12
TRX2020475038,2020-11-03,Bandung,West Java,Bandung,E-commerce,PT Nusantara Supply,OUT9039,Minimarket,SP301,Nuts,Spicy Peanut Mix,SKU11472,22227,46,1022442,0.0419,42840.32,979601.68,Seasonal Promo,No,Transfer,3
TRX2020370247,2020-01-25,Medan,North Sumatra,Medan,Distributor,PT Nusantara Supply,OUT5497,Online Store,SP390,Biscuits,Butter Crunch Biscuit,SKU54567,12475,163,2033425,0.0681,138476.24,1894948.76,Seasonal Promo,No,Credit Term,4
TRX2020688760,2020-06-02,Medan,North Sumatra,Medan,Modern Trade,PT Maju Jaya Distribusi,OUT1262,Online Store,SP543,Snacks,Spicy Curl,SKU55047,49703,94,4672082,0.103,481224.45,4190857.55,Bundle Promo,No,Cash,2
TRX2020893881,05/09/2020,Palembang,South Sumatra,Palembang,Distributor,PT Sinar Distribusi,OUT1421,Online Store,SP393,Nuts,Honey Roasted Peanut,SKU90693,38883,101,3927183,0.0822,322814.44,3604368.56,Seasonal Promo,No,Cash,11
TRX2020428341,2020-02-04,Yogyakarta,DI Yogyakarta,Yogyakarta,Distributor,PT Sinar Distribusi,OUT9135,Minimarket,SP170,Snacks,Spicy Curl,SKU63141,30540,185,5649900,0.0419,236730.81,5413169.19,None,No,Transfer,3
TRX2020364151,10/04/2020,Jakarta,DKI Jakarta,Jakarta,Modern Trade,PT Nusantara Supply,OUT2194,Supermarket,SP668,Snacks,Crunchy Bite,SKU96183,6947,81,562707,0.0944,53119.54,509587.46,Bundle Promo,No,Transfer,2
TRX2020135399,21/05/2020,Medan,North Sumatra,Medan,General Trade,PT Sinar Distribusi,OUT5426,Online Store,SP641,Biscuits,Butter Crunch Biscuit,SKU76837,40040,11,440440,0.2165,95355.26,345084.74,,No,Credit Term,5
TRX2020409790,2020-07-20,Makassar,South Sulawesi,Makassar,General Trade,PT Sinar Distribusi,OUT7624,Online Store,SP700,Nuts,Spicy Peanut Mix,SKU74877,32428,14,453992,0.163,74000.7,379991.3,,No,Cash,12
TRX2020823942,2020-04-23,Jakarta,DKI Jakarta,Jakarta,General Trade,,OUT3323,Traditional Store,SP916,Nuts,Spicy Peanut Mix,SKU11501,14629,123,1799367,0.2479,446063.08,1353303.92,Seasonal Promo,No,Credit Term,1
TRX2020193178,2020-01-27,Jakarta,DKI Jakarta,Jakarta,Distributor,PT Sinar Distribusi,OUT9402,Supermarket,SP514,Biscuits,Golden Cream Biscuit,SKU26450,32832,69,2265408,0.1684,381494.71,1883913.29,Retail Discount,No,Cash,1
TRX2020446581,17/02/2020,Makassar,South Sulawesi,Makassar,E-commerce,PT Sinar Distribusi,OUT1491,Minimarket,SP312,Biscuits,Golden Cream Biscuit,SKU44713,15747,52,818844,0.2008,164423.88,654420.12,Bundle Promo,No,Transfer,10
TRX2020861087,2020-11-17,Yogyakarta,DI Yogyakarta,Yogyakarta,General Trade,PT Maju Jaya Distribusi,OUT6758,Online Store,SP316,Beverages,Nutri Grain Drink,SKU93333,44714,108,4829112,0.069,333208.73,4495903.27,Retail Discount,No,Transfer,11
TRX2020878810,16/06/2020,Surabaya,East Java,Surabaya,General Trade,PT Maju Jaya Distribusi,OUT8149,Minimarket,SP108,Candy,Mint Pop Candy,SKU48094,38983,173,6744059,0.0148,99812.07,6644246.93,None,No,Credit Term,3
TRX2020450412,2020-08-02,Palembang,South Sumatra,Palembang,E-commerce,PT Sinar Distribusi,OUT1932,Traditional Store,SP437,Nuts,Salted Cashew Mix,SKU42645,48489,98,4751922,0.0398,189126.5,4562795.5,None,No,Cash,11
TRX2020483003,21/06/2020,Semarang,Central Java,Semarang,Modern Trade,PT Nusantara Supply,OUT1538,Minimarket,SP444,Biscuits,Butter Crunch Biscuit,SKU66148,11653,12,139836,0.0053,741.13,139094.87,Retail Discount,Yes,Credit Term,8
TRX2020287310,10/09/2020,Bandung,West Java,Bandung,General Trade,PT Sinar Distribusi,OUT9741,Online Store,SP278,Biscuits,Butter Crunch Biscuit,SKU39812,44497,1,44497,0.2208,9824.94,34672.06,None,No,Cash,5
TRX2020936160,2020-01-20,Bandung,West Java,Bandung,Modern Trade,PT Maju Jaya Distribusi,OUT2233,Minimarket,SP317,Beverages,Nutri Grain Drink,SKU31810,18169,97,1762393,0.2017,355474.67,1406918.33,Bundle Promo,No,Credit Term,9
TRX2020783630,2020-07-10,Makassar,South Sulawesi,Makassar,Distributor,PT Maju Jaya Distribusi,OUT9970,Online Store,SP260,Snacks,Spicy Curl,SKU18261,25488,39,994032,0.1366,135784.77,858247.23,Retail Discount,No,Cash,8
TRX2020115826,2020-08-12,Makassar,South Sulawesi,Makassar,General Trade,,OUT8489,Minimarket,SP122,Nuts,Honey Roasted Peanut,SKU13692,15510,54,837540,0.1832,153437.33,684102.67,None,No,Credit Term,5
TRX2020459293,2020-03-21,Yogyakarta,DI Yogyakarta,Yogyakarta,General Trade,PT Maju Jaya Distribusi,OUT1708,Traditional Store,SP543,Candy,Fruit Jelly Candy,SKU52135,16582,81,1343142,0.2395,321682.51,1021459.49,Seasonal Promo,No,Credit Term,1
TRX2020725721,2020-06-26,Makassar,South Sulawesi,Makassar,E-commerce,PT Sinar Distribusi,OUT3053,Supermarket,SP364,Beverages,Energy Cocoa Drink,SKU65211,38489,41,1578049,0.0085,13413.42,1564635.58,Retail Discount,No,Transfer,12
TRX2020488861,25/02/2020,Palembang,South Sumatra,Palembang,General Trade,PT Sinar Distribusi,OUT1471,Minimarket,SP591,Candy, Caramel Drop Candy ,SKU48764,44440,132,5866080,0.1177,690437.62,5175642.38,Seasonal Promo,No,Transfer,2
TRX2020579768,2020-09-28,Makassar,South Sulawesi,Makassar,Modern Trade,PT Sinar Distribusi,OUT1475,Supermarket,SP602,Candy,Mint Pop Candy,SKU16311,9364,36,337104,0.0368,12405.43,324698.57,None,No,Credit Term,2
TRX2020623957,31/08/2020,Palembang,South Sumatra,Palembang,E-commerce,PT Sinar Distribusi,OUT6843,Traditional Store,SP595,Nuts,Honey Roasted Peanut,SKU73433,29005,103,2987515,0.1254,374634.38,2612880.62,,No,Cash,3
TRX2020879933,2020-07-18,Medan,North Sumatra,Medan,E-commerce,PT Nusantara Supply,OUT7314,Minimarket,SP591,Candy,Fruit Jelly Candy,SKU41471,14896,41,610736,0.0027,1648.99,609087.01,Seasonal Promo,Yes,Transfer,11
TRX2020842247,2020-07-22,Semarang,Central Java,Semarang,Modern Trade,,OUT6296,Supermarket,SP635,Nuts, Honey Roasted Peanut ,SKU93473,32505,176,5720880,0.0811,463963.37,5256916.63,Bundle Promo,No,Credit Term,9
TRX2020348256,11/03/2020,Makassar,South Sulawesi,Makassar,General Trade,PT Sinar Distribusi,OUT7628,Supermarket,SP675,Biscuits,Butter Crunch Biscuit,SKU79850,4823,22,106106,0.1452,15406.59,90699.41,Seasonal Promo,No,Transfer,14
TRX2020995031,2020-09-14,Semarang,Central Java,Semarang,Modern Trade,PT Maju Jaya Distribusi,OUT9187,Online Store,SP293,Snacks,Spicy Curl,SKU59079,45406,30,1362180,0.0808,110064.14,1252115.86,Bundle Promo,No,Credit Term,5
TRX2020958484,12/02/2020,Jakarta,DKI Jakarta,Jakarta,Modern Trade,PT Sinar Distribusi,OUT7877,Minimarket,SP556,Nuts,Spicy Peanut Mix,SKU37069,15775,164,2587100,0.045,116419.5,2470680.5,Seasonal Promo,No,Credit Term,7
TRX2020124657,06/12/2020,Jakarta,DKI Jakarta,Jakarta,E-commerce,PT Sinar Distribusi,OUT1859,Minimarket,SP633,Candy,Fruit Jelly Candy,SKU94369,38380,140,5373200,0.0876,470692.32,4902507.68,Seasonal Promo,No,Cash,11
TRX2020286119,28/03/2020,Surabaya,East Java,Surabaya,Distributor,PT Sinar Distribusi,OUT9868,Traditional Store,SP728,Candy,Mint Pop Candy,SKU83194,21329,171,3647259,0.0296,107958.87,3539300.13,,No,Cash,10
TRX2020430771,2020-08-21,Yogyakarta,DI Yogyakarta,Yogyakarta,E-commerce,,OUT4959,Online Store,SP288,Candy,Caramel Drop Candy,SKU43639,13405,69,924945,0.2339,216344.64,708600.36,,No,Credit Term,9
TRX2020338685,2020-03-31,Makassar,South Sulawesi,Makassar,Modern Trade,PT Global Snack Dist,OUT7118,Online Store,SP315,Biscuits, Golden Cream Biscuit ,SKU11342,28448,15,426720,0.1794,76553.57,350166.43,Retail Discount,No,Transfer,10
TRX2020770398,08/01/2020,Yogyakarta,DI Yogyakarta,Yogyakarta,Distributor,PT Sinar Distribusi,OUT7430,Minimarket,SP394,Candy,Fruit Jelly Candy,SKU28049,2973,133,395409,0.2028,80188.95,315220.05,None,No,Transfer,1
TRX2020390623,01/07/2020,Surabaya,East Java,Surabaya,Modern Trade,PT Nusantara Supply,OUT1135,Online Store,SP237,Nuts,Honey Roasted Peanut,SKU22620,40802,4,163208,0.0649,10592.2,152615.8,Bundle Promo,No,Cash,11
TRX2020926617,2020-07-06,Semarang,Central Java,Semarang,Modern Trade,PT Global Snack Dist,OUT2512,Traditional Store,SP577,Biscuits,Choco Delight Biscuit,SKU40322,46604,162,7549848,0.152,1147576.9,6402271.1,Bundle Promo,No,Credit Term,14
TRX2020982163,2020-05-16,Semarang,Central Java,Semarang,Distributor,PT Maju Jaya Distribusi,OUT7823,Supermarket,SP558,Nuts,Spicy Peanut Mix,SKU54417,28530,25,713250,0.2249,160409.92,552840.07,Bundle Promo,No,Transfer,9
TRX2020891510,2020-09-21,Surabaya,East Java,Surabaya,Modern Trade,PT Sinar Distribusi,OUT6114,Traditional Store,SP115,Beverages,Energy Cocoa Drink,SKU22262,18807,121,2275647,0.237,539328.34,1736318.66,Bundle Promo,No,Credit Term,9
TRX2020646312,07/11/2020,Semarang,Central Java,Semarang,E-commerce,PT Global Snack Dist,OUT7270,Traditional Store,SP572,Beverages,Nutri Grain Drink,SKU39132,20795,72,1497240,0.0284,42521.62,1454718.38,Retail Discount,No,Transfer,4
TRX2020108970,2020-10-21,Surabaya,East Java,Surabaya,E-commerce,PT Sinar Distribusi,OUT4476,Traditional Store,SP471,Candy,Mint Pop Candy,SKU93675,2587,137,354419,0.1441,51071.78,303347.22,,No,Credit Term,13
TRX2020827198,09/10/2020,Bandung,West Java,Bandung,E-commerce,PT Sinar Distribusi,OUT5236,Supermarket,SP160,Beverages,Choco Malt Drink,SKU99980,6610,120,793200,0.0773,61314.36,731885.64,Seasonal Promo,No,Credit Term,12
TRX2020178155,2020-04-20,Makassar,South Sulawesi,Makassar,E-commerce,PT Sinar Distribusi,OUT6879,Online Store,SP926,Nuts,Salted Cashew Mix,SKU18920,19290,156,3009240,0.2337,703259.39,2305980.61,,No,Transfer,3
TRX2020752203,03/12/2020,Surabaya,East Java,Surabaya,General Trade,PT Global Snack Dist,OUT1016,Traditional Store,SP473,Nuts,Honey Roasted Peanut,SKU41048,46611,24,1118664,0.0298,33336.19,1085327.81,Bundle Promo,No,Transfer,3
TRX2020796696,2020-07-10,Semarang,Central Java,Semarang,Distributor,,OUT6650,Traditional Store,SP362,Candy,Caramel Drop Candy,SKU97182,47886,121,5794206,0.0356,206273.73,5587932.27,None,No,Credit Term,4
TRX2020511238,18/04/2020,Bandung,West Java,Bandung,Distributor,PT Nusantara Supply,OUT9531,Minimarket,SP263,Snacks,Savory Chips,SKU11467,24450,101,2469450,0.0577,142487.27,2326962.73,Seasonal Promo,No,Transfer,6
TRX2020240556,24/06/2020,Jakarta,DKI Jakarta,Jakarta,General Trade,PT Sinar Distribusi,OUT8028,Minimarket,SP354,Candy,Fruit Jelly Candy,SKU23974,25627,104,2665208,0.1919,511453.42,2153754.58,,No,Transfer,9
TRX2020833444,01/06/2020,Jakarta,DKI Jakarta,Jakarta,E-commerce,PT Nusantara Supply,OUT4099,Minimarket,SP119,Snacks,Savory Chips,SKU49164,4238,27,114426,0.0306,3501.44,110924.56,Bundle Promo,No,Transfer,3
TRX2020487226,29/04/2020,Jakarta,DKI Jakarta,Jakarta,E-commerce,PT Nusantara Supply,OUT3302,Supermarket,SP507,Candy,Caramel Drop Candy,SKU17027,34829,174,6060246,0.0498,301800.25,5758445.75,None,No,Transfer,2
TRX2020759845,2020-10-04,Bandung,West Java,Bandung,Modern Trade,,OUT2840,Online Store,SP434,Snacks,Spicy Curl,SKU28430,7794,183,1426302,0.0766,109254.73,1317047.27,Bundle Promo,No,Cash,11
TRX2020869131,11/01/2020,Medan,North Sumatra,Medan,General Trade,PT Maju Jaya Distribusi,OUT3052,Traditional Store,SP726,Candy,Fruit Jelly Candy,SKU57472,47682,56,2670192,0.1842,491849.37,2178342.63,Retail Discount,No,Credit Term,13
TRX2020543219,03/04/2020,Surabaya,East Java,Surabaya,Modern Trade,PT Nusantara Supply,OUT1451,Traditional Store,SP539,Biscuits,Golden Cream Biscuit,SKU78303,45758,10,457580,0.0595,27226.01,430353.99,Retail Discount,No,Transfer,10
TRX2020973069,2020-06-05,Medan,North Sumatra,Medan,General Trade,PT Maju Jaya Distribusi,OUT9212,Minimarket,SP215,Beverages,Nutri Grain Drink,SKU95425,42540,56,2382240,0.1285,306117.84,2076122.16,Seasonal Promo,No,Transfer,14
TRX2020722925,2020-10-15,Yogyakarta,DI Yogyakarta,Yogyakarta,Distributor,PT Maju Jaya Distribusi,OUT1717,Online Store,SP934,Candy,Caramel Drop Candy,SKU57485,14875,28,416500,0.0425,17701.25,398798.75,Retail Discount,No,Transfer,2
TRX2020650271,2020-09-26,Jakarta,DKI Jakarta,Jakarta,Distributor,PT Maju Jaya Distribusi,OUT2684,Minimarket,SP216,Nuts, Honey Roasted Peanut ,SKU97513,32480,108,3507840,0.0175,61387.2,3446452.8,None,No,Transfer,4
TRX2020490381,12/09/2020,Makassar,South Sulawesi,Makassar,Modern Trade,PT Sinar Distribusi,OUT6472,Online Store,SP524,Biscuits,Choco Delight Biscuit,SKU93172,28716,195,5599620,0.1159,648995.96,4950624.04,Bundle Promo,No,Cash,7
TRX2020930520,17/09/2020,Surabaya,East Java,Surabaya,General Trade,PT Nusantara Supply,OUT7911,Online Store,SP782,Biscuits, Golden Cream Biscuit ,SKU71156,9271,193,1789303,0.0868,155311.5,1633991.5,,No,Credit Term,4
TRX2020606527,2020-02-14,Jakarta,DKI Jakarta,Jakarta,Distributor,,OUT2040,Minimarket,SP830,Snacks,Savory Chips,SKU17452,40880,156,6377280,0.1266,807363.65,5569916.35,Retail Discount,No,Transfer,13
TRX2020200552,2020-11-23,Palembang,South Sumatra,Palembang,General Trade,,OUT6954,Online Store,SP190,Beverages,Nutri Grain Drink,SKU71515,39638,28,1109864,0.1578,175136.54,934727.46,None,No,Cash,11
TRX2020624621,24/01/2020,Medan,North Sumatra,Medan,General Trade,,OUT1799,Traditional Store,SP110,Snacks,Spicy Curl,SKU94418,21716,100,2171600,0.0511,110968.76,2060631.24,,No,Cash,7
TRX2020985815,11/03/2020,Semarang,Central Java,Semarang,E-commerce,PT Global Snack Dist,OUT6785,Traditional Store,SP390,Biscuits,Butter Crunch Biscuit,SKU50900,18294,182,3329508,0.1787,594983.08,2734524.92,Bundle Promo,No,Credit Term,4
TRX2020211090,08/12/2020,Yogyakarta,DI Yogyakarta,Yogyakarta,E-commerce,PT Nusantara Supply,OUT1337,Traditional Store,SP799,Biscuits,Butter Crunch Biscuit,SKU30564,10030,134,1344020,0.1795,241251.59,1102768.41,Seasonal Promo,No,Transfer,5
TRX2020258913,28/12/2020,Makassar,South Sulawesi,Makassar,E-commerce,PT Nusantara Supply,OUT4762,Minimarket,SP169,Beverages,Choco Malt Drink,SKU52527,11924,116,1383184,0.2255,311907.99,1071276.01,Bundle Promo,No,Credit Term,1
TRX2020298773,2020-10-04,Surabaya,East Java,Surabaya,Modern Trade,,OUT2731,Minimarket,SP988,Nuts,Spicy Peanut Mix,SKU80920,23731,56,1328936,0.0265,35216.8,1293719.2,Seasonal Promo,No,Credit Term,9
TRX2020381573,2020-06-15,Makassar,South Sulawesi,Makassar,Modern Trade,PT Sinar Distribusi,OUT4896,Traditional Store,SP497,Candy,Caramel Drop Candy,SKU27768,26287,19,499453,0.2475,123614.62,375838.38,Retail Discount,No,Transfer,12
TRX2020296336,10/08/2020,Jakarta,DKI Jakarta,Jakarta,Modern Trade,PT Maju Jaya Distribusi,OUT7928,Minimarket,SP974,Biscuits,Choco Delight Biscuit,SKU41734,11129,25,278225,0.2439,67859.08,210365.92,Seasonal Promo,No,Cash,6
TRX2020277453,2020-03-31,Jakarta,DKI Jakarta,Jakarta,Distributor,,OUT9610,Minimarket,SP475,Snacks,Spicy Curl,SKU40517,21456,70,1501920,0.1006,151093.15,1350826.85,Seasonal Promo,No,Cash,13
TRX2020595146,2020-09-25,Semarang,Central Java,Semarang,General Trade,PT Maju Jaya Distribusi,OUT4151,Minimarket,SP852,Snacks,Spicy Curl,SKU86566,4063,58,235654,0.099,23329.75,212324.25,None,No,Cash,14
TRX2020459971,21/03/2020,Palembang,South Sumatra,Palembang,E-commerce,,OUT1939,Traditional Store,SP488,Candy,Caramel Drop Candy,SKU21091,42510,119,5058690,0.1626,822542.99,4236147.01,,No,Transfer,6
TRX2020465824,2020-11-05,Bandung,West Java,Bandung,Distributor,PT Nusantara Supply,OUT5013,Traditional Store,SP601,Biscuits,Butter Crunch Biscuit,SKU57956,18763,138,2589294,0.0872,225786.44,2363507.56,,No,Transfer,9
TRX2020489733,19/04/2020,Jakarta,DKI Jakarta,Jakarta,Distributor,PT Global Snack Dist,OUT1952,Minimarket,SP663,Beverages,Choco Malt Drink,SKU78729,40329,88,3548952,0.0453,160767.53,3388184.47,Seasonal Promo,No,Cash,7
TRX2020979695,2020-04-06,Makassar,South Sulawesi,Makassar,General Trade,PT Maju Jaya Distribusi,OUT5977,Minimarket,SP793,Nuts, Spicy Peanut Mix ,SKU36206,25453,89,2265317,0.1843,417497.92,1847819.08,None,No,Credit Term,10
TRX2020143593,2020-07-01,Makassar,South Sulawesi,Makassar,Distributor,PT Global Snack Dist,OUT4198,Online Store,SP652,Beverages,Energy Cocoa Drink,SKU26716,39530,31,1225430,0.1106,135532.56,1089897.44,Seasonal Promo,Yes,Cash,13
TRX2020956488,27/02/2020,Jakarta,DKI Jakarta,Jakarta,Modern Trade,PT Sinar Distribusi,OUT2835,Traditional Store,SP819,Nuts, Spicy Peanut Mix ,SKU72998,29064,75,2179800,0.0544,118581.12,2061218.88,Seasonal Promo,No,Transfer,9
TRX2020855133,06/10/2020,Medan,North Sumatra,Medan,E-commerce,,OUT4203,Supermarket,SP997,Snacks,Spicy Curl,SKU44515,37512,152,5701824,0.0184,104913.56,5596910.44,None,No,Transfer,11
TRX2020326900,2020-03-03,Surabaya,East Java,Surabaya,Modern Trade,,OUT5167,Supermarket,SP296,Beverages,Nutri Grain Drink,SKU21626,47276,161,7611436,0.1953,1486513.45,6124922.55,None,No,Credit Term,2
TRX2020678032,2020-02-20,Jakarta,DKI Jakarta,Jakarta,Distributor,PT Sinar Distribusi,OUT1628,Online Store,SP486,Biscuits,Choco Delight Biscuit,SKU74763,17419,118,2055442,0.0742,152513.8,1902928.2,Seasonal Promo,No,Cash,10
TRX2020926957,2020-10-16,Makassar,South Sulawesi,Makassar,Modern Trade,PT Maju Jaya Distribusi,OUT6489,Minimarket,SP267,Biscuits,Choco Delight Biscuit,SKU47127,18979,106,2011774,0.1003,201780.93,1809993.07,None,No,Credit Term,5
TRX2020996985,2020-04-23,Makassar,South Sulawesi,Makassar,Distributor,,OUT7677,Online Store,SP436,Candy,Caramel Drop Candy,SKU81999,12616,66,832656,0.048,39967.49,792688.51,Bundle Promo,Yes,Transfer,11
TRX2020341705,2020-01-14,Bandung,West Java,Bandung,Distributor,PT Global Snack Dist,OUT5636,Traditional Store,SP551,Nuts,Salted Cashew Mix,SKU40815,42945,74,3177930,0.0178,56567.15,3121362.85,Retail Discount,No,Credit Term,2
TRX2020629819,2020-08-31,Makassar,South Sulawesi,Makassar,General Trade,PT Nusantara Supply,OUT6405,Traditional Store,SP801,Biscuits, Golden Cream Biscuit ,SKU38671,11507,5,57535,0.226,13002.91,44532.09,,No,Credit Term,8
TRX2020456055,16/07/2020,Palembang,South Sumatra,Palembang,E-commerce,PT Global Snack Dist,OUT7027,Minimarket,SP403,Beverages, Choco Malt Drink ,SKU46730,11408,199,2270192,0.1381,313513.52,1956678.48,None,No,Credit Term,5
TRX2020325946,06/03/2020,Medan,North Sumatra,Medan,Modern Trade,PT Global Snack Dist,OUT2019,Traditional Store,SP286,Snacks,Savory Chips,SKU48639,8180,7,57260,0.0375,2147.25,55112.75,Bundle Promo,No,Cash,13
TRX2020268431,2020-01-21,Semarang,Central Java,Semarang,Modern Trade,PT Maju Jaya Distribusi,OUT3025,Online Store,SP538,Snacks,Savory Chips,SKU12956,35526,92,3268392,0.0352,115047.4,3153344.6,None,No,Cash,10
TRX2020674841,2020-12-15,Yogyakarta,DI Yogyakarta,Yogyakarta,Modern Trade,PT Sinar Distribusi,OUT4184,Traditional Store,SP119,Biscuits,Golden Cream Biscuit,SKU67597,49275,30,1478250,0.0021,3104.32,1475145.68,Bundle Promo,No,Cash,1
TRX2020419812,2020-03-26,Jakarta,DKI Jakarta,Jakarta,Distributor,PT Sinar Distribusi,OUT1031,Traditional Store,SP566,Candy,Caramel Drop Candy,SKU45470,31228,130,4059640,0.2433,987710.41,3071929.59,Seasonal Promo,No,Cash,11
TRX2020228681,16/09/2020,Bandung,West Java,Bandung,General Trade,,OUT3169,Minimarket,SP439,Beverages,Nutri Grain Drink,SKU75541,23576,195,4597320,0.001,4597.32,4592722.68,,No,Transfer,9
TRX2020902777,22/01/2020,Surabaya,East Java,Surabaya,Modern Trade,PT Maju Jaya Distribusi,OUT3195,Supermarket,SP275,Beverages,Choco Malt Drink,SKU94646,17571,65,1142115,0.0535,61103.15,1081011.85,Retail Discount,No,Transfer,8
TRX2020561301,2020-07-12,Medan,North Sumatra,Medan,General Trade,PT Sinar Distribusi,OUT9145,Minimarket,SP702,Beverages,Choco Malt Drink,SKU23845,21029,19,399551,0.1568,62649.6,336901.4,Retail Discount,No,Cash,10
TRX2020819951,2020-05-04,Yogyakarta,DI Yogyakarta,Yogyakarta,Modern Trade,,OUT2378,Online Store,SP937,Nuts,Spicy Peanut Mix,SKU59554,10420,42,437640,0.1177,51510.23,386129.77,Retail Discount,No,Cash,12
TRX2020108693,2020-11-12,Surabaya,East Java,Surabaya,General Trade,PT Maju Jaya Distribusi,OUT1748,Online Store,SP378,Snacks,Spicy Curl,SKU99769,14849,148,2197652,0.1686,370524.13,1827127.87,None,No,Transfer,11
TRX2020632729,2020-11-27,Semarang,Central Java,Semarang,General Trade,PT Nusantara Supply,OUT7148,Minimarket,SP394,Candy,Caramel Drop Candy,SKU99535,11194,4,44776,0.2024,9062.66,35713.34,,No,Credit Term,3
TRX2020208164,2020-12-18,Makassar,South Sulawesi,Makassar,E-commerce,PT Maju Jaya Distribusi,OUT5895,Supermarket,SP652,Candy,Caramel Drop Candy,SKU86894,37025,18,666450,0.1675,111630.38,554819.62,Bundle Promo,No,Credit Term,5
TRX2020811902,2020-10-12,Surabaya,East Java,Surabaya,General Trade,PT Nusantara Supply,OUT5738,Supermarket,SP932,Snacks,Savory Chips,SKU96839,47977,72,3454344,0.2377,821097.57,2633246.43,Bundle Promo,No,Transfer,4
TRX2020943506,03/10/2020,Makassar,South Sulawesi,Makassar,Modern Trade,,OUT1087,Traditional Store,SP312,Snacks,Crunchy Bite,SKU86289,28121,68,1912228,0.2172,415335.92,1496892.08,Bundle Promo,No,Credit Term,2
TRX2020747863,11/07/2020,Palembang,South Sumatra,Palembang,General Trade,PT Sinar Distribusi,OUT7933,Online Store,SP345,Snacks,Spicy Curl,SKU59576,36987,100,3698700,0.2103,777836.61,2920863.39,Retail Discount,No,Transfer,6
TRX2020268548,2020-02-21,Medan,North Sumatra,Medan,General Trade,,OUT4267,Online Store,SP668,Snacks,Savory Chips,SKU14208,46741,8,373928,0.0734,27446.32,346481.68,None,No,Cash,13
TRX2020582291,2020-10-08,Jakarta,DKI Jakarta,Jakarta,General Trade,PT Maju Jaya Distribusi,OUT7763,Online Store,SP209,Candy,Fruit Jelly Candy,SKU86140,19535,69,1347915,0.2149,289666.93,1058248.07,Retail Discount,No,Credit Term,14
TRX2020656671,14/02/2020,Jakarta,DKI Jakarta,Jakarta,Modern Trade,PT Global Snack Dist,OUT8159,Traditional Store,SP340,Candy,Mint Pop Candy,SKU87051,34398,76,2614248,0.2331,609381.21,2004866.79,,No,Cash,14
TRX2020840180,19/07/2020,Surabaya,East Java,Surabaya,Distributor,,OUT1250,Minimarket,SP101,Nuts,Honey Roasted Peanut,SKU65950,13678,53,724934,0.1987,144044.39,580889.61,Seasonal Promo,No,Cash,5
TRX2020624039,31/01/2020,Bandung,West Java,Bandung,General Trade,PT Maju Jaya Distribusi,OUT4492,Online Store,SP710,Candy,Mint Pop Candy,SKU15713,25197,36,907092,0.1183,107308.98,799783.02,Seasonal Promo,No,Transfer,5
TRX2020945790,14/12/2020,Jakarta,DKI Jakarta,Jakarta,E-commerce,PT Sinar Distribusi,OUT4328,Minimarket,SP644,Biscuits,Golden Cream Biscuit,SKU99405,44640,121,5401440,0.1331,718931.66,4682508.34,None,No,Transfer,7
TRX2020176175,2020-03-09,Jakarta,DKI Jakarta,Jakarta,Distributor,,OUT1232,Online Store,SP494,Beverages,Choco Malt Drink,SKU50955,12650,59,746350,0.2289,170839.51,575510.48,,No,Credit Term,14
TRX2020775577,11/06/2020,Palembang,South Sumatra,Palembang,General Trade,,OUT6963,Online Store,SP537,Snacks,Savory Chips,SKU39639,43223,147,6353781,0.1529,971493.11,5382287.89,Seasonal Promo,No,Credit Term,2
TRX2020560284,2020-04-03,Yogyakarta,DI Yogyakarta,Yogyakarta,General Trade,,OUT2067,Traditional Store,SP859,Snacks,Savory Chips,SKU93387,18309,129,2361861,0.0609,143837.33,2218023.67,Seasonal Promo,No,Cash,13
TRX2020616590,2020-06-12,Surabaya,East Java,Surabaya,Distributor,PT Global Snack Dist,OUT2550,Traditional Store,SP805,Nuts,Honey Roasted Peanut,SKU35165,42733,89,3803237,0.2132,810850.13,2992386.87,Bundle Promo,No,Transfer,12
TRX2020843887,2020-10-15,Bandung,West Java,Bandung,General Trade,PT Nusantara Supply,OUT7748,Traditional Store,SP635,Nuts,Honey Roasted Peanut,SKU74348,31913,44,1404172,0.0847,118933.37,1285238.63,,No,Credit Term,9
TRX2020171128,2020-10-28,Jakarta,DKI Jakarta,Jakarta,E-commerce,PT Maju Jaya Distribusi,OUT8825,Online Store,SP439,Biscuits,Golden Cream Biscuit,SKU82477,3893,83,323119,0.2296,74188.12,248930.88,Retail Discount,No,Cash,14
TRX2020303176,2020-10-15,Bandung,West Java,Bandung,Distributor,PT Maju Jaya Distribusi,OUT6228,Minimarket,SP480,Nuts,Salted Cashew Mix,SKU50130,17480,160,2796800,0.218,609702.4,2187097.6,,No,Cash,7
TRX2020692932,22/07/2020,Makassar,South Sulawesi,Makassar,General Trade,PT Nusantara Supply,OUT3937,Online Store,SP217,Beverages,Choco Malt Drink,SKU64212,2994,182,544908,0.0917,49968.06,494939.94,None,No,Cash,14
TRX2020248203,06/05/2020,Makassar,South Sulawesi,Makassar,Distributor,PT Sinar Distribusi,OUT6837,Traditional Store,SP362,Nuts,Honey Roasted Peanut,SKU34038,40844,81,3308364,0.0704,232908.83,3075455.17,None,No,Cash,13
TRX2020670715,08/04/2020,Jakarta,DKI Jakarta,Jakarta,Modern Trade,PT Nusantara Supply,OUT8006,Online Store,SP116,Nuts,Honey Roasted Peanut,SKU10860,12496,72,899712,0.1056,95009.59,804702.41,Retail Discount,No,Transfer,1
TRX2020527981,2020-01-13,Medan,North Sumatra,Medan,Distributor,PT Nusantara Supply,OUT1177,Minimarket,SP117,Beverages,Energy Cocoa Drink,SKU22988,16670,141,2350470,0.2061,484431.87,1866038.13,None,No,Credit Term,1
TRX2020673408,2020-04-13,Palembang,South Sumatra,Palembang,Distributor,PT Global Snack Dist,OUT8038,Supermarket,SP710,Snacks,Savory Chips,SKU60081,48420,100,4842000,0.1915,927243.0,3914757.0,Bundle Promo,No,Credit Term,9
TRX2020550951,15/08/2020,Palembang,South Sumatra,Palembang,Modern Trade,PT Global Snack Dist,OUT4041,Traditional Store,SP670,Beverages,Nutri Grain Drink,SKU72700,29197,57,1664229,0.0864,143789.39,1520439.61,,No,Cash,9
TRX2020742926,11/10/2020,Makassar,South Sulawesi,Makassar,E-commerce,PT Global Snack Dist,OUT1001,Online Store,SP777,Candy,Caramel Drop Candy,SKU76735,5990,15,89850,0.0719,6460.22,83389.79,Retail Discount,No,Credit Term,10
TRX2020816513,05/04/2020,Medan,North Sumatra,Medan,Modern Trade,PT Sinar Distribusi,OUT2778,Traditional Store,SP990,Nuts,Salted Cashew Mix,SKU99929,45563,58,2642654,0.0658,173886.63,2468767.37,Retail Discount,No,Cash,5
TRX2020468960,13/10/2020,Palembang,South Sumatra,Palembang,E-commerce,,OUT4349,Supermarket,SP791,Nuts,Salted Cashew Mix,SKU21075,49996,71,3549716,0.066,234281.26,3315434.74,Bundle Promo,Yes,Credit Term,5
TRX2020606431,16/01/2020,Jakarta,DKI Jakarta,Jakarta,Distributor,PT Sinar Distribusi,OUT7824,Traditional Store,SP222,Beverages,Nutri Grain Drink,SKU66510,45764,186,8512104,0.175,1489618.2,7022485.8,,No,Transfer,8
TRX2020417646,2020-07-01,Semarang,Central Java,Semarang,Modern Trade,PT Sinar Distribusi,OUT4740,Traditional Store,SP746,Nuts,Honey Roasted Peanut,SKU51141,42664,163,6954232,0.0665,462456.43,6491775.57,Retail Discount,No,Credit Term,1
TRX2020342948,2020-03-01,Palembang,South Sumatra,Palembang,Modern Trade,PT Nusantara Supply,OUT7594,Supermarket,SP744,Candy,Fruit Jelly Candy,SKU88652,37423,146,5463758,0.0147,80317.24,5383440.76,,No,Credit Term,14
TRX2020287915,01/11/2020,Medan,North Sumatra,Medan,General Trade,,OUT2390,Minimarket,SP486,Nuts,Honey Roasted Peanut,SKU96830,41457,149,6177093,0.2293,1416407.42,4760685.58,None,No,Transfer,6
TRX2020807353,2020-02-08,Jakarta,DKI Jakarta,Jakarta,General Trade,PT Maju Jaya Distribusi,OUT2593,Supermarket,SP370,Biscuits,Golden Cream Biscuit,SKU74772,19776,160,3164160,0.0429,135742.46,3028417.54,,No,Cash,9
TRX2020733095,21/08/2020,Medan,North Sumatra,Medan,Modern Trade,,OUT1199,Online Store,SP411,Snacks,Savory Chips,SKU40909,13330,93,1239690,0.0033,4090.98,1235599.02,Retail Discount,No,Credit Term,3
TRX2020400881,2020-11-11,Bandung,West Java,Bandung,Distributor,PT Nusantara Supply,OUT2664,Traditional Store,SP888,Nuts,Spicy Peanut Mix,SKU65455,4910,115,564650,0.0303,17108.9,547541.1,Seasonal Promo,No,Transfer,12
TRX2020309691,10/05/2020,Medan,North Sumatra,Medan,General Trade,,OUT7440,Online Store,SP172,Snacks,Spicy Curl,SKU83151,49192,189,9297288,0.05,464864.4,8832423.6,Retail Discount,No,Cash,10
TRX2020662165,01/09/2020,Jakarta,DKI Jakarta,Jakarta,E-commerce,PT Nusantara Supply,OUT2931,Traditional Store,SP316,Biscuits,Choco Delight Biscuit,SKU17185,18396,102,1876392,0.1605,301160.92,1575231.08,None,Yes,Transfer,2
TRX2020671717,03/08/2020,Palembang,South Sumatra,Palembang,General Trade,PT Nusantara Supply,OUT9581,Traditional Store,SP886,Candy,Fruit Jelly Candy,SKU83587,24222,103,2494866,0.247,616231.9,1878634.1,Seasonal Promo,No,Transfer,13
TRX2020930432,07/10/2020,Jakarta,DKI Jakarta,Jakarta,E-commerce,PT Sinar Distribusi,OUT1529,Supermarket,SP513,Nuts,Spicy Peanut Mix,SKU74601,5699,163,928937,0.1017,94472.89,834464.11,Retail Discount,No,Transfer,6
TRX2020118304,2020-08-28,Palembang,South Sumatra,Palembang,E-commerce,PT Maju Jaya Distribusi,OUT1791,Online Store,SP443,Nuts,Salted Cashew Mix,SKU75892,7932,45,356940,0.0828,29554.63,327385.37,None,No,Cash,9
TRX2020968762,2020-03-15,Bandung,West Java,Bandung,General Trade,PT Nusantara Supply,OUT4274,Supermarket,SP576,Biscuits,Golden Cream Biscuit,SKU63399,8081,178,1438418,0.0587,84435.14,1353982.86,Bundle Promo,No,Cash,10
TRX2020342110,2020-02-10,Surabaya,East Java,Surabaya,E-commerce,PT Sinar Distribusi,OUT1484,Traditional Store,SP912,Candy,Mint Pop Candy,SKU47476,10807,61,659227,0.1046,68955.14,590271.86,,No,Transfer,1
TRX2020502698,2020-07-31,Surabaya,East Java,Surabaya,Distributor,,OUT2787,Online Store,SP679,Nuts,Salted Cashew Mix,SKU64114,20213,48,970224,0.0231,22412.17,947811.83,Bundle Promo,No,Cash,6
TRX2020845664,2020-08-22,Semarang,Central Java,Semarang,General Trade,PT Global Snack Dist,OUT6711,Supermarket,SP635,Beverages,Choco Malt Drink,SKU20832,47736,157,7494552,0.0641,480400.78,7014151.22,Seasonal Promo,No,Credit Term,14
TRX2020875566,2020-02-27,Surabaya,East Java,Surabaya,Distributor,PT Global Snack Dist,OUT3284,Traditional Store,SP246,Beverages,Energy Cocoa Drink,SKU40047,3846,178,684588,0.0755,51686.39,632901.61,Seasonal Promo,No,Credit Term,4
TRX2020405109,19/11/2020,Jakarta,DKI Jakarta,Jakarta,Distributor,PT Nusantara Supply,OUT6126,Online Store,SP516,Biscuits,Butter Crunch Biscuit,SKU74043,32477,30,974310,0.1324,128998.64,845311.36,None,No,Transfer,9
TRX2020770603,2020-08-02,Makassar,South Sulawesi,Makassar,General Trade,PT Global Snack Dist,OUT3011,Supermarket,SP269,Nuts,Spicy Peanut Mix,SKU80624,41787,188,7855956,0.1175,923074.83,6932881.17,Bundle Promo,No,Credit Term,9
TRX2020323258,02/03/2020,Medan,North Sumatra,Medan,E-commerce,PT Maju Jaya Distribusi,OUT1369,Supermarket,SP330,Beverages,Energy Cocoa Drink,SKU37947,22021,66,1453386,0.2033,295473.37,1157912.63,,No,Credit Term,14
TRX2020559756,2020-01-17,Yogyakarta,DI Yogyakarta,Yogyakarta,Modern Trade,,OUT7024,Traditional Store,SP846,Candy,Mint Pop Candy,SKU54392,37041,131,4852371,0.2288,1110222.48,3742148.52,Retail Discount,No,Cash,2
TRX2020861482,10/10/2020,Medan,North Sumatra,Medan,E-commerce,PT Global Snack Dist,OUT1999,Supermarket,SP720,Beverages,Energy Cocoa Drink,SKU33216,25701,197,5063097,0.022,111388.13,4951708.87,,No,Cash,3
TRX2020723665,14/08/2020,Jakarta,DKI Jakarta,Jakarta,Distributor,PT Maju Jaya Distribusi,OUT5304,Traditional Store,SP755,Biscuits,Butter Crunch Biscuit,SKU43787,10251,176,1804176,0.1427,257455.92,1546720.08,Seasonal Promo,No,Credit Term,6
TRX2020881595,29/11/2020,Bandung,West Java,Bandung,Distributor,PT Maju Jaya Distribusi,OUT8425,Online Store,SP320,Nuts,Salted Cashew Mix,SKU88260,2553,174,444222,0.2236,99328.04,344893.96,Bundle Promo,No,Credit Term,8
TRX2020867215,2020-01-13,Makassar,South Sulawesi,Makassar,Distributor,,OUT9118,Online Store,SP999,Candy,Mint Pop Candy,SKU12722,31982,176,5628832,0.1764,992925.96,4635906.04,Seasonal Promo,No,Transfer,3
TRX2020426276,2020-12-30,Medan,North Sumatra,Medan,Distributor,PT Sinar Distribusi,OUT4816,Supermarket,SP931,Biscuits,Choco Delight Biscuit,SKU91964,31380,166,5209080,0.1661,865228.19,4343851.81,Bundle Promo,No,Transfer,10
TRX2020994215,2020-04-26,Medan,North Sumatra,Medan,General Trade,,OUT6721,Minimarket,SP883,Snacks,Spicy Curl,SKU63518,12206,152,1855312,0.0681,126346.75,1728965.25,None,No,Transfer,7
TRX2020824897,2020-02-01,Surabaya,East Java,Surabaya,Modern Trade,PT Sinar Distribusi,OUT7629,Supermarket,SP772,Snacks,Savory Chips,SKU19821,22196,37,821252,0.1311,107666.14,713585.86,None,No,Transfer,14
TRX2020710402,09/10/2020,Palembang,South Sumatra,Palembang,General Trade,PT Maju Jaya Distribusi,OUT7981,Minimarket,SP575,Nuts,Honey Roasted Peanut,SKU26384,17296,171,2957616,0.2068,611634.99,2345981.01,Seasonal Promo,No,Transfer,8
TRX2020887183,2020-03-05,Bandung,West Java,Bandung,Modern Trade,PT Sinar Distribusi,OUT1176,Supermarket,SP910,Nuts,Honey Roasted Peanut,SKU94467,36922,113,4172186,0.0354,147695.38,4024490.62,Retail Discount,Yes,Credit Term,3
TRX2020738254,2020-01-20,Medan,North Sumatra,Medan,Distributor,PT Nusantara Supply,OUT7197,Online Store,SP482,Beverages, Nutri Grain Drink ,SKU89315,15966,196,3129336,0.0064,20027.75,3109308.25,Retail Discount,No,Credit Term,1
TRX2020817000,2020-05-15,Surabaya,East Java,Surabaya,Distributor,,OUT6309,Minimarket,SP157,Snacks,Savory Chips,SKU99045,25806,184,4748304,0.1075,510442.68,4237861.32,None,No,Transfer,9
TRX2020572741,2020-11-24,Surabaya,East Java,Surabaya,General Trade,PT Nusantara Supply,OUT3662,Traditional Store,SP993,Beverages,Choco Malt Drink,SKU83907,5728,70,400960,0.1925,77184.8,323775.2,Seasonal Promo,No,Credit Term,3
TRX2020643478,2020-09-02,Medan,North Sumatra,Medan,General Trade,PT Global Snack Dist,OUT1134,Minimarket,SP403,Biscuits,Golden Cream Biscuit,SKU84329,27033,59,1594947,0.1049,167309.94,1427637.06,,No,Credit Term,14
TRX2020522953,2020-05-31,Makassar,South Sulawesi,Makassar,E-commerce,PT Sinar Distribusi,OUT6430,Minimarket,SP461,Nuts,Spicy Peanut Mix,SKU11831,7439,4,29756,0.0715,2127.55,27628.45,Seasonal Promo,No,Cash,8
TRX2020724412,2020-11-25,Jakarta,DKI Jakarta,Jakarta,E-commerce,PT Global Snack Dist,OUT6677,Traditional Store,SP908,Nuts,Honey Roasted Peanut,SKU59811,29072,75,2180400,0.1407,306782.28,1873617.72,Bundle Promo,No,Cash,4
TRX2020376508,2020-01-14,Yogyakarta,DI Yogyakarta,Yogyakarta,Distributor,,OUT8000,Minimarket,SP638,Beverages,Energy Cocoa Drink,SKU67622,43563,111,4835493,0.1155,558499.44,4276993.56,Bundle Promo,No,Cash,1
TRX2020746625,2020-04-15,Semarang,Central Java,Semarang,Distributor,PT Maju Jaya Distribusi,OUT8694,Online Store,SP711,Snacks,Savory Chips,SKU49951,31401,23,722223,0.1067,77061.19,645161.81,Seasonal Promo,No,Credit Term,3
TRX2020735967,01/09/2020,Surabaya,East Java,Surabaya,Distributor,PT Sinar Distribusi,OUT2957,Traditional Store,SP780,Snacks,Savory Chips,SKU66982,44316,104,4608864,0.1,460886.4,4147977.6,Retail Discount,No,Credit Term,5
TRX2020662225,2020-05-20,Medan,North Sumatra,Medan,Modern Trade,PT Nusantara Supply,OUT1596,Minimarket,SP821,Nuts,Spicy Peanut Mix,SKU53742,10059,163,1639617,0.1673,274307.92,1365309.08,Bundle Promo,No,Credit Term,7
TRX2020163196,13/08/2020,Bandung,West Java,Bandung,Distributor,PT Nusantara Supply,OUT1518,Traditional Store,SP223,Biscuits,Choco Delight Biscuit,SKU68684,30192,115,3472080,0.2211,767676.89,2704403.11,Retail Discount,No,Transfer,14
TRX2020232569,05/11/2020,Semarang,Central Java,Semarang,E-commerce,PT Nusantara Supply,OUT1457,Minimarket,SP935,Snacks,Savory Chips,SKU40542,46320,198,9171360,0.196,1797586.56,7373773.44,Bundle Promo,No,Cash,7
TRX2020139479,2020-09-06,Medan,North Sumatra,Medan,Distributor,PT Nusantara Supply,OUT9679,Minimarket,SP600,Beverages,Choco Malt Drink,SKU32802,15777,103,1625031,0.0832,135202.58,1489828.42,Retail Discount,No,Transfer,1
TRX2020974367,21/09/2020,Makassar,South Sulawesi,Makassar,E-commerce,,OUT2055,Online Store,SP436,Biscuits, Golden Cream Biscuit ,SKU32156,21332,168,3583776,0.1752,627877.56,2955898.44,None,No,Cash,14
TRX2020849882,2020-08-23,Medan,North Sumatra,Medan,E-commerce,PT Global Snack Dist,OUT1439,Supermarket,SP344,Candy,Caramel Drop Candy,SKU55162,2508,90,225720,0.0961,21691.69,204028.31,None,No,Transfer,13
TRX2020319916,2020-12-18,Bandung,West Java,Bandung,General Trade,PT Nusantara Supply,OUT7888,Traditional Store,SP342,Biscuits,Choco Delight Biscuit,SKU14631,10829,71,768859,0.0077,5920.21,762938.79,,No,Transfer,13
TRX2020537386,2020-04-04,Bandung,West Java,Bandung,E-commerce,PT Maju Jaya Distribusi,OUT5999,Online Store,SP918,Nuts,Spicy Peanut Mix,SKU60517,13405,61,817705,0.1988,162559.75,655145.25,,No,Credit Term,14
TRX2020154404,14/06/2020,Yogyakarta,DI Yogyakarta,Yogyakarta,Modern Trade,PT Nusantara Supply,OUT3410,Minimarket,SP500,Biscuits,Choco Delight Biscuit,SKU13232,10737,184,1975608,0.0648,128019.4,1847588.6,,No,Credit Term,10
TRX2020968254,04/03/2020,Yogyakarta,DI Yogyakarta,Yogyakarta,Distributor,,OUT8093,Traditional Store,SP562,Nuts, Honey Roasted Peanut ,SKU42525,16131,165,2661615,0.0288,76654.51,2584960.49,None,No,Cash,5
TRX2020205118,12/02/2020,Surabaya,East Java,Surabaya,General Trade,PT Sinar Distribusi,OUT8915,Traditional Store,SP184,Beverages,Choco Malt Drink,SKU20704,48071,143,6874153,0.0896,615924.11,6258228.89,None,No,Credit Term,4
TRX2020640673,2020-03-08,Surabaya,East Java,Surabaya,Modern Trade,PT Nusantara Supply,OUT4851,Traditional Store,SP660,Biscuits,Golden Cream Biscuit,SKU48379,11043,8,88344,0.1419,12536.01,75807.99,,No,Credit Term,7
TRX2020368299,29/05/2020,Palembang,South Sumatra,Palembang,Modern Trade,PT Global Snack Dist,OUT8791,Minimarket,SP877,Snacks,Crunchy Bite,SKU81187,39879,61,2432619,0.1275,310158.92,2122460.08,Retail Discount,No,Transfer,9
TRX2020834596,04/05/2020,Yogyakarta,DI Yogyakarta,Yogyakarta,General Trade,PT Nusantara Supply,OUT3048,Supermarket,SP767,Nuts,Spicy Peanut Mix,SKU19554,13586,142,1929212,0.1254,241923.18,1687288.82,Retail Discount,No,Cash,5
TRX2020309691,27/10/2020,Makassar,South Sulawesi,Makassar,General Trade,PT Sinar Distribusi,OUT9686,Online Store,SP621,Snacks,Crunchy Bite,SKU95553,37846,136,5147056,0.064,329411.58,4817644.42,Seasonal Promo,No,Cash,5
TRX2020603737,11/03/2020,Jakarta,DKI Jakarta,Jakarta,Distributor,PT Global Snack Dist,OUT2293,Online Store,SP715,Candy,Mint Pop Candy,SKU57638,6918,112,774816,0.0157,12164.61,762651.39,Bundle Promo,No,Credit Term,8
TRX2020732879,2020-08-22,Medan,North Sumatra,Medan,Distributor,PT Nusantara Supply,OUT9132,Minimarket,SP762,Beverages,Energy Cocoa Drink,SKU19284,13776,156,2149056,0.1566,336542.17,1812513.83,Seasonal Promo,No,Credit Term,10
TRX2020468179,2020-07-08,Semarang,Central Java,Semarang,Modern Trade,,OUT4986,Supermarket,SP414,Candy,Caramel Drop Candy,SKU47634,46136,23,1061128,0.0194,20585.88,1040542.12,Bundle Promo,No,Credit Term,13
TRX2020452585,2020-11-28,Semarang,Central Java,Semarang,E-commerce,PT Nusantara Supply,OUT6603,Online Store,SP974,Candy,Fruit Jelly Candy,SKU74703,40863,71,2901273,0.066,191484.02,2709788.98,None,No,Transfer,14
TRX2020234599,16/06/2020,Makassar,South Sulawesi,Makassar,Distributor,PT Sinar Distribusi,OUT6670,Traditional Store,SP741,Biscuits,Choco Delight Biscuit,SKU91823,5006,3,15018,0.0587,881.56,14136.44,,No,Credit Term,11
TRX2020807835,11/02/2020,Makassar,South Sulawesi,Makassar,Modern Trade,,OUT9145,Minimarket,SP139,Nuts,Salted Cashew Mix,SKU44261,44650,199,8885350,0.1244,1105337.54,7780012.46,None,No,Credit Term,6
TRX2020599695,04/02/2020,Palembang,South Sumatra,Palembang,E-commerce,PT Maju Jaya Distribusi,OUT4718,Supermarket,SP698,Snacks,Crunchy Bite,SKU37848,35565,58,2062770,0.2332,481037.96,1581732.04,None,No,Credit Term,6
TRX2020519308,2020-06-06,Palembang,South Sumatra,Palembang,Modern Trade,PT Maju Jaya Distribusi,OUT4820,Supermarket,SP137,Biscuits,Butter Crunch Biscuit,SKU56423,4293,98,420714,0.1425,59951.74,360762.26,None,No,Credit Term,9
TRX2020673260,2020-04-29,Bandung,West Java,Bandung,Modern Trade,,OUT6708,Minimarket,SP390,Nuts,Salted Cashew Mix,SKU88704,44386,115,5104390,0.0369,188351.99,4916038.01,Seasonal Promo,Yes,Credit Term,8
TRX2020686305,23/08/2020,Medan,North Sumatra,Medan,Modern Trade,PT Nusantara Supply,OUT4586,Online Store,SP329,Biscuits, Butter Crunch Biscuit ,SKU76032,27104,76,2059904,0.0025,5149.76,2054754.24,,No,Transfer,12
TRX2020982694,2020-03-12,Semarang,Central Java,Semarang,Distributor,PT Maju Jaya Distribusi,OUT4366,Traditional Store,SP674,Beverages, Energy Cocoa Drink ,SKU24799,14046,88,1236048,0.0753,93074.41,1142973.59,Retail Discount,No,Credit Term,9
TRX2020543806,26/12/2020,Semarang,Central Java,Semarang,General Trade,PT Nusantara Supply,OUT1209,Supermarket,SP963,Snacks,Crunchy Bite,SKU88750,34116,112,3820992,0.0724,276639.82,3544352.18,Bundle Promo,No,Transfer,7
TRX2020139370,20/04/2020,Jakarta,DKI Jakarta,Jakarta,General Trade,,OUT2915,Supermarket,SP883,Candy,Caramel Drop Candy,SKU66677,38200,51,1948200,0.2168,422369.76,1525830.24,Bundle Promo,No,Credit Term,7
TRX2020849908,2020-05-26,Yogyakarta,DI Yogyakarta,Yogyakarta,Distributor,,OUT8882,Minimarket,SP203,Candy,Caramel Drop Candy,SKU71548,22087,10,220870,0.1569,34654.5,186215.5,Seasonal Promo,No,Cash,7
TRX2020543196,2020-01-03,Medan,North Sumatra,Medan,General Trade,PT Maju Jaya Distribusi,OUT8176,Traditional Store,SP197,Beverages,Energy Cocoa Drink,SKU87143,40238,158,6357604,0.2399,1525189.2,4832414.8,Bundle Promo,No,Credit Term,5
TRX2020516412,2020-02-02,Yogyakarta,DI Yogyakarta,Yogyakarta,E-commerce,PT Global Snack Dist,OUT7996,Supermarket,SP700,Beverages,Nutri Grain Drink,SKU23110,10709,122,1306498,0.1993,260385.05,1046112.95,Retail Discount,No,Credit Term,6
TRX2020136155,03/01/2020,Semarang,Central Java,Semarang,E-commerce,PT Maju Jaya Distribusi,OUT4838,Traditional Store,SP709,Beverages,Choco Malt Drink,SKU19801,42167,1,42167,0.0118,497.57,41669.43,None,No,Transfer,9
TRX2020423746,19/04/2020,Bandung,West Java,Bandung,Distributor,PT Sinar Distribusi,OUT4968,Traditional Store,SP853,Snacks,Savory Chips,SKU59671,30113,134,4035142,0.0917,370022.52,3665119.48,Retail Discount,No,Cash,1
TRX2020227197,16/02/2020,Medan,North Sumatra,Medan,Distributor,,OUT6909,Supermarket,SP950,Snacks,Savory Chips,SKU10917,15937,50,796850,0.2213,176342.9,620507.09,Retail Discount,No,Credit Term,1
TRX2020124123,02/10/2020,Bandung,West Java,Bandung,Distributor,PT Maju Jaya Distribusi,OUT1062,Supermarket,SP650,Snacks,Savory Chips,SKU83171,32905,177,5824185,0.1206,702396.71,5121788.29,Seasonal Promo,No,Cash,13
TRX2020670194,2020-12-07,Jakarta,DKI Jakarta,Jakarta,E-commerce,PT Global Snack Dist,OUT8799,Traditional Store,SP861,Biscuits,Butter Crunch Biscuit,SKU72457,47458,79,3749182,0.1093,409785.59,3339396.41,Seasonal Promo,No,Credit Term,1
TRX2020782595,2020-08-08,Makassar,South Sulawesi,Makassar,E-commerce,,OUT3149,Supermarket,SP527,Beverages,Choco Malt Drink,SKU47282,36821,194,7143274,0.0868,620036.18,6523237.82,None,No,Credit Term,3
TRX2020735594,2020-02-21,Makassar,South Sulawesi,Makassar,General Trade,PT Sinar Distribusi,OUT4130,Online Store,SP488,Biscuits,Golden Cream Biscuit,SKU17942,9933,174,1728342,0.1197,206882.54,1521459.46,Retail Discount,No,Credit Term,10
TRX2020546679,2020-05-08,Surabaya,East Java,Surabaya,Modern Trade,PT Maju Jaya Distribusi,OUT4278,Online Store,SP427,Biscuits,Golden Cream Biscuit,SKU38594,30859,155,4783145,0.0991,474009.67,4309135.33,,No,Credit Term,12
TRX2020762324,26/05/2020,Surabaya,East Java,Surabaya,General Trade,PT Maju Jaya Distribusi,OUT9933,Minimarket,SP206,Candy,Fruit Jelly Candy,SKU68397,44564,80,3565120,0.0574,204637.89,3360482.11,,No,Credit Term,4
TRX2020726774,31/01/2020,Palembang,South Sumatra,Palembang,Distributor,PT Sinar Distribusi,OUT3441,Minimarket,SP837,Nuts,Salted Cashew Mix,SKU19419,18812,111,2088132,0.135,281897.82,1806234.18,Bundle Promo,No,Credit Term,7
TRX2020182129,16/10/2020,Jakarta,DKI Jakarta,Jakarta,E-commerce,PT Maju Jaya Distribusi,OUT1885,Traditional Store,SP712,Snacks,Crunchy Bite,SKU77685,2012,39,78468,0.2388,18738.16,59729.84,Retail Discount,No,Transfer,11
TRX2020100600,2020-06-23,Medan,North Sumatra,Medan,E-commerce,PT Sinar Distribusi,OUT6349,Online Store,SP299,Beverages,Energy Cocoa Drink,SKU76019,31099,88,2736712,0.1791,490145.12,2246566.88,Seasonal Promo,No,Transfer,12
TRX2020735573,2020-05-05,Bandung,West Java,Bandung,Distributor,PT Maju Jaya Distribusi,OUT2335,Supermarket,SP810,Nuts,Honey Roasted Peanut,SKU17347,39125,39,1525875,0.0065,9918.19,1515956.81,,No,Credit Term,4
TRX2020470443,2020-12-15,Surabaya,East Java,Surabaya,Distributor,PT Global Snack Dist,OUT7046,Minimarket,SP931,Snacks,Spicy Curl,SKU36090,18708,84,1571472,0.0873,137189.51,1434282.49,,No,Credit Term,5
TRX2020624492,17/02/2020,Palembang,South Sumatra,Palembang,E-commerce,PT Nusantara Supply,OUT7102,Supermarket,SP344,Beverages,Energy Cocoa Drink,SKU52880,43049,82,3530018,0.1651,582805.97,2947212.03,,No,Cash,9
TRX2020720301,30/06/2020,Yogyakarta,DI Yogyakarta,Yogyakarta,E-commerce,,OUT8483,Online Store,SP242,Snacks,Spicy Curl,SKU39728,42124,134,5644616,0.131,739444.7,4905171.3,Seasonal Promo,No,Credit Term,12
TRX2020224861,26/08/2020,Yogyakarta,DI Yogyakarta,Yogyakarta,Distributor,PT Nusantara Supply,OUT3016,Supermarket,SP695,Beverages,Energy Cocoa Drink,SKU20311,4455,138,614790,0.1225,75311.77,539478.22,Bundle Promo,No,Transfer,3
TRX2020996841,2020-11-29,Makassar,South Sulawesi,Makassar,Distributor,PT Maju Jaya Distribusi,OUT5732,Supermarket,SP732,Biscuits,Golden Cream Biscuit,SKU42804,19868,185,3675580,0.0872,320510.58,3355069.42,Seasonal Promo,No,Transfer,2
TRX2020718602,2020-02-03,Surabaya,East Java,Surabaya,Modern Trade,PT Nusantara Supply,OUT2509,Minimarket,SP656,Candy,Mint Pop Candy,SKU12621,19416,165,3203640,0.1735,555831.54,2647808.46,Retail Discount,No,Credit Term,9
TRX2020209384,13/03/2020,Medan,North Sumatra,Medan,General Trade,PT Nusantara Supply,OUT4768,Online Store,SP937,Nuts, Salted Cashew Mix ,SKU57890,18282,186,3400452,0.2209,751159.85,2649292.15,None,No,Transfer,8
TRX2020354676,15/10/2020,Semarang,Central Java,Semarang,General Trade,PT Nusantara Supply,OUT2511,Supermarket,SP174,Candy,Fruit Jelly Candy,SKU65330,20295,41,832095,0.1303,108421.98,723673.02,Bundle Promo,No,Transfer,6
TRX2020801270,21/10/2020,Bandung,West Java,Bandung,E-commerce,PT Global Snack Dist,OUT3352,Supermarket,SP776,Biscuits,Choco Delight Biscuit,SKU29887,26336,199,5240864,0.1786,936018.31,4304845.69,Bundle Promo,No,Credit Term,8
TRX2020225607,2020-03-25,Jakarta,DKI Jakarta,Jakarta,Modern Trade,PT Sinar Distribusi,OUT7362,Online Store,SP611,Candy,Caramel Drop Candy,SKU13565,37968,160,6074880,0.2452,1489560.58,4585319.42,Seasonal Promo,No,Credit Term,12
TRX2020180154,23/12/2020,Semarang,Central Java,Semarang,E-commerce,PT Sinar Distribusi,OUT3733,Traditional Store,SP188,Beverages,Energy Cocoa Drink,SKU88330,11920,139,1656880,0.1907,315967.02,1340912.98,None,No,Cash,13
TRX2020438046,03/06/2020,Bandung,West Java,Bandung,Distributor,PT Sinar Distribusi,OUT9291,Traditional Store,SP527,Biscuits, Golden Cream Biscuit ,SKU91228,37234,119,4430846,0.2095,928262.24,3502583.76,,No,Credit Term,13
TRX2020972973,24/10/2020,Bandung,West Java,Bandung,Distributor,PT Sinar Distribusi,OUT5344,Traditional Store,SP417,Snacks,Spicy Curl,SKU95813,46523,87,4047501,0.1802,729359.68,3318141.32,None,No,Cash,10
TRX2020281287,13/01/2020,Jakarta,DKI Jakarta,Jakarta,Distributor,PT Sinar Distribusi,OUT7770,Traditional Store,SP169,Snacks,Spicy Curl,SKU52344,3673,123,451779,0.0637,28778.32,423000.68,,No,Credit Term,7
TRX2020697698,12/12/2020,Medan,North Sumatra,Medan,Distributor,,OUT8434,Online Store,SP390,Snacks,Savory Chips,SKU97562,9497,172,1633484,0.1162,189810.84,1443673.16,None,No,Transfer,7
TRX2020253634,2020-07-26,Medan,North Sumatra,Medan,Distributor,PT Global Snack Dist,OUT7905,Supermarket,SP825,Candy,Mint Pop Candy,SKU11891,40789,187,7627543,0.1441,1099128.95,6528414.05,None,No,Cash,4
TRX2020436870,2020-03-23,Semarang,Central Java,Semarang,General Trade,,OUT7924,Online Store,SP367,Beverages,Energy Cocoa Drink,SKU44931,42705,70,2989350,0.2052,613414.62,2375935.38,,No,Cash,3
TRX2020200173,2020-01-23,Palembang,South Sumatra,Palembang,Distributor,PT Sinar Distribusi,OUT3104,Minimarket,SP963,Nuts,Spicy Peanut Mix,SKU23079,42412,139,5895268,0.1571,926146.6,4969121.4,Bundle Promo,No,Cash,1
TRX2020208570,21/06/2020,Medan,North Sumatra,Medan,Modern Trade,PT Nusantara Supply,OUT8138,Traditional Store,SP570,Candy,Caramel Drop Candy,SKU37200,46075,59,2718425,0.1221,331919.69,2386505.31,,No,Cash,3
TRX2020218306,2020-09-22,Semarang,Central Java,Semarang,General Trade,,OUT9348,Online Store,SP492,Biscuits,Butter Crunch Biscuit,SKU34347,28526,80,2282080,0.1661,379053.49,1903026.51,None,No,Transfer,11
TRX2020447394,27/02/2020,Semarang,Central Java,Semarang,General Trade,PT Nusantara Supply,OUT1296,Traditional Store,SP686,Beverages,Energy Cocoa Drink,SKU74930,21982,141,3099462,0.2144,664524.65,2434937.35,Retail Discount,No,Cash,10
TRX2020280146,2020-04-21,Bandung,West Java,Bandung,Modern Trade,PT Global Snack Dist,OUT8304,Minimarket,SP282,Candy,Fruit Jelly Candy,SKU40357,34834,47,1637198,0.1998,327112.16,1310085.84,None,No,Transfer,1
TRX2020629893,2020-11-10,Jakarta,DKI Jakarta,Jakarta,General Trade,PT Sinar Distribusi,OUT3689,Supermarket,SP998,Beverages,Nutri Grain Drink,SKU71708,24409,34,829906,0.0403,33445.21,796460.79,,No,Cash,2
TRX2020297751,25/11/2020,Medan,North Sumatra,Medan,General Trade,PT Maju Jaya Distribusi,OUT8414,Supermarket,SP412,Beverages,Choco Malt Drink,SKU42368,13559,21,284739,0.0429,12215.3,272523.7,None,No,Transfer,9
TRX2020455790,21/08/2020,Yogyakarta,DI Yogyakarta,Yogyakarta,E-commerce,,OUT1814,Minimarket,SP340,Snacks,Savory Chips,SKU12901,11904,65,773760,0.2259,174792.38,598967.62,,No,Credit Term,8
TRX2020750633,2020-12-29,Surabaya,East Java,Surabaya,General Trade,PT Global Snack Dist,OUT7085,Traditional Store,SP929,Biscuits,Golden Cream Biscuit,SKU54265,4399,22,96778,0.2092,20245.96,76532.04,,No,Transfer,1
TRX2020285062,10/04/2020,Palembang,South Sumatra,Palembang,Distributor,,OUT2926,Supermarket,SP977,Beverages,Energy Cocoa Drink,SKU53115,36648,200,7329600,0.0152,111409.92,7218190.08,Retail Discount,No,Cash,14
TRX2020552044,2020-04-10,Surabaya,East Java,Surabaya,Distributor,PT Maju Jaya Distribusi,OUT9511,Traditional Store,SP168,Biscuits,Butter Crunch Biscuit,SKU90186,32363,153,4951539,0.013,64370.01,4887168.99,Seasonal Promo,No,Credit Term,8
TRX2020752248,06/07/2020,Yogyakarta,DI Yogyakarta,Yogyakarta,General Trade,PT Maju Jaya Distribusi,OUT7393,Traditional Store,SP659,Beverages,Nutri Grain Drink,SKU14032,29663,57,1690791,0.1898,320912.13,1369878.87,Bundle Promo,No,Cash,4
TRX2020621021,2020-08-29,Bandung,West Java,Bandung,E-commerce,PT Sinar Distribusi,OUT5831,Traditional Store,SP215,Nuts,Honey Roasted Peanut,SKU35656,41053,110,4515830,0.0633,285852.04,4229977.96,None,No,Cash,4
TRX2020226318,05/12/2020,Medan,North Sumatra,Medan,E-commerce,PT Nusantara Supply,OUT8138,Online Store,SP481,Biscuits,Golden Cream Biscuit,SKU88177,12541,10,125410,0.0548,6872.47,118537.53,Retail Discount,No,Credit Term,8
TRX2020285387,2020-12-09,Semarang,Central Java,Semarang,Distributor,,OUT6075,Minimarket,SP872,Beverages,Energy Cocoa Drink,SKU71423,5579,68,379372,0.0753,28566.71,350805.29,Seasonal Promo,No,Credit Term,5
TRX2020314891,2020-10-14,Yogyakarta,DI Yogyakarta,Yogyakarta,Distributor,,OUT2468,Minimarket,SP953,Nuts,Honey Roasted Peanut,SKU63770,40104,174,6978096,0.1526,1064857.45,5913238.55,,No,Cash,12
TRX2020481404,2020-10-09,Palembang,South Sumatra,Palembang,Distributor,,OUT2280,Supermarket,SP685,Nuts, Salted Cashew Mix ,SKU11466,19990,78,1559220,0.2252,351136.34,1208083.66,Bundle Promo,No,Transfer,7
TRX2020461097,2020-10-20,Makassar,South Sulawesi,Makassar,E-commerce,PT Nusantara Supply,OUT2313,Supermarket,SP260,Beverages,Energy Cocoa Drink,SKU53964,11402,3,34206,0.1711,5852.65,28353.35,,No,Transfer,1
TRX2020571451,16/03/2020,Surabaya,East Java,Surabaya,General Trade,PT Maju Jaya Distribusi,OUT5741,Online Store,SP168,Beverages,Energy Cocoa Drink,SKU96662,14239,116,1651724,0.0542,89523.44,1562200.56,Seasonal Promo,No,Credit Term,2
TRX2020269383,05/03/2020,Makassar,South Sulawesi,Makassar,Modern Trade,PT Sinar Distribusi,OUT4345,Supermarket,SP588,Snacks,Savory Chips,SKU44003,9740,53,516220,0.1886,97359.09,418860.91,Bundle Promo,No,Cash,6
TRX2020490485,05/04/2020,Makassar,South Sulawesi,Makassar,E-commerce,PT Maju Jaya Distribusi,OUT4038,Minimarket,SP271,Candy,Mint Pop Candy,SKU75009,23454,90,2110860,0.2293,484020.2,1626839.8,Seasonal Promo,No,Credit Term,5
TRX2020867451,22/05/2020,Jakarta,DKI Jakarta,Jakarta,Modern Trade,PT Global Snack Dist,OUT7675,Traditional Store,SP941,Beverages,Choco Malt Drink,SKU27533,43144,192,8283648,0.2021,1674125.26,6609522.74,None,No,Transfer,10
TRX2020900373,04/09/2020,Jakarta,DKI Jakarta,Jakarta,General Trade,PT Global Snack Dist,OUT4357,Supermarket,SP991,Snacks,Spicy Curl,SKU43617,12274,36,441864,0.1394,61595.84,380268.16,None,No,Transfer,7
TRX2020502094,2020-10-27,Surabaya,East Java,Surabaya,Modern Trade,PT Nusantara Supply,OUT9240,Online Store,SP307,Biscuits,Butter Crunch Biscuit,SKU48590,48310,108,5217480,0.0058,30261.38,5187218.62,Seasonal Promo,No,Credit Term,14
TRX2020813240,26/02/2020,Yogyakarta,DI Yogyakarta,Yogyakarta,Distributor,PT Global Snack Dist,OUT5359,Minimarket,SP386,Nuts,Spicy Peanut Mix,SKU11323,39270,42,1649340,0.0176,29028.38,1620311.62,,No,Credit Term,7
TRX2020368340,12/01/2020,Makassar,South Sulawesi,Makassar,General Trade,PT Nusantara Supply,OUT6555,Online Store,SP620,Snacks, Savory Chips ,SKU76469,32267,106,3420302,0.099,338609.9,3081692.1,Seasonal Promo,No,Credit Term,10
TRX2020227236,2020-01-07,Semarang,Central Java,Semarang,Distributor,PT Sinar Distribusi,OUT2812,Supermarket,SP634,Snacks,Savory Chips,SKU87832,30022,28,840616,0.0873,73385.78,767230.22,Seasonal Promo,No,Credit Term,1
TRX2020386575,2020-09-05,Bandung,West Java,Bandung,General Trade,PT Global Snack Dist,OUT5673,Online Store,SP454,Nuts,Salted Cashew Mix,SKU48219,43233,41,1772553,0.214,379326.34,1393226.66,Seasonal Promo,No,Credit Term,8
TRX2020842608,2020-10-06,Jakarta,DKI Jakarta,Jakarta,Distributor,PT Global Snack Dist,OUT6926,Traditional Store,SP175,Nuts,Salted Cashew Mix,SKU28104,6241,158,986078,0.0343,33822.48,952255.52,,No,Cash,13
TRX2020473033,2020-12-23,Semarang,Central Java,Semarang,Modern Trade,PT Global Snack Dist,OUT4863,Supermarket,SP887,Candy, Fruit Jelly Candy ,SKU80040,28829,71,2046859,0.1603,328111.5,1718747.5,,No,Credit Term,12
TRX2020629602,2020-06-12,Bandung,West Java,Bandung,Modern Trade,PT Sinar Distribusi,OUT8700,Minimarket,SP862,Snacks,Spicy Curl,SKU42469,42588,87,3705156,0.0712,263807.11,3441348.89,,No,Transfer,8
TRX2020818200,2020-07-30,Semarang,Central Java,Semarang,General Trade,,OUT3133,Online Store,SP852,Candy,Mint Pop Candy,SKU96474,25615,178,4559470,0.0432,196969.1,4362500.9,None,No,Credit Term,4
TRX2020781334,2020-05-25,Medan,North Sumatra,Medan,Distributor,PT Maju Jaya Distribusi,OUT7663,Minimarket,SP834,Biscuits, Golden Cream Biscuit ,SKU15526,43141,90,3882690,0.0662,257034.08,3625655.92,None,No,Cash,11
TRX2020325816,2020-05-16,Jakarta,DKI Jakarta,Jakarta,E-commerce,PT Global Snack Dist,OUT9382,Online Store,SP166,Candy,Caramel Drop Candy,SKU57589,9367,125,1170875,0.0107,12528.36,1158346.64,Seasonal Promo,Yes,Transfer,13
TRX2020342785,2020-01-23,Semarang,Central Java,Semarang,Distributor,PT Global Snack Dist,OUT7396,Traditional Store,SP308,Biscuits,Choco Delight Biscuit,SKU46027,32699,197,6441703,0.0202,130122.4,6311580.6,Retail Discount,No,Transfer,12
TRX2020740652,2020-10-18,Semarang,Central Java,Semarang,Distributor,PT Global Snack Dist,OUT4434,Supermarket,SP758,Candy,Mint Pop Candy,SKU77184,16484,13,214292,0.1366,29272.29,185019.71,Seasonal Promo,No,Credit Term,12
TRX2020504673,09/08/2020,Bandung,West Java,Bandung,Distributor,PT Sinar Distribusi,OUT3441,Traditional Store,SP692,Nuts,Honey Roasted Peanut,SKU39004,11071,187,2070277,0.0529,109517.65,1960759.35,Seasonal Promo,No,Cash,14
TRX2020734013,04/06/2020,Surabaya,East Java,Surabaya,Distributor,PT Nusantara Supply,OUT2898,Online Store,SP221,Nuts,Spicy Peanut Mix,SKU98724,49966,128,6395648,0.181,1157612.29,5238035.71,Seasonal Promo,No,Transfer,13
TRX2020705554,2020-07-05,Surabaya,East Java,Surabaya,General Trade,PT Global Snack Dist,OUT4046,Minimarket,SP288,Snacks,Spicy Curl,SKU86615,24643,199,4903957,0.1539,754718.98,4149238.02,None,No,Credit Term,8
TRX2020462611,2020-10-24,Medan,North Sumatra,Medan,Modern Trade,PT Global Snack Dist,OUT3364,Traditional Store,SP419,Beverages,Choco Malt Drink,SKU79445,25707,200,5141400,0.2235,1149102.9,3992297.1,,No,Cash,4
TRX2020324125,2020-05-08,Medan,North Sumatra,Medan,E-commerce,PT Global Snack Dist,OUT2886,Online Store,SP478,Nuts,Spicy Peanut Mix,SKU15169,29822,122,3638284,0.0613,223026.81,3415257.19,Bundle Promo,No,Transfer,3
TRX2020728729,2020-02-21,Semarang,Central Java,Semarang,Distributor,PT Maju Jaya Distribusi,OUT2790,Minimarket,SP539,Snacks,Crunchy Bite,SKU61477,31579,53,1673687,0.1526,255404.64,1418282.36,None,No,Cash,1
TRX2020150369,2020-05-06,Semarang,Central Java,Semarang,Distributor,PT Maju Jaya Distribusi,OUT3201,Online Store,SP448,Beverages,Choco Malt Drink,SKU15517,23389,119,2783291,0.1554,432523.42,2350767.58,Retail Discount,No,Transfer,6
TRX2020137415,29/11/2020,Medan,North Sumatra,Medan,Distributor,PT Global Snack Dist,OUT3718,Online Store,SP980,Beverages,Choco Malt Drink,SKU26750,35363,86,3041218,0.06,182473.08,2858744.92,,No,Credit Term,13
TRX2020679281,01/02/2020,Palembang,South Sumatra,Palembang,E-commerce,,OUT2295,Minimarket,SP565,Biscuits,Golden Cream Biscuit,SKU34995,32861,122,4009042,0.1735,695568.79,3313473.21,Bundle Promo,No,Cash,5
TRX2020167132,2020-04-03,Semarang,Central Java,Semarang,E-commerce,PT Nusantara Supply,OUT2012,Supermarket,SP771,Biscuits,Butter Crunch Biscuit,SKU97953,43290,15,649350,0.1547,100454.45,548895.55,Retail Discount,No,Cash,14
TRX2020573820,19/05/2020,Palembang,South Sumatra,Palembang,Modern Trade,PT Nusantara Supply,OUT5529,Supermarket,SP652,Snacks,Crunchy Bite,SKU59089,41912,169,7083128,0.2444,1731116.48,5352011.52,Bundle Promo,No,Cash,5
TRX2020672145,31/01/2020,Surabaya,East Java,Surabaya,Distributor,PT Maju Jaya Distribusi,OUT1595,Minimarket,SP831,Beverages,Nutri Grain Drink,SKU83810,35520,70,2486400,0.0556,138243.84,2348156.16,None,No,Credit Term,10
TRX2020677827,2020-01-13,Palembang,South Sumatra,Palembang,General Trade,PT Nusantara Supply,OUT4245,Traditional Store,SP683,Snacks,Crunchy Bite,SKU66833,27175,193,5244775,0.1107,580596.59,4664178.41,Retail Discount,No,Transfer,10
TRX2020913115,23/05/2020,Surabaya,East Java,Surabaya,E-commerce,PT Nusantara Supply,OUT5767,Supermarket,SP332,Beverages,Nutri Grain Drink,SKU83802,34590,138,4773420,0.1128,538441.78,4234978.22,None,No,Cash,6
TRX2020171729,11/08/2020,Medan,North Sumatra,Medan,Distributor,PT Sinar Distribusi,OUT8113,Online Store,SP671,Nuts,Honey Roasted Peanut,SKU69236,29803,50,1490150,0.1094,163022.41,1327127.59,None,No,Transfer,8
TRX2020396555,2020-04-15,Palembang,South Sumatra,Palembang,Distributor,PT Global Snack Dist,OUT9063,Online Store,SP214,Nuts,Spicy Peanut Mix,SKU92913,24438,163,3983394,0.2168,863599.82,3119794.18,,No,Credit Term,5
TRX2020770854,11/05/2020,Surabaya,East Java,Surabaya,Distributor,PT Sinar Distribusi,OUT1320,Traditional Store,SP965,Beverages,Choco Malt Drink,SKU63300,30911,122,3771142,0.2198,828897.01,2942244.99,Seasonal Promo,No,Transfer,7
TRX2020309691,22/04/2020,Semarang,Central Java,Semarang,Modern Trade,PT Sinar Distribusi,OUT5392,Minimarket,SP219,Snacks,Crunchy Bite,SKU75793,19553,6,117318,0.2201,25821.69,91496.31,Retail Discount,Yes,Cash,4
TRX2020629615,20/11/2020,Jakarta,DKI Jakarta,Jakarta,Distributor,PT Nusantara Supply,OUT7754,Supermarket,SP759,Biscuits,Butter Crunch Biscuit,SKU88537,14895,15,223425,0.0432,9651.96,213773.04,None,No,Credit Term,7
TRX2020561160,2020-11-16,Medan,North Sumatra,Medan,E-commerce,PT Maju Jaya Distribusi,OUT1039,Online Store,SP250,Snacks,Crunchy Bite,SKU61381,49389,137,6766293,0.2201,1489261.09,5277031.91,Seasonal Promo,No,Transfer,2
TRX2020733231,11/03/2020,Palembang,South Sumatra,Palembang,Distributor,PT Maju Jaya Distribusi,OUT5939,Supermarket,SP428,Beverages,Choco Malt Drink,SKU83304,48867,152,7427784,0.0229,170096.25,7257687.75,Bundle Promo,No,Transfer,2
TRX2020465954,2020-11-24,Makassar,South Sulawesi,Makassar,Modern Trade,PT Global Snack Dist,OUT3223,Supermarket,SP719,Beverages,Choco Malt Drink,SKU93338,31800,8,254400,0.1758,44723.52,209676.48,Retail Discount,No,Transfer,14
TRX2020875869,10/03/2020,Surabaya,East Java,Surabaya,E-commerce,PT Sinar Distribusi,OUT5010,Traditional Store,SP124,Beverages,Energy Cocoa Drink,SKU84650,44341,93,4123713,0.2202,908041.6,3215671.4,,No,Cash,6
TRX2020889474,07/01/2020,Makassar,South Sulawesi,Makassar,Modern Trade,PT Global Snack Dist,OUT6433,Minimarket,SP208,Nuts,Salted Cashew Mix,SKU58077,5465,121,661265,0.2104,139130.16,522134.84,Bundle Promo,No,Credit Term,7
TRX2020900745,18/05/2020,Palembang,South Sumatra,Palembang,General Trade,PT Global Snack Dist,OUT7980,Online Store,SP998,Nuts,Salted Cashew Mix,SKU26976,3424,186,636864,0.0753,47955.86,588908.14,Seasonal Promo,No,Transfer,2
TRX2020813105,15/12/2020,Makassar,South Sulawesi,Makassar,Distributor,PT Maju Jaya Distribusi,OUT5007,Traditional Store,SP110,Nuts,Honey Roasted Peanut,SKU38341,20655,128,2643840,0.0074,19564.42,2624275.58,None,No,Credit Term,4
TRX2020632336,28/05/2020,Makassar,South Sulawesi,Makassar,General Trade,PT Nusantara Supply,OUT3280,Minimarket,SP410,Beverages,Energy Cocoa Drink,SKU43175,4196,136,570656,0.0686,39147.0,531509.0,Bundle Promo,No,Transfer,12
TRX2020916630,2020-07-25,Medan,North Sumatra,Medan,General Trade,PT Maju Jaya Distribusi,OUT2845,Traditional Store,SP203,Candy,Caramel Drop Candy,SKU84146,2002,107,214214,0.0784,16794.38,197419.62,Retail Discount,No,Credit Term,9
TRX2020700334,2020-01-16,Semarang,Central Java,Semarang,Distributor,PT Maju Jaya Distribusi,OUT1935,Online Store,SP728,Snacks,Spicy Curl,SKU13802,16882,106,1789492,0.095,170001.74,1619490.26,Retail Discount,No,Cash,5
TRX2020767536,2020-10-01,Makassar,South Sulawesi,Makassar,E-commerce,PT Maju Jaya Distribusi,OUT4340,Supermarket,SP794,Biscuits,Choco Delight Biscuit,SKU32128,29866,25,746650,0.1156,86312.74,660337.26,None,No,Transfer,3
TRX2020596355,2020-10-15,Bandung,West Java,Bandung,Modern Trade,PT Nusantara Supply,OUT8050,Online Store,SP241,Biscuits,Golden Cream Biscuit,SKU48893,39039,136,5309304,0.1353,718348.83,4590955.17,,No,Cash,7
TRX2020795472,23/05/2020,Surabaya,East Java,Surabaya,Modern Trade,PT Nusantara Supply,OUT9076,Traditional Store,SP629,Biscuits, Choco Delight Biscuit ,SKU68825,40996,135,5534460,0.1868,1033837.13,4500622.87,None,No,Cash,12
TRX2020482199,2020-06-15,Bandung,West Java,Bandung,General Trade,PT Maju Jaya Distribusi,OUT7705,Minimarket,SP582,Biscuits,Choco Delight Biscuit,SKU52632,43895,185,8120575,0.047,381667.03,7738907.97,Bundle Promo,No,Cash,12
TRX2020877472,17/07/2020,Semarang,Central Java,Semarang,Modern Trade,PT Maju Jaya Distribusi,OUT3440,Minimarket,SP804,Snacks, Savory Chips ,SKU12096,25707,158,4061706,0.0707,287162.61,3774543.39,Retail Discount,No,Credit Term,3
TRX2020220445,2020-04-17,Medan,North Sumatra,Medan,General Trade,,OUT8381,Traditional Store,SP590,Snacks,Savory Chips,SKU36052,22108,191,4222628,0.0559,236044.91,3986583.09,Retail Discount,No,Credit Term,10
TRX2020881827,2020-11-27,Bandung,West Java,Bandung,Modern Trade,PT Sinar Distribusi,OUT8603,Traditional Store,SP922,Candy,Caramel Drop Candy,SKU77459,25369,154,3906826,0.1309,511403.52,3395422.48,None,No,Credit Term,7
TRX2020907410,23/01/2020,Yogyakarta,DI Yogyakarta,Yogyakarta,General Trade,PT Nusantara Supply,OUT3871,Supermarket,SP535,Beverages, Energy Cocoa Drink ,SKU95550,40629,109,4428561,0.1753,776326.74,3652234.26,Seasonal Promo,No,Credit Term,8
TRX2020158762,03/06/2020,Bandung,West Java,Bandung,General Trade,PT Maju Jaya Distribusi,OUT6577,Traditional Store,SP161,Biscuits,Golden Cream Biscuit,SKU45905,20873,1,20873,0.2464,5143.11,15729.89,None,No,Credit Term,1
TRX2020754227,06/07/2020,Surabaya,East Java,Surabaya,Modern Trade,PT Sinar Distribusi,OUT1468,Supermarket,SP421,Beverages, Energy Cocoa Drink ,SKU51350,47624,155,7381720,0.0872,643685.98,6738034.02,,No,Transfer,6
TRX2020800069,28/05/2020,Yogyakarta,DI Yogyakarta,Yogyakarta,Modern Trade,,OUT3364,Supermarket,SP523,Beverages,Choco Malt Drink,SKU11789,18434,190,3502460,0.1979,693136.83,2809323.17,Bundle Promo,No,Cash,6
TRX2020743175,27/09/2020,Jakarta,DKI Jakarta,Jakarta,E-commerce,PT Global Snack Dist,OUT3548,Online Store,SP859,Candy,Caramel Drop Candy,SKU99394,29050,165,4793250,0.127,608742.75,4184507.25,Seasonal Promo,No,Credit Term,12
TRX2020433166,28/12/2020,Semarang,Central Java,Semarang,Modern Trade,PT Sinar Distribusi,OUT5415,Minimarket,SP157,Candy,Mint Pop Candy,SKU44031,3766,43,161938,0.005,809.69,161128.31,Bundle Promo,No,Credit Term,3
TRX2020633637,18/06/2020,Makassar,South Sulawesi,Makassar,Modern Trade,PT Sinar Distribusi,OUT7803,Online Store,SP633,Nuts,Salted Cashew Mix,SKU32887,14408,87,1253496,0.0457,57284.77,1196211.23,Retail Discount,No,Transfer,12
TRX2020382542,16/07/2020,Medan,North Sumatra,Medan,E-commerce,,OUT1547,Traditional Store,SP566,Biscuits,Choco Delight Biscuit,SKU75631,43218,160,6914880,0.1452,1004040.58,5910839.42,Retail Discount,No,Cash,10
TRX2020280223,2020-12-31,Bandung,West Java,Bandung,E-commerce,PT Nusantara Supply,OUT7614,Online Store,SP891,Beverages,Choco Malt Drink,SKU21205,18160,87,1579920,0.1387,219134.9,1360785.1,Bundle Promo,No,Credit Term,12
TRX2020899779,2020-12-20,Jakarta,DKI Jakarta,Jakarta,General Trade,PT Maju Jaya Distribusi,OUT3112,Supermarket,SP913,Beverages,Energy Cocoa Drink,SKU17096,2126,146,310396,0.044,13657.42,296738.58,,No,Credit Term,5
TRX2020766937,15/06/2020,Bandung,West Java,Bandung,Modern Trade,PT Maju Jaya Distribusi,OUT8398,Traditional Store,SP872,Beverages,Nutri Grain Drink,SKU77402,26969,127,3425063,0.1071,366824.25,3058238.75,None,No,Cash,11
TRX2020905284,26/11/2020,Surabaya,East Java,Surabaya,General Trade,,OUT2819,Minimarket,SP428,Nuts,Honey Roasted Peanut,SKU62010,42728,152,6494656,0.1406,913148.63,5581507.37,Retail Discount,No,Credit Term,10
TRX2020701400,11/11/2020,Semarang,Central Java,Semarang,Distributor,PT Sinar Distribusi,OUT5463,Traditional Store,SP401,Beverages,Nutri Grain Drink,SKU34645,4079,65,265135,0.09,23862.15,241272.85,Bundle Promo,No,Credit Term,14
TRX2020669673,26/12/2020,Medan,North Sumatra,Medan,General Trade,PT Maju Jaya Distribusi,OUT5553,Minimarket,SP235,Snacks,Savory Chips,SKU59574,23268,195,4537260,0.1895,859810.77,3677449.23,Retail Discount,No,Transfer,9
TRX2020544511,2020-01-29,Jakarta,DKI Jakarta,Jakarta,Modern Trade,PT Global Snack Dist,OUT3530,Traditional Store,SP113,Biscuits, Golden Cream Biscuit ,SKU88399,23064,47,1084008,0.0549,59512.04,1024495.96,Retail Discount,No,Transfer,7
TRX2020748897,2020-12-24,Jakarta,DKI Jakarta,Jakarta,E-commerce,PT Sinar Distribusi,OUT1995,Supermarket,SP539,Beverages,Energy Cocoa Drink,SKU57929,47489,93,4416477,0.0427,188583.57,4227893.43,,No,Transfer,3
TRX2020928132,2020-06-17,Yogyakarta,DI Yogyakarta,Yogyakarta,Modern Trade,,OUT7891,Minimarket,SP715,Snacks,Crunchy Bite,SKU75015,40272,34,1369248,0.1904,260704.82,1108543.18,,Yes,Transfer,13
TRX2020643951,2020-04-24,Makassar,South Sulawesi,Makassar,E-commerce,,OUT8545,Supermarket,SP960,Candy,Mint Pop Candy,SKU40471,36604,57,2086428,0.1445,301488.85,1784939.15,None,No,Cash,8
TRX2020449870,2020-07-19,Palembang,South Sumatra,Palembang,Modern Trade,PT Global Snack Dist,OUT4501,Traditional Store,SP435,Snacks,Spicy Curl,SKU30353,7236,50,361800,0.0094,3400.92,358399.08,None,No,Cash,10
TRX2020589793,14/08/2020,Makassar,South Sulawesi,Makassar,Distributor,PT Sinar Distribusi,OUT3985,Online Store,SP414,Beverages,Choco Malt Drink,SKU64540,27040,179,4840160,0.0606,293313.7,4546846.3,Retail Discount,No,Credit Term,14
TRX2020461926,29/09/2020,Medan,North Sumatra,Medan,E-commerce,PT Global Snack Dist,OUT7617,Supermarket,SP581,Candy,Fruit Jelly Candy,SKU66790,3182,142,451844,0.1656,74825.37,377018.63,Bundle Promo,No,Cash,7
TRX2020753194,20/03/2020,Medan,North Sumatra,Medan,Modern Trade,PT Nusantara Supply,OUT2158,Traditional Store,SP841,Biscuits,Butter Crunch Biscuit,SKU19252,36452,150,5467800,0.1569,857897.82,4609902.18,,No,Credit Term,14
TRX2020707300,01/06/2020,Makassar,South Sulawesi,Makassar,Distributor,,OUT8897,Minimarket,SP325,Snacks,Savory Chips,SKU51407,11619,44,511236,0.027,13803.37,497432.63,None,No,Transfer,13
TRX2020550349,03/05/2020,Bandung,West Java,Bandung,Distributor,,OUT4741,Traditional Store,SP918,Candy,Caramel Drop Candy,SKU28241,20828,85,1770380,0.1811,320615.82,1449764.18,Retail Discount,No,Credit Term,7
TRX2020351715,2020-12-06,Jakarta,DKI Jakarta,Jakarta,Modern Trade,PT Global Snack Dist,OUT9570,Online Store,SP463,Biscuits,Golden Cream Biscuit,SKU20329,45178,169,7635082,0.0925,706245.08,6928836.92,,No,Cash,8
TRX2020140246,18/01/2020,Semarang,Central Java,Semarang,General Trade,PT Sinar Distribusi,OUT4448,Traditional Store,SP360,Beverages,Energy Cocoa Drink,SKU40820,22511,124,2791364,0.1822,508586.52,2282777.48,Bundle Promo,No,Cash,5
TRX2020333883,15/09/2020,Makassar,South Sulawesi,Makassar,Distributor,,OUT5147,Minimarket,SP228,Snacks,Spicy Curl,SKU14707,8609,90,774810,0.2139,165731.86,609078.14,Bundle Promo,No,Transfer,10
TRX2020409537,22/04/2020,Yogyakarta,DI Yogyakarta,Yogyakarta,Distributor,PT Nusantara Supply,OUT1460,Minimarket,SP303,Nuts,Honey Roasted Peanut,SKU21830,44075,91,4010825,0.1176,471673.02,3539151.98,Seasonal Promo,No,Credit Term,7
TRX2020398483,2020-11-28,Surabaya,East Java,Surabaya,Modern Trade,PT Sinar Distribusi,OUT6871,Supermarket,SP500,Snacks, Spicy Curl ,SKU56897,39458,122,4813876,0.1806,869386.01,3944489.99,None,No,Cash,9
TRX2020389746,2020-07-21,Makassar,South Sulawesi,Makassar,E-commerce,,OUT5221,Supermarket,SP710,Snacks,Spicy Curl,SKU25419,2769,50,138450,0.107,14814.15,123635.85,Retail Discount,No,Cash,4
TRX2020269835,02/07/2020,Makassar,South Sulawesi,Makassar,Modern Trade,PT Sinar Distribusi,OUT2654,Online Store,SP727,Snacks,Crunchy Bite,SKU64476,42736,124,5299264,0.0162,85848.08,5213415.92,,No,Credit Term,10
TRX2020828956,2020-05-19,Bandung,West Java,Bandung,Distributor,PT Nusantara Supply,OUT6402,Traditional Store,SP324,Nuts,Salted Cashew Mix,SKU15328,21930,119,2609670,0.0636,165975.01,2443694.99,None,No,Transfer,7
TRX2020767598,21/01/2020,Bandung,West Java,Bandung,Distributor,,OUT1110,Traditional Store,SP417,Nuts,Honey Roasted Peanut,SKU58116,17414,123,2141922,0.0214,45837.13,2096084.87,Retail Discount,No,Cash,4
TRX2020843736,2020-11-02,Jakarta,DKI Jakarta,Jakarta,General Trade,PT Nusantara Supply,OUT1815,Minimarket,SP237,Biscuits,Butter Crunch Biscuit,SKU24200,12009,166,1993494,0.1812,361221.11,1632272.89,Retail Discount,No,Transfer,13
TRX2020210430,15/05/2020,Surabaya,East Java,Surabaya,E-commerce,PT Global Snack Dist,OUT7511,Minimarket,SP153,Biscuits,Choco Delight Biscuit,SKU68956,5696,41,233536,0.241,56282.18,177253.82,,No,Cash,14
TRX2020910238,2020-08-08,Semarang,Central Java,Semarang,Modern Trade,PT Sinar Distribusi,OUT2185,Traditional Store,SP537,Snacks,Savory Chips,SKU26653,14895,181,2695995,0.1534,413565.63,2282429.37,Retail Discount,No,Credit Term,10
TRX2020323430,2020-07-27,Medan,North Sumatra,Medan,Modern Trade,PT Global Snack Dist,OUT9479,Traditional Store,SP853,Beverages, Nutri Grain Drink ,SKU77677,23550,193,4545150,0.078,354521.7,4190628.3,Seasonal Promo,No,Credit Term,7
TRX2020309691,2020-02-23,Palembang,South Sumatra,Palembang,Distributor,PT Sinar Distribusi,OUT5934,Traditional Store,SP389,Biscuits,Butter Crunch Biscuit,SKU54484,28445,15,426675,0.2499,106626.08,320048.92,Seasonal Promo,No,Credit Term,12
TRX2020129905,03/10/2020,Yogyakarta,DI Yogyakarta,Yogyakarta,E-commerce,PT Maju Jaya Distribusi,OUT4843,Minimarket,SP239,Nuts,Spicy Peanut Mix,SKU10771,40863,60,2451780,0.0114,27950.29,2423829.71,Retail Discount,No,Credit Term,11
TRX2020346657,09/07/2020,Medan,North Sumatra,Medan,Modern Trade,PT Sinar Distribusi,OUT4117,Minimarket,SP806,Biscuits,Choco Delight Biscuit,SKU15074,10175,44,447700,0.0218,9759.86,437940.14,Retail Discount,No,Cash,6
TRX2020321192,2020-02-25,Makassar,South Sulawesi,Makassar,Distributor,PT Nusantara Supply,OUT9825,Traditional Store,SP652,Candy,Mint Pop Candy,SKU53005,17950,144,2584800,0.216,558316.8,2026483.2,Retail Discount,No,Credit Term,12
TRX2020620309,2020-04-29,Semarang,Central Java,Semarang,Modern Trade,PT Global Snack Dist,OUT7229,Minimarket,SP160,Snacks,Crunchy Bite,SKU90678,41354,152,6285808,0.206,1294876.45,4990931.55,None,No,Cash,7
TRX2020892085,2020-10-28,Palembang,South Sumatra,Palembang,E-commerce,PT Maju Jaya Distribusi,OUT5210,Minimarket,SP858,Beverages,Choco Malt Drink,SKU52476,43054,197,8481638,0.1292,1095827.63,7385810.37,None,No,Credit Term,9
TRX2020774262,2020-06-20,Medan,North Sumatra,Medan,Distributor,PT Sinar Distribusi,OUT4534,Minimarket,SP871,Beverages,Choco Malt Drink,SKU22679,4603,5,23015,0.0411,945.92,22069.08,Retail Discount,No,Cash,13
TRX2020578148,22/06/2020,Makassar,South Sulawesi,Makassar,E-commerce,,OUT6764,Online Store,SP845,Beverages,Energy Cocoa Drink,SKU59596,4548,112,509376,0.0793,40393.52,468982.48,None,No,Cash,3
TRX2020751976,2020-08-21,Medan,North Sumatra,Medan,General Trade,PT Global Snack Dist,OUT7381,Supermarket,SP741,Candy,Caramel Drop Candy,SKU17066,39877,94,3748438,0.225,843398.55,2905039.45,Retail Discount,No,Transfer,11
TRX2020911588,21/04/2020,Bandung,West Java,Bandung,Distributor,PT Sinar Distribusi,OUT8128,Supermarket,SP724,Nuts,Honey Roasted Peanut,SKU31356,21362,13,277706,0.0896,24882.46,252823.54,Bundle Promo,No,Credit Term,7
TRX2020948338,2020-09-22,Makassar,South Sulawesi,Makassar,Distributor,PT Global Snack Dist,OUT8210,Supermarket,SP395,Snacks,Crunchy Bite,SKU10760,4127,6,24762,0.1094,2708.96,22053.04,,No,Transfer,7
TRX2020561817,2020-12-27,Bandung,West Java,Bandung,E-commerce,,OUT4377,Supermarket,SP672,Snacks,Savory Chips,SKU89736,16063,179,2875277,0.2111,606970.97,2268306.03,Retail Discount,No,Cash,13
TRX2020127689,28/01/2020,Bandung,West Java,Bandung,Distributor,,OUT9876,Online Store,SP829,Candy,Caramel Drop Candy,SKU33221,8510,149,1267990,0.1382,175236.22,1092753.78,Bundle Promo,No,Cash,7
TRX2020198751,04/11/2020,Palembang,South Sumatra,Palembang,General Trade,PT Maju Jaya Distribusi,OUT1113,Online Store,SP691,Nuts,Spicy Peanut Mix,SKU58784,37686,175,6595050,0.234,1543241.7,5051808.3,,No,Transfer,14
TRX2020473033,20/06/2020,Jakarta,DKI Jakarta,Jakarta,Modern Trade,,OUT9165,Traditional Store,SP280,Biscuits,Golden Cream Biscuit,SKU47901,28196,32,902272,0.0678,61174.04,841097.96,Retail Discount,No,Cash,8
TRX2020881490,03/01/2020,Jakarta,DKI Jakarta,Jakarta,E-commerce,PT Global Snack Dist,OUT9615,Minimarket,SP151,Snacks,Spicy Curl,SKU22467,2233,58,129514,0.0631,8172.33,121341.67,Bundle Promo,No,Transfer,11
TRX2020517167,29/02/2020,Medan,North Sumatra,Medan,E-commerce,PT Global Snack Dist,OUT8116,Supermarket,SP128,Candy,Caramel Drop Candy,SKU41562,42395,122,5172190,0.1325,685315.18,4486874.83,Retail Discount,No,Credit Term,3
TRX2020135143,26/04/2020,Medan,North Sumatra,Medan,E-commerce,,OUT1371,Online Store,SP473,Biscuits,Choco Delight Biscuit,SKU80855,35613,154,5484402,0.0213,116817.76,5367584.24,,No,Credit Term,13
TRX2020615629,19/04/2020,Yogyakarta,DI Yogyakarta,Yogyakarta,Distributor,,OUT1618,Online Store,SP957,Beverages,Choco Malt Drink,SKU15985,12840,51,654840,0.1543,101041.81,553798.19,Seasonal Promo,No,Transfer,5
TRX2020838382,18/10/2020,Palembang,South Sumatra,Palembang,Modern Trade,PT Sinar Distribusi,OUT6427,Supermarket,SP608,Snacks,Savory Chips,SKU32509,31381,120,3765720,0.2342,881931.62,2883788.38,Seasonal Promo,No,Transfer,2
TRX2020488439,22/09/2020,Makassar,South Sulawesi,Makassar,Distributor,PT Nusantara Supply,OUT8184,Online Store,SP415,Snacks,Savory Chips,SKU15960,37086,186,6897996,0.1222,842935.11,6055060.89,None,No,Transfer,8
TRX2020216225,13/02/2020,Semarang,Central Java,Semarang,General Trade,,OUT2635,Online Store,SP734,Candy,Mint Pop Candy,SKU16588,26561,115,3054515,0.0329,100493.54,2954021.46,Bundle Promo,No,Transfer,9
TRX2020366044,2020-05-07,Medan,North Sumatra,Medan,Modern Trade,PT Maju Jaya Distribusi,OUT1901,Minimarket,SP368,Nuts,Honey Roasted Peanut,SKU66162,41285,110,4541350,0.0123,55858.61,4485491.39,Seasonal Promo,Yes,Transfer,10
TRX2020226894,2020-01-05,Medan,North Sumatra,Medan,Modern Trade,,OUT3056,Online Store,SP482,Nuts, Salted Cashew Mix ,SKU30412,14974,175,2620450,0.0703,184217.64,2436232.37,None,No,Transfer,5
TRX2020315390,16/02/2020,Semarang,Central Java,Semarang,General Trade,PT Maju Jaya Distribusi,OUT5833,Supermarket,SP730,Candy,Caramel Drop Candy,SKU85317,32490,55,1786950,0.075,134021.25,1652928.75,Bundle Promo,No,Credit Term,13
TRX2020323262,12/03/2020,Bandung,West Java,Bandung,Distributor,,OUT8285,Online Store,SP347,Beverages,Choco Malt Drink,SKU75646,33484,134,4486856,0.1079,484131.76,4002724.24,Retail Discount,No,Credit Term,6
TRX2020258632,2020-08-02,Medan,North Sumatra,Medan,General Trade,PT Global Snack Dist,OUT3513,Online Store,SP737,Beverages,Nutri Grain Drink,SKU17752,33347,72,2400984,0.087,208885.61,2192098.39,Retail Discount,No,Credit Term,5
TRX2020106453,23/11/2020,Semarang,Central Java,Semarang,Modern Trade,,OUT3264,Minimarket,SP447,Beverages,Choco Malt Drink,SKU70457,26192,102,2671584,0.2094,559429.69,2112154.31,Bundle Promo,No,Cash,5
TRX2020104146,2020-08-11,Jakarta,DKI Jakarta,Jakarta,General Trade,PT Global Snack Dist,OUT3759,Minimarket,SP326,Candy,Caramel Drop Candy,SKU78271,47664,64,3050496,0.1732,528345.91,2522150.09,Bundle Promo,Yes,Transfer,11
TRX2020736915,2020-10-03,Semarang,Central Java,Semarang,E-commerce,PT Maju Jaya Distribusi,OUT9257,Minimarket,SP281,Candy,Mint Pop Candy,SKU83891,9635,116,1117660,0.0116,12964.86,1104695.14,,No,Credit Term,6
TRX2020457480,2020-07-14,Semarang,Central Java,Semarang,Distributor,,OUT1255,Minimarket,SP778,Candy,Fruit Jelly Candy,SKU85723,16799,162,2721438,0.0079,21499.36,2699938.64,,No,Cash,12
TRX2020970239,2020-08-04,Jakarta,DKI Jakarta,Jakarta,General Trade,PT Sinar Distribusi,OUT8251,Supermarket,SP656,Candy,Fruit Jelly Candy,SKU78104,16652,199,3313748,0.0994,329386.55,2984361.45,None,No,Transfer,11
TRX2020514859,29/12/2020,Semarang,Central Java,Semarang,General Trade,,OUT4238,Online Store,SP499,Biscuits,Golden Cream Biscuit,SKU53314,13076,93,1216068,0.0692,84151.91,1131916.09,None,No,Credit Term,3
TRX2020896042,26/07/2020,Bandung,West Java,Bandung,E-commerce,PT Global Snack Dist,OUT8757,Supermarket,SP801,Nuts, Salted Cashew Mix ,SKU83624,22803,47,1071741,0.1465,157010.06,914730.94,,No,Cash,12
TRX2020415976,18/01/2020,Makassar,South Sulawesi,Makassar,General Trade,PT Global Snack Dist,OUT9553,Minimarket,SP465,Biscuits,Choco Delight Biscuit,SKU61042,24084,97,2336148,0.2404,561609.98,1774538.02,Retail Discount,No,Credit Term,8
TRX2020322032,2020-12-05,Surabaya,East Java,Surabaya,General Trade,PT Global Snack Dist,OUT9497,Supermarket,SP198,Snacks,Crunchy Bite,SKU81353,22904,84,1923936,0.0134,25780.74,1898155.26,Retail Discount,No,Credit Term,3
TRX2020685208,26/02/2020,Jakarta,DKI Jakarta,Jakarta,Modern Trade,,OUT6234,Supermarket,SP751,Candy, Mint Pop Candy ,SKU29480,3240,41,132840,0.1174,15595.42,117244.58,Retail Discount,No,Transfer,10
TRX2020724081,09/06/2020,Medan,North Sumatra,Medan,General Trade,PT Global Snack Dist,OUT1767,Supermarket,SP677,Biscuits,Choco Delight Biscuit,SKU39550,45876,87,3991212,0.0599,239073.6,3752138.4,None,No,Cash,14
TRX2020716577,03/02/2020,Palembang,South Sumatra,Palembang,Modern Trade,PT Sinar Distribusi,OUT6944,Traditional Store,SP896,Candy,Fruit Jelly Candy,SKU92672,44419,193,8572867,0.1446,1239636.57,7333230.43,None,No,Credit Term,3
TRX2020259700,2020-02-28,Jakarta,DKI Jakarta,Jakarta,Modern Trade,,OUT9454,Traditional Store,SP832,Nuts,Spicy Peanut Mix,SKU15516,3806,197,749782,0.2205,165326.93,584455.07,Bundle Promo,No,Transfer,7
TRX2020317446,2020-07-04,Medan,North Sumatra,Medan,Distributor,PT Maju Jaya Distribusi,OUT1311,Supermarket,SP960,Nuts,Spicy Peanut Mix,SKU81166,16434,130,2136420,0.0698,149122.12,1987297.88,Seasonal Promo,No,Transfer,10
TRX2020144978,2020-04-24,Palembang,South Sumatra,Palembang,Modern Trade,PT Maju Jaya Distribusi,OUT6076,Minimarket,SP925,Nuts,Honey Roasted Peanut,SKU17971,44101,159,7012059,0.1088,762912.02,6249146.98,,No,Credit Term,8
TRX2020978715,2020-01-03,Yogyakarta,DI Yogyakarta,Yogyakarta,E-commerce,PT Nusantara Supply,OUT6183,Online Store,SP372,Beverages,Nutri Grain Drink,SKU18851,18302,101,1848502,0.244,451034.49,1397467.51,Retail Discount,No,Cash,3
TRX2020738366,26/08/2020,Semarang,Central Java,Semarang,General Trade,PT Sinar Distribusi,OUT9944,Supermarket,SP259,Biscuits,Butter Crunch Biscuit,SKU64332,25805,21,541905,0.0275,14902.39,527002.61,None,No,Cash,13
TRX2020529546,13/06/2020,Makassar,South Sulawesi,Makassar,Modern Trade,PT Maju Jaya Distribusi,OUT4827,Supermarket,SP913,Snacks,Spicy Curl,SKU50306,39434,9,354906,0.2066,73323.58,281582.42,Retail Discount,No,Credit Term,8
TRX2020488115,26/01/2020,Surabaya,East Java,Surabaya,E-commerce,PT Global Snack Dist,OUT1213,Minimarket,SP874,Candy,Mint Pop Candy,SKU86211,19847,24,476328,0.0892,42488.46,433839.54,Bundle Promo,No,Credit Term,3
TRX2020439299,2020-03-14,Jakarta,DKI Jakarta,Jakarta,Distributor,PT Nusantara Supply,OUT4049,Supermarket,SP727,Biscuits,Butter Crunch Biscuit,SKU37588,47899,24,1149576,0.2071,238077.19,911498.81,None,No,Credit Term,2
TRX2020814567,11/01/2020,Yogyakarta,DI Yogyakarta,Yogyakarta,General Trade,PT Nusantara Supply,OUT7832,Minimarket,SP811,Snacks,Savory Chips,SKU80033,5983,21,125643,0.2144,26937.86,98705.14,,No,Credit Term,10
TRX2020143911,2020-03-09,Jakarta,DKI Jakarta,Jakarta,Modern Trade,PT Nusantara Supply,OUT9730,Supermarket,SP163,Beverages,Choco Malt Drink,SKU67171,33254,188,6251752,0.1462,914006.14,5337745.86,Retail Discount,No,Credit Term,8
TRX2020891914,10/08/2020,Bandung,West Java,Bandung,Modern Trade,PT Sinar Distribusi,OUT2047,Online Store,SP171,Nuts,Spicy Peanut Mix,SKU23089,13395,155,2076225,0.1169,242710.7,1833514.3,,No,Transfer,3
TRX2020124098,2020-05-26,Bandung,West Java,Bandung,General Trade,PT Nusantara Supply,OUT8913,Online Store,SP742,Snacks,Savory Chips,SKU53537,38940,48,1869120,0.2398,448214.98,1420905.02,Seasonal Promo,No,Transfer,11
TRX2020537483,30/09/2020,Yogyakarta,DI Yogyakarta,Yogyakarta,Modern Trade,PT Global Snack Dist,OUT8393,Minimarket,SP692,Snacks,Crunchy Bite,SKU18114,41452,68,2818736,0.0746,210277.71,2608458.29,Bundle Promo,No,Transfer,1
TRX2020771842,2020-09-05,Bandung,West Java,Bandung,Distributor,PT Global Snack Dist,OUT9219,Online Store,SP600,Beverages,Nutri Grain Drink,SKU40758,38244,1,38244,0.207,7916.51,30327.49,Retail Discount,No,Transfer,4
TRX2020143814,2020-09-29,Jakarta,DKI Jakarta,Jakarta,General Trade,PT Global Snack Dist,OUT4868,Supermarket,SP806,Candy,Caramel Drop Candy,SKU61278,24220,179,4335380,0.0512,221971.46,4113408.54,Seasonal Promo,No,Transfer,1
TRX2020366237,2020-02-05,Semarang,Central Java,Semarang,E-commerce,PT Sinar Distribusi,OUT1404,Minimarket,SP290,Beverages,Choco Malt Drink,SKU68367,37488,51,1911888,0.0649,124081.53,1787806.47,,No,Transfer,13
TRX2020594966,21/01/2020,Makassar,South Sulawesi,Makassar,Modern Trade,PT Global Snack Dist,OUT7165,Traditional Store,SP454,Snacks,Crunchy Bite,SKU15324,37935,172,6524820,0.2164,1411971.05,5112848.95,,No,Credit Term,10
TRX2020653453,2020-06-04,Bandung,West Java,Bandung,Distributor,,OUT4733,Minimarket,SP667,Candy,Fruit Jelly Candy,SKU88228,20587,73,1502851,0.1084,162909.05,1339941.95,Bundle Promo,No,Transfer,8
TRX2020331005,2020-07-20,Yogyakarta,DI Yogyakarta,Yogyakarta,Modern Trade,,OUT7831,Supermarket,SP608,Candy,Caramel Drop Candy,SKU46778,19999,32,639968,0.1452,92923.35,547044.65,,No,Transfer,7
TRX2020727653,2020-01-20,Makassar,South Sulawesi,Makassar,General Trade,PT Maju Jaya Distribusi,OUT5590,Minimarket,SP412,Candy,Mint Pop Candy,SKU84667,23510,179,4208290,0.2177,916144.73,3292145.27,Bundle Promo,No,Cash,8
TRX2020975379,2020-04-15,Yogyakarta,DI Yogyakarta,Yogyakarta,Modern Trade,,OUT8431,Minimarket,SP157,Candy,Fruit Jelly Candy,SKU51682,42233,80,3378640,0.1912,645995.97,2732644.03,,No,Transfer,9
TRX2020143606,2020-05-05,Makassar,South Sulawesi,Makassar,General Trade,PT Nusantara Supply,OUT1779,Supermarket,SP146,Nuts, Honey Roasted Peanut ,SKU83989,10150,200,2030000,0.0227,46081.0,1983919.0,None,No,Cash,7
TRX2020514293,13/10/2020,Yogyakarta,DI Yogyakarta,Yogyakarta,E-commerce,PT Sinar Distribusi,OUT9652,Minimarket,SP292,Candy, Fruit Jelly Candy ,SKU54494,5063,19,96197,0.1704,16391.97,79805.03,Retail Discount,No,Transfer,6
TRX2020732968,2020-08-22,Surabaya,East Java,Surabaya,Distributor,PT Maju Jaya Distribusi,OUT7727,Online Store,SP318,Snacks,Crunchy Bite,SKU92164,34885,115,4011775,0.1593,639075.76,3372699.24,Retail Discount,No,Transfer,8
TRX2020513615,2020-11-09,Medan,North Sumatra,Medan,General Trade,PT Global Snack Dist,OUT5142,Traditional Store,SP874,Nuts,Honey Roasted Peanut,SKU29334,30181,33,995973,0.0663,66033.01,929939.99,Bundle Promo,No,Cash,1
TRX2020586070,28/06/2020,Jakarta,DKI Jakarta,Jakarta,Distributor,PT Nusantara Supply,OUT3451,Online Store,SP831,Candy,Fruit Jelly Candy,SKU51931,28965,35,1013775,0.248,251416.2,762358.8,Seasonal Promo,No,Cash,9
TRX2020326231,2020-09-15,Bandung,West Java,Bandung,General Trade,PT Maju Jaya Distribusi,OUT8632,Online Store,SP325,Snacks,Savory Chips,SKU26772,38933,34,1323722,0.0117,15487.55,1308234.45,None,No,Transfer,4
TRX2020818503,2020-07-10,Surabaya,East Java,Surabaya,General Trade,PT Global Snack Dist,OUT4524,Minimarket,SP285,Biscuits,Golden Cream Biscuit,SKU39606,21457,33,708081,0.1693,119878.11,588202.89,Retail Discount,No,Transfer,14
TRX2020459779,2020-12-18,Semarang,Central Java,Semarang,Distributor,PT Global Snack Dist,OUT6324,Minimarket,SP755,Beverages,Energy Cocoa Drink,SKU33375,9721,62,602702,0.0675,40682.39,562019.61,Bundle Promo,No,Transfer,4
TRX2020189279,01/06/2020,Makassar,South Sulawesi,Makassar,E-commerce,PT Maju Jaya Distribusi,OUT2331,Online Store,SP922,Candy,Fruit Jelly Candy,SKU54604,40285,40,1611400,0.1381,222534.34,1388865.66,Bundle Promo,No,Cash,1
TRX2020336187,06/06/2020,Medan,North Sumatra,Medan,Distributor,PT Maju Jaya Distribusi,OUT3348,Online Store,SP164,Beverages,Choco Malt Drink,SKU95983,9940,176,1749440,0.0064,11196.42,1738243.58,Retail Discount,No,Credit Term,11
TRX2020752052,24/02/2020,Bandung,West Java,Bandung,E-commerce,PT Global Snack Dist,OUT5654,Traditional Store,SP383,Snacks,Spicy Curl,SKU94889,21576,141,3042216,0.2265,689061.92,2353154.08,,No,Cash,14
TRX2020519414,29/06/2020,Yogyakarta,DI Yogyakarta,Yogyakarta,Modern Trade,PT Maju Jaya Distribusi,OUT8369,Minimarket,SP849,Snacks,Savory Chips,SKU69633,14506,149,2161394,0.182,393373.71,1768020.29,,No,Cash,5
TRX2020956783,2020-10-17,Semarang,Central Java,Semarang,E-commerce,PT Global Snack Dist,OUT3534,Minimarket,SP360,Beverages,Choco Malt Drink,SKU22109,27154,134,3638636,0.0514,187025.89,3451610.11,None,No,Credit Term,7
TRX2020888620,15/11/2020,Yogyakarta,DI Yogyakarta,Yogyakarta,E-commerce,PT Sinar Distribusi,OUT3420,Minimarket,SP767,Snacks,Savory Chips,SKU80133,21685,109,2363665,0.2338,552624.88,1811040.12,Retail Discount,No,Credit Term,7
TRX2020614058,11/08/2020,Yogyakarta,DI Yogyakarta,Yogyakarta,E-commerce,PT Sinar Distribusi,OUT2981,Online Store,SP167,Biscuits, Butter Crunch Biscuit ,SKU33418,30516,142,4333272,0.1261,546425.6,3786846.4,Bundle Promo,No,Transfer,5
TRX2020980775,27/04/2020,Surabaya,East Java,Surabaya,General Trade,PT Nusantara Supply,OUT9214,Minimarket,SP654,Snacks,Crunchy Bite,SKU89118,35316,175,6180300,0.2436,1505521.08,4674778.92,None,No,Credit Term,9
TRX2020787314,2020-07-24,Jakarta,DKI Jakarta,Jakarta,General Trade,PT Nusantara Supply,OUT7724,Online Store,SP647,Beverages,Choco Malt Drink,SKU12586,6896,2,13792,0.1967,2712.89,11079.11,Bundle Promo,Yes,Transfer,10
TRX2020388243,2020-08-26,Medan,North Sumatra,Medan,General Trade,PT Maju Jaya Distribusi,OUT6872,Minimarket,SP133,Biscuits,Butter Crunch Biscuit,SKU88396,38670,76,2938920,0.0165,48492.18,2890427.82,None,No,Transfer,14
TRX2020796391,02/09/2020,Semarang,Central Java,Semarang,E-commerce,PT Nusantara Supply,OUT5791,Traditional Store,SP772,Candy,Mint Pop Candy,SKU97915,36393,139,5058627,0.1367,691514.31,4367112.69,Retail Discount,No,Transfer,11
TRX2020940360,03/01/2020,Bandung,West Java,Bandung,General Trade,PT Sinar Distribusi,OUT6388,Online Store,SP991,Snacks,Spicy Curl,SKU89211,47136,48,2262528,0.0118,26697.83,2235830.17,Bundle Promo,No,Cash,5
TRX2020400149,2020-11-03,Yogyakarta,DI Yogyakarta,Yogyakarta,E-commerce,PT Global Snack Dist,OUT8398,Supermarket,SP941,Candy,Caramel Drop Candy,SKU98960,33039,167,5517513,0.106,584856.38,4932656.62,,No,Cash,1
TRX2020190679,2020-01-06,Semarang,Central Java,Semarang,Modern Trade,PT Nusantara Supply,OUT4537,Supermarket,SP179,Candy,Fruit Jelly Candy,SKU49325,26976,154,4154304,0.0951,395074.31,3759229.69,Bundle Promo,No,Cash,5
TRX2020445176,2020-05-16,Jakarta,DKI Jakarta,Jakarta,E-commerce,PT Maju Jaya Distribusi,OUT3903,Traditional Store,SP327,Snacks,Spicy Curl,SKU24733,25856,33,853248,0.1535,130973.57,722274.43,,No,Cash,3
TRX2020922696,03/10/2020,Surabaya,East Java,Surabaya,Distributor,PT Maju Jaya Distribusi,OUT7635,Supermarket,SP331,Nuts,Salted Cashew Mix,SKU44986,28134,77,2166318,0.0599,129762.45,2036555.55,Retail Discount,No,Cash,10
TRX2020973329,22/11/2020,Surabaya,East Java,Surabaya,E-commerce,PT Nusantara Supply,OUT8353,Traditional Store,SP243,Candy,Fruit Jelly Candy,SKU34882,22392,177,3963384,0.116,459752.54,3503631.46,,Yes,Transfer,6
TRX2020324741,19/12/2020,Jakarta,DKI Jakarta,Jakarta,General Trade,PT Maju Jaya Distribusi,OUT9640,Online Store,SP997,Nuts,Salted Cashew Mix,SKU95970,17279,26,449254,0.236,106023.94,343230.06,Bundle Promo,No,Credit Term,4
TRX2020248777,25/03/2020,Makassar,South Sulawesi,Makassar,General Trade,PT Nusantara Supply,OUT2727,Supermarket,SP557,Candy,Mint Pop Candy,SKU91725,39291,22,864402,0.0225,19449.04,844952.95,,No,Cash,1
TRX2020705275,2020-07-31,Palembang,South Sumatra,Palembang,Modern Trade,PT Maju Jaya Distribusi,OUT9975,Supermarket,SP804,Candy,Caramel Drop Candy,SKU20154,40854,53,2165262,0.2342,507104.36,1658157.64,,No,Cash,14
TRX2020742432,2020-11-16,Yogyakarta,DI Yogyakarta,Yogyakarta,Modern Trade,PT Maju Jaya Distribusi,OUT4358,Minimarket,SP950,Snacks,Savory Chips,SKU83827,10804,164,1771856,0.2486,440483.4,1331372.6,,No,Credit Term,8
TRX2020374456,2020-11-11,Yogyakarta,DI Yogyakarta,Yogyakarta,Modern Trade,PT Nusantara Supply,OUT1493,Supermarket,SP922,Nuts,Spicy Peanut Mix,SKU33390,10413,167,1738971,0.1604,278930.95,1460040.05,,No,Transfer,2
TRX2020504050,2020-03-28,Jakarta,DKI Jakarta,Jakarta,General Trade,PT Nusantara Supply,OUT7188,Minimarket,SP384,Biscuits,Butter Crunch Biscuit,SKU23180,13470,177,2384190,0.122,290871.18,2093318.82,Retail Discount,No,Transfer,13
TRX2020986059,2020-05-26,Palembang,South Sumatra,Palembang,E-commerce,PT Nusantara Supply,OUT9990,Supermarket,SP317,Beverages,Choco Malt Drink,SKU30497,45867,117,5366439,0.0505,271005.17,5095433.83,Seasonal Promo,No,Credit Term,1
TRX2020273685,2020-07-07,Bandung,West Java,Bandung,Modern Trade,PT Sinar Distribusi,OUT7281,Traditional Store,SP688,Snacks,Spicy Curl,SKU87119,8994,35,314790,0.0736,23168.54,291621.46,,No,Transfer,12
TRX2020186862,08/02/2020,Surabaya,East Java,Surabaya,Distributor,PT Maju Jaya Distribusi,OUT9699,Traditional Store,SP338,Nuts,Spicy Peanut Mix,SKU29544,44372,200,8874400,0.0034,30172.96,8844227.04,Bundle Promo,No,Transfer,4
TRX2020325428,14/08/2020,Jakarta,DKI Jakarta,Jakarta,Distributor,PT Global Snack Dist,OUT1545,Online Store,SP369,Nuts,Salted Cashew Mix,SKU21820,31664,113,3578032,0.1654,591806.49,2986225.51,Seasonal Promo,No,Credit Term,14
TRX2020518697,15/02/2020,Medan,North Sumatra,Medan,E-commerce,PT Sinar Distribusi,OUT7378,Supermarket,SP390,Beverages,Choco Malt Drink,SKU41065,33432,102,3410064,0.1177,401364.53,3008699.47,Bundle Promo,No,Transfer,12
TRX2020219368,24/08/2020,Yogyakarta,DI Yogyakarta,Yogyakarta,Distributor,PT Sinar Distribusi,OUT8066,Minimarket,SP921,Biscuits,Choco Delight Biscuit,SKU83912,6288,146,918048,0.1393,127884.09,790163.91,None,No,Cash,2
TRX2020663197,10/10/2020,Yogyakarta,DI Yogyakarta,Yogyakarta,E-commerce,PT Global Snack Dist,OUT3492,Minimarket,SP382,Snacks,Crunchy Bite,SKU63624,18253,129,2354637,0.2346,552397.84,1802239.16,None,No,Credit Term,12
TRX2020262597,2020-01-28,Palembang,South Sumatra,Palembang,Distributor,PT Nusantara Supply,OUT4273,Minimarket,SP749,Nuts, Salted Cashew Mix ,SKU35255,7759,115,892285,0.1193,106449.6,785835.4,Bundle Promo,No,Transfer,3
TRX2020954062,17/10/2020,Palembang,South Sumatra,Palembang,General Trade,PT Maju Jaya Distribusi,OUT3417,Minimarket,SP327,Candy,Mint Pop Candy,SKU37465,16499,67,1105433,0.0678,74948.36,1030484.64,Bundle Promo,No,Transfer,7
TRX2020771408,2020-09-10,Medan,North Sumatra,Medan,Distributor,PT Global Snack Dist,OUT5079,Minimarket,SP763,Biscuits, Choco Delight Biscuit ,SKU76104,25256,27,681912,0.0558,38050.69,643861.31,None,No,Cash,14
TRX2020918286,2020-01-18,Surabaya,East Java,Surabaya,E-commerce,PT Global Snack Dist,OUT7315,Minimarket,SP164,Biscuits,Golden Cream Biscuit,SKU74713,29278,124,3630472,0.0951,345257.89,3285214.11,Bundle Promo,No,Cash,12
TRX2020830154,12/10/2020,Bandung,West Java,Bandung,E-commerce,PT Maju Jaya Distribusi,OUT5568,Minimarket,SP190,Nuts,Honey Roasted Peanut,SKU46212,26035,61,1588135,0.0314,49867.44,1538267.56,Bundle Promo,No,Credit Term,13
TRX2020834899,26/12/2020,Medan,North Sumatra,Medan,E-commerce,PT Sinar Distribusi,OUT3562,Minimarket,SP452,Beverages,Nutri Grain Drink,SKU46877,36489,17,620313,0.2446,151728.56,468584.44,Retail Discount,No,Transfer,7
TRX2020973974,2020-12-23,Jakarta,DKI Jakarta,Jakarta,E-commerce,,OUT7360,Traditional Store,SP557,Snacks,Savory Chips,SKU35644,15802,119,1880438,0.0071,13351.11,1867086.89,Retail Discount,No,Cash,2
TRX2020763348,2020-04-29,Bandung,West Java,Bandung,General Trade,PT Sinar Distribusi,OUT9945,Minimarket,SP134,Beverages,Nutri Grain Drink,SKU68955,27245,117,3187665,0.0692,220586.42,2967078.58,Seasonal Promo,No,Cash,11
TRX2020221935,31/01/2020,Palembang,South Sumatra,Palembang,Modern Trade,PT Nusantara Supply,OUT8786,Minimarket,SP923,Beverages, Energy Cocoa Drink ,SKU37160,3599,63,226737,0.1885,42739.92,183997.08,Bundle Promo,No,Transfer,8
TRX2020399333,02/04/2020,Makassar,South Sulawesi,Makassar,E-commerce,PT Sinar Distribusi,OUT2910,Traditional Store,SP776,Snacks,Crunchy Bite,SKU83905,15921,88,1401048,0.0474,66409.68,1334638.32,Retail Discount,No,Cash,8
TRX2020596644,09/05/2020,Makassar,South Sulawesi,Makassar,E-commerce,PT Nusantara Supply,OUT1554,Online Store,SP878,Nuts,Spicy Peanut Mix,SKU36322,46130,76,3505880,0.2485,871211.18,2634668.82,Retail Discount,No,Cash,9
TRX2020404708,2020-07-27,Bandung,West Java,Bandung,Modern Trade,,OUT7799,Traditional Store,SP406,Biscuits,Golden Cream Biscuit,SKU50659,41403,173,7162719,0.0913,653956.24,6508762.76,Retail Discount,No,Credit Term,3
TRX2020836017,2020-01-08,Surabaya,East Java,Surabaya,Modern Trade,PT Nusantara Supply,OUT1571,Online Store,SP601,Snacks, Crunchy Bite ,SKU49949,47145,157,7401765,0.2144,1586938.42,5814826.58,None,No,Transfer,7
TRX2020958370,2020-10-03,Medan,North Sumatra,Medan,E-commerce,PT Sinar Distribusi,OUT5625,Minimarket,SP683,Candy,Mint Pop Candy,SKU78402,46352,182,8436064,0.0394,332380.92,8103683.08,Seasonal Promo,No,Transfer,11
TRX2020757796,08/08/2020,Palembang,South Sumatra,Palembang,Modern Trade,PT Sinar Distribusi,OUT8958,Traditional Store,SP765,Candy,Fruit Jelly Candy,SKU44429,21248,124,2634752,0.039,102755.33,2531996.67,Seasonal Promo,No,Credit Term,3
TRX2020330592,2020-02-22,Semarang,Central Java,Semarang,General Trade,PT Nusantara Supply,OUT8129,Online Store,SP516,Snacks,Crunchy Bite,SKU75351,38597,58,2238626,0.0715,160061.76,2078564.24,Seasonal Promo,No,Cash,11
TRX2020527198,15/01/2020,Palembang,South Sumatra,Palembang,E-commerce,PT Sinar Distribusi,OUT2256,Traditional Store,SP936,Nuts,Honey Roasted Peanut,SKU87185,14281,22,314182,0.1385,43514.21,270667.79,Retail Discount,No,Cash,2
TRX2020685387,2020-10-07,Palembang,South Sumatra,Palembang,Distributor,,OUT3223,Online Store,SP168,Nuts,Honey Roasted Peanut,SKU45137,9477,145,1374165,0.0084,11542.99,1362622.01,Seasonal Promo,No,Cash,10
TRX2020559422,28/07/2020,Semarang,Central Java,Semarang,Distributor,PT Maju Jaya Distribusi,OUT4919,Minimarket,SP817,Beverages,Choco Malt Drink,SKU60113,17883,124,2217492,0.0728,161433.42,2056058.58,,No,Cash,7
TRX2020244318,2020-10-06,Semarang,Central Java,Semarang,Modern Trade,,OUT8509,Supermarket,SP423,Candy,Mint Pop Candy,SKU40547,36730,169,6207370,0.1336,829304.63,5378065.37,None,No,Transfer,1
TRX2020611793,2020-01-10,Jakarta,DKI Jakarta,Jakarta,Modern Trade,PT Global Snack Dist,OUT9818,Online Store,SP124,Candy,Mint Pop Candy,SKU77799,43302,171,7404642,0.033,244353.19,7160288.81,,No,Transfer,6
TRX2020309691,24/08/2020,Yogyakarta,DI Yogyakarta,Yogyakarta,Distributor,PT Global Snack Dist,OUT6295,Online Store,SP105,Candy, Fruit Jelly Candy ,SKU67944,45051,57,2567907,0.2447,628366.84,1939540.16,,No,Transfer,2
TRX2020535350,28/04/2020,Yogyakarta,DI Yogyakarta,Yogyakarta,E-commerce,PT Maju Jaya Distribusi,OUT3579,Traditional Store,SP223,Candy,Caramel Drop Candy,SKU93815,15187,61,926407,0.151,139887.46,786519.54,Seasonal Promo,No,Transfer,1
TRX2020186380,2020-12-30,Makassar,South Sulawesi,Makassar,Modern Trade,PT Maju Jaya Distribusi,OUT4401,Traditional Store,SP916,Candy,Mint Pop Candy,SKU12587,45491,107,4867537,0.1575,766637.08,4100899.92,Bundle Promo,No,Transfer,5
TRX2020326768,28/09/2020,Surabaya,East Java,Surabaya,Distributor,PT Sinar Distribusi,OUT1460,Minimarket,SP145,Candy, Mint Pop Candy ,SKU55975,46364,181,8391884,0.1581,1326756.86,7065127.14,None,No,Credit Term,2
TRX2020961224,20/07/2020,Medan,North Sumatra,Medan,Modern Trade,PT Nusantara Supply,OUT6685,Minimarket,SP288,Snacks,Spicy Curl,SKU90805,10901,149,1624249,0.2484,403463.45,1220785.55,Seasonal Promo,No,Transfer,2
TRX2020831529,11/06/2020,Medan,North Sumatra,Medan,E-commerce,PT Nusantara Supply,OUT5138,Online Store,SP336,Nuts,Honey Roasted Peanut,SKU21894,48254,199,9602546,0.1805,1733259.55,7869286.45,Retail Discount,No,Cash,4
TRX2020310999,01/09/2020,Jakarta,DKI Jakarta,Jakarta,Modern Trade,PT Sinar Distribusi,OUT1751,Minimarket,SP126,Beverages,Nutri Grain Drink,SKU21210,17174,88,1511312,0.0856,129368.31,1381943.69,Retail Discount,No,Cash,14
TRX2020518312,09/01/2020,Makassar,South Sulawesi,Makassar,General Trade,PT Global Snack Dist,OUT1161,Traditional Store,SP744,Nuts,Spicy Peanut Mix,SKU22608,14409,136,1959624,0.1133,222025.4,1737598.6,,No,Credit Term,8
TRX2020435138,11/02/2020,Jakarta,DKI Jakarta,Jakarta,Distributor,PT Global Snack Dist,OUT2749,Minimarket,SP604,Biscuits,Choco Delight Biscuit,SKU67334,14226,150,2133900,0.1778,379407.42,1754492.58,None,Yes,Cash,10
TRX2020914162,13/11/2020,Semarang,Central Java,Semarang,E-commerce,PT Global Snack Dist,OUT9172,Minimarket,SP337,Candy,Mint Pop Candy,SKU47404,41958,105,4405590,0.1756,773621.6,3631968.4,Retail Discount,No,Cash,13
TRX2020938761,2020-07-02,Bandung,West Java,Bandung,Modern Trade,PT Nusantara Supply,OUT3009,Supermarket,SP667,Nuts,Salted Cashew Mix,SKU64482,42932,51,2189532,0.1573,344413.38,1845118.62,Bundle Promo,No,Transfer,5
TRX2020493350,2020-09-09,Medan,North Sumatra,Medan,Distributor,PT Maju Jaya Distribusi,OUT7811,Online Store,SP460,Snacks,Spicy Curl,SKU42272,6064,104,630656,0.0856,53984.15,576671.85,None,No,Credit Term,2
TRX2020700050,2020-06-06,Jakarta,DKI Jakarta,Jakarta,Distributor,PT Sinar Distribusi,OUT6333,Traditional Store,SP720,Snacks,Savory Chips,SKU14583,6065,54,327510,0.0084,2751.08,324758.92,None,No,Cash,8
TRX2020185687,2020-02-09,Bandung,West Java,Bandung,E-commerce,PT Maju Jaya Distribusi,OUT5893,Traditional Store,SP924,Snacks, Spicy Curl ,SKU73745,22856,94,2148464,0.1957,420454.4,1728009.6,None,No,Transfer,7
TRX2020898264,14/05/2020,Yogyakarta,DI Yogyakarta,Yogyakarta,Modern Trade,PT Sinar Distribusi,OUT6695,Traditional Store,SP109,Biscuits,Choco Delight Biscuit,SKU64170,22522,86,1936892,0.145,280849.34,1656042.66,,No,Cash,9
TRX2020592161,2020-11-30,Palembang,South Sumatra,Palembang,Modern Trade,,OUT8460,Online Store,SP459,Candy,Mint Pop Candy,SKU64477,44589,46,2051094,0.0146,29945.97,2021148.03,,No,Transfer,9
TRX2020320690,01/05/2020,Bandung,West Java,Bandung,General Trade,PT Global Snack Dist,OUT5425,Minimarket,SP519,Candy,Caramel Drop Candy,SKU89129,15034,71,1067414,0.154,164381.76,903032.24,Retail Discount,No,Credit Term,2
TRX2020748337,05/09/2020,Medan,North Sumatra,Medan,Modern Trade,,OUT7759,Minimarket,SP140,Nuts,Honey Roasted Peanut,SKU93520,21943,3,65829,0.1425,9380.63,56448.37,,No,Credit Term,8
TRX2020191259,16/02/2020,Bandung,West Java,Bandung,Distributor,PT Global Snack Dist,OUT6393,Supermarket,SP917,Snacks,Crunchy Bite,SKU29667,5017,121,607057,0.0888,53906.66,553150.34,Seasonal Promo,No,Credit Term,5
TRX2020739560,15/06/2020,Semarang,Central Java,Semarang,E-commerce,,OUT4325,Traditional Store,SP430,Snacks,Savory Chips,SKU43090,31498,158,4976684,0.1588,790297.42,4186386.58,Seasonal Promo,No,Cash,12
TRX2020806676,2020-02-29,Yogyakarta,DI Yogyakarta,Yogyakarta,General Trade,PT Nusantara Supply,OUT6916,Supermarket,SP788,Beverages,Nutri Grain Drink,SKU24247,35825,116,4155700,0.084,349078.8,3806621.2,Bundle Promo,No,Credit Term,11
TRX2020701840,2020-12-09,Palembang,South Sumatra,Palembang,Modern Trade,,OUT7459,Minimarket,SP660,Candy,Caramel Drop Candy,SKU96472,18659,182,3395938,0.2332,791932.74,2604005.26,Bundle Promo,No,Transfer,7
TRX2020130273,28/09/2020,Palembang,South Sumatra,Palembang,Distributor,PT Maju Jaya Distribusi,OUT5284,Online Store,SP264,Biscuits,Golden Cream Biscuit,SKU33329,11896,140,1665440,0.1267,211011.25,1454428.75,,No,Transfer,7
TRX2020771040,11/05/2020,Jakarta,DKI Jakarta,Jakarta,General Trade,PT Nusantara Supply,OUT4715,Online Store,SP996,Candy,Fruit Jelly Candy,SKU76369,25577,168,4296936,0.2252,967669.99,3329266.01,None,No,Credit Term,2
TRX2020194753,01/05/2020,Makassar,South Sulawesi,Makassar,E-commerce,,OUT8849,Online Store,SP552,Candy,Fruit Jelly Candy,SKU45196,27956,24,670944,0.2262,151767.53,519176.47,Seasonal Promo,No,Credit Term,8
TRX2020109721,13/03/2020,Bandung,West Java,Bandung,E-commerce,PT Maju Jaya Distribusi,OUT2043,Online Store,SP215,Candy,Caramel Drop Candy,SKU24117,47520,90,4276800,0.0955,408434.4,3868365.6,,No,Transfer,11
TRX2020426946,2020-03-02,Surabaya,East Java,Surabaya,Distributor,PT Sinar Distribusi,OUT4632,Online Store,SP862,Snacks,Crunchy Bite,SKU81406,8901,81,720981,0.1596,115068.57,605912.43,Bundle Promo,No,Transfer,8
TRX2020343357,2020-12-10,Surabaya,East Java,Surabaya,General Trade,PT Nusantara Supply,OUT4400,Online Store,SP277,Candy,Fruit Jelly Candy,SKU68865,34560,196,6773760,0.0484,327849.98,6445910.02,Bundle Promo,No,Transfer,12
TRX2020174838,02/04/2020,Palembang,South Sumatra,Palembang,Modern Trade,PT Sinar Distribusi,OUT5169,Supermarket,SP129,Biscuits,Butter Crunch Biscuit,SKU93610,34128,111,3788208,0.03,113646.24,3674561.76,Retail Discount,No,Credit Term,7
TRX2020399492,2020-06-16,Surabaya,East Java,Surabaya,General Trade,PT Maju Jaya Distribusi,OUT4220,Minimarket,SP635,Snacks,Crunchy Bite,SKU47915,26790,54,1446660,0.2392,346041.07,1100618.93,,No,Cash,1
TRX2020947949,16/05/2020,Yogyakarta,DI Yogyakarta,Yogyakarta,E-commerce,,OUT2323,Supermarket,SP227,Biscuits,Butter Crunch Biscuit,SKU28204,25343,101,2559643,0.0855,218849.48,2340793.52,Bundle Promo,No,Transfer,4
TRX2020885165,24/07/2020,Yogyakarta,DI Yogyakarta,Yogyakarta,General Trade,PT Nusantara Supply,OUT9389,Supermarket,SP193,Snacks, Savory Chips ,SKU45227,23399,42,982758,0.1707,167756.79,815001.21,Seasonal Promo,No,Credit Term,14
TRX2020416349,2020-04-22,Makassar,South Sulawesi,Makassar,General Trade,,OUT1974,Traditional Store,SP697,Snacks,Crunchy Bite,SKU17552,37209,7,260463,0.0812,21149.6,239313.4,Retail Discount,No,Transfer,4
TRX2020291359,2020-01-02,Surabaya,East Java,Surabaya,General Trade,PT Global Snack Dist,OUT8019,Minimarket,SP754,Candy,Fruit Jelly Candy,SKU60026,29266,7,204862,0.1233,25259.48,179602.52,Seasonal Promo,No,Credit Term,12
TRX2020378704,2020-02-17,Bandung,West Java,Bandung,General Trade,PT Nusantara Supply,OUT3877,Minimarket,SP836,Nuts,Spicy Peanut Mix,SKU29742,21310,96,2045760,0.1667,341028.19,1704731.81,None,No,Credit Term,13
TRX2020472131,2020-03-01,Makassar,South Sulawesi,Makassar,Distributor,PT Nusantara Supply,OUT2232,Online Store,SP929,Snacks,Spicy Curl,SKU23023,37991,116,4406956,0.161,709519.92,3697436.08,None,No,Transfer,4
TRX2020482051,2020-01-08,Palembang,South Sumatra,Palembang,Modern Trade,PT Nusantara Supply,OUT1250,Online Store,SP554,Biscuits,Choco Delight Biscuit,SKU26087,17686,94,1662484,0.2491,414124.76,1248359.24,,No,Transfer,10
TRX2020482585,2020-06-06,Surabaya,East Java,Surabaya,E-commerce,PT Sinar Distribusi,OUT3112,Minimarket,SP142,Beverages,Energy Cocoa Drink,SKU89618,28173,32,901536,0.1651,148843.59,752692.41,,No,Cash,10
TRX2020617610,29/09/2020,Yogyakarta,DI Yogyakarta,Yogyakarta,Modern Trade,PT Sinar Distribusi,OUT4613,Traditional Store,SP757,Biscuits, Butter Crunch Biscuit ,SKU69568,18833,113,2128129,0.0595,126623.68,2001505.32,Seasonal Promo,No,Credit Term,9
TRX2020190974,25/11/2020,Medan,North Sumatra,Medan,Modern Trade,PT Global Snack Dist,OUT4338,Traditional Store,SP505,Beverages,Energy Cocoa Drink,SKU52738,47327,15,709905,0.0335,23781.82,686123.18,Retail Discount,No,Credit Term,5
TRX2020763831,2020-01-25,Medan,North Sumatra,Medan,Modern Trade,PT Maju Jaya Distribusi,OUT5979,Traditional Store,SP471,Beverages,Choco Malt Drink,SKU41882,45307,182,8245874,0.0853,703373.05,7542500.95,None,No,Cash,13
TRX2020155408,14/11/2020,Palembang,South Sumatra,Palembang,Distributor,PT Maju Jaya Distribusi,OUT4782,Minimarket,SP684,Beverages,Nutri Grain Drink,SKU15220,13040,98,1277920,0.1178,150538.98,1127381.02,Bundle Promo,No,Transfer,7
TRX2020403004,10/11/2020,Makassar,South Sulawesi,Makassar,Distributor,PT Maju Jaya Distribusi,OUT7055,Traditional Store,SP736,Beverages,Choco Malt Drink,SKU21768,19783,40,791320,0.1001,79211.13,712108.87,Retail Discount,No,Transfer,11
TRX2020142005,28/01/2020,Bandung,West Java,Bandung,Modern Trade,PT Maju Jaya Distribusi,OUT6628,Traditional Store,SP465,Candy,Fruit Jelly Candy,SKU27519,37025,132,4887300,0.1228,600160.44,4287139.56,Seasonal Promo,No,Credit Term,8
TRX2020947324,26/11/2020,Bandung,West Java,Bandung,Modern Trade,PT Maju Jaya Distribusi,OUT8262,Supermarket,SP535,Beverages, Energy Cocoa Drink ,SKU53552,21163,75,1587225,0.2414,383156.11,1204068.89,None,No,Cash,5
TRX2020477559,2020-07-10,Surabaya,East Java,Surabaya,General Trade,PT Maju Jaya Distribusi,OUT1612,Minimarket,SP222,Candy,Mint Pop Candy,SKU60966,15652,65,1017380,0.1543,156981.73,860398.27,None,No,Transfer,10
TRX2020696660,21/05/2020,Medan,North Sumatra,Medan,Distributor,PT Sinar Distribusi,OUT4277,Supermarket,SP678,Biscuits, Butter Crunch Biscuit ,SKU25262,23173,181,4194313,0.0486,203843.61,3990469.39,Retail Discount,No,Transfer,9
TRX2020726749,04/09/2020,Makassar,South Sulawesi,Makassar,Distributor,,OUT4323,Online Store,SP280,Nuts,Honey Roasted Peanut,SKU38027,44435,80,3554800,0.1306,464256.88,3090543.12,Bundle Promo,No,Credit Term,3
TRX2020414757,2020-05-23,Palembang,South Sumatra,Palembang,General Trade,,OUT2578,Supermarket,SP926,Beverages,Energy Cocoa Drink,SKU78089,13230,192,2540160,0.1512,384072.19,2156087.81,Seasonal Promo,No,Cash,9
TRX2020921333,2020-10-02,Semarang,Central Java,Semarang,General Trade,,OUT8364,Minimarket,SP330,Snacks,Savory Chips,SKU92617,18559,167,3099353,0.2398,743224.85,2356128.15,,No,Credit Term,2
TRX2020628427,2020-12-26,Jakarta,DKI Jakarta,Jakarta,General Trade,PT Maju Jaya Distribusi,OUT5800,Minimarket,SP644,Candy, Mint Pop Candy ,SKU64087,25785,134,3455190,0.134,462995.46,2992194.54,Bundle Promo,Yes,Transfer,9
TRX2020169300,17/04/2020,Yogyakarta,DI Yogyakarta,Yogyakarta,General Trade,PT Nusantara Supply,OUT4125,Minimarket,SP114,Beverages, Choco Malt Drink ,SKU79035,16287,42,684054,0.2255,154254.18,529799.82,None,No,Credit Term,14
TRX2020888599,15/10/2020,Surabaya,East Java,Surabaya,E-commerce,PT Nusantara Supply,OUT7533,Online Store,SP487,Snacks,Crunchy Bite,SKU29150,3316,84,278544,0.0258,7186.44,271357.56,Retail Discount,No,Transfer,14
TRX2020539674,2020-06-26,Makassar,South Sulawesi,Makassar,Distributor,PT Maju Jaya Distribusi,OUT8290,Minimarket,SP208,Candy,Caramel Drop Candy,SKU44550,2440,12,29280,0.0626,1832.93,27447.07,Bundle Promo,No,Cash,3
TRX2020528866,2020-05-14,Makassar,South Sulawesi,Makassar,E-commerce,PT Global Snack Dist,OUT4369,Supermarket,SP528,Beverages,Nutri Grain Drink,SKU38080,37618,90,3385620,0.0897,303690.11,3081929.89,Bundle Promo,No,Transfer,14
TRX2020468149,2020-02-21,Surabaya,East Java,Surabaya,General Trade,PT Sinar Distribusi,OUT8659,Minimarket,SP970,Nuts,Honey Roasted Peanut,SKU63910,49691,151,7503341,0.0747,560499.57,6942841.43,Seasonal Promo,No,Cash,13
TRX2020963869,15/06/2020,Bandung,West Java,Bandung,General Trade,PT Sinar Distribusi,OUT5671,Online Store,SP742,Beverages,Energy Cocoa Drink,SKU97883,40122,95,3811590,0.0479,182575.16,3629014.84,None,No,Cash,6
TRX2020953106,2020-02-06,Semarang,Central Java,Semarang,Modern Trade,PT Nusantara Supply,OUT2114,Supermarket,SP200,Biscuits,Golden Cream Biscuit,SKU64739,18680,169,3156920,0.2278,719146.38,2437773.62,Retail Discount,No,Transfer,1
TRX2020807264,2020-07-24,Jakarta,DKI Jakarta,Jakarta,Distributor,PT Maju Jaya Distribusi,OUT5228,Online Store,SP794,Snacks,Spicy Curl,SKU73379,37939,113,4287107,0.0174,74595.66,4212511.34,Retail Discount,No,Cash,14
TRX2020802873,28/02/2020,Semarang,Central Java,Semarang,General Trade,PT Nusantara Supply,OUT1536,Traditional Store,SP576,Candy, Fruit Jelly Candy ,SKU89709,30263,21,635523,0.2384,151508.68,484014.32,,No,Cash,14
TRX2020938695,2020-12-27,Makassar,South Sulawesi,Makassar,Modern Trade,,OUT7040,Minimarket,SP145,Snacks,Savory Chips,SKU12372,24681,162,3998322,0.1606,642130.51,3356191.49,Bundle Promo,No,Cash,1
TRX2020307829,2020-03-01,Medan,North Sumatra,Medan,Distributor,PT Sinar Distribusi,OUT9589,Supermarket,SP572,Beverages,Choco Malt Drink,SKU26151,40616,129,5239464,0.1337,700516.34,4538947.66,Retail Discount,No,Transfer,3
TRX2020992647,30/11/2020,Surabaya,East Java,Surabaya,Modern Trade,PT Maju Jaya Distribusi,OUT2345,Online Store,SP111,Biscuits,Butter Crunch Biscuit,SKU41634,27320,159,4343880,0.0282,122497.42,4221382.58,,No,Transfer,10
TRX2020241516,17/09/2020,Medan,North Sumatra,Medan,Distributor,PT Global Snack Dist,OUT9655,Online Store,SP883,Beverages,Energy Cocoa Drink,SKU36294,25740,200,5148000,0.052,267696.0,4880304.0,None,No,Transfer,10
TRX2020349036,09/07/2020,Jakarta,DKI Jakarta,Jakarta,General Trade,,OUT1604,Online Store,SP254,Candy,Caramel Drop Candy,SKU38331,37866,147,5566302,0.0414,230444.9,5335857.1,Seasonal Promo,No,Credit Term,6
TRX2020574481,2020-11-24,Yogyakarta,DI Yogyakarta,Yogyakarta,E-commerce,PT Nusantara Supply,OUT5467,Online Store,SP663,Beverages,Choco Malt Drink,SKU67164,5712,98,559776,0.2319,129812.05,429963.95,None,No,Cash,12
TRX2020780521,08/04/2020,Medan,North Sumatra,Medan,Distributor,PT Maju Jaya Distribusi,OUT1494,Online Store,SP132,Snacks,Spicy Curl,SKU81005,22193,193,4283249,0.1178,504566.73,3778682.27,Retail Discount,No,Credit Term,4
TRX2020840542,2020-12-22,Palembang,South Sumatra,Palembang,Distributor,PT Maju Jaya Distribusi,OUT3528,Online Store,SP111,Biscuits,Butter Crunch Biscuit,SKU72772,38721,8,309768,0.2044,63316.58,246451.42,,No,Credit Term,8
TRX2020710064,07/03/2020,Palembang,South Sumatra,Palembang,E-commerce,PT Maju Jaya Distribusi,OUT7576,Minimarket,SP702,Beverages,Nutri Grain Drink,SKU99006,29179,147,4289313,0.0716,307114.81,3982198.19,Bundle Promo,No,Cash,6
TRX2020689074,18/04/2020,Jakarta,DKI Jakarta,Jakarta,Modern Trade,PT Maju Jaya Distribusi,OUT2586,Minimarket,SP763,Nuts,Salted Cashew Mix,SKU26800,33596,171,5744916,0.1204,691687.89,5053228.11,Retail Discount,No,Credit Term,7
TRX2020823255,14/02/2020,Semarang,Central Java,Semarang,Distributor,PT Global Snack Dist,OUT7137,Minimarket,SP821,Snacks,Crunchy Bite,SKU78525,4703,100,470300,0.0117,5502.51,464797.49,Retail Discount,No,Credit Term,3
TRX2020115761,23/05/2020,Makassar,South Sulawesi,Makassar,E-commerce,PT Nusantara Supply,OUT9863,Supermarket,SP984,Nuts,Honey Roasted Peanut,SKU73890,36664,106,3886384,0.1657,643973.83,3242410.17,Seasonal Promo,No,Credit Term,8
TRX2020913234,04/05/2020,Medan,North Sumatra,Medan,Modern Trade,PT Sinar Distribusi,OUT6050,Minimarket,SP270,Beverages,Choco Malt Drink,SKU66568,13617,174,2369358,0.0657,155666.82,2213691.18,None,No,Cash,13
TRX2020651999,10/12/2020,Semarang,Central Java,Semarang,General Trade,PT Sinar Distribusi,OUT9596,Supermarket,SP483,Beverages,Energy Cocoa Drink,SKU49068,14630,40,585200,0.2467,144368.84,440831.16,Seasonal Promo,No,Transfer,12
TRX2020911258,2020-05-20,Yogyakarta,DI Yogyakarta,Yogyakarta,Distributor,PT Global Snack Dist,OUT5972,Minimarket,SP811,Beverages,Nutri Grain Drink,SKU40990,9585,68,651780,0.1222,79647.52,572132.48,Seasonal Promo,No,Credit Term,11
TRX2020274472,08/06/2020,Bandung,West Java,Bandung,Modern Trade,PT Nusantara Supply,OUT7494,Online Store,SP316,Beverages, Nutri Grain Drink ,SKU14672,49531,18,891558,0.1704,151921.48,739636.52,,No,Cash,7
TRX2020354452,04/02/2020,Jakarta,DKI Jakarta,Jakarta,Modern Trade,PT Global Snack Dist,OUT1074,Traditional Store,SP681,Snacks,Crunchy Bite,SKU90842,29563,66,1951158,0.0481,93850.7,1857307.3,Retail Discount,No,Transfer,10
TRX2020532314,27/07/2020,Medan,North Sumatra,Medan,E-commerce,PT Sinar Distribusi,OUT4262,Online Store,SP965,Nuts,Honey Roasted Peanut,SKU83187,36878,79,2913362,0.1616,470799.3,2442562.7,Retail Discount,No,Cash,10
TRX2020188972,20/06/2020,Palembang,South Sumatra,Palembang,E-commerce,,OUT3866,Supermarket,SP404,Snacks, Crunchy Bite ,SKU95209,38657,172,6649004,0.0949,630990.48,6018013.52,Seasonal Promo,Yes,Transfer,14
TRX2020312131,26/11/2020,Yogyakarta,DI Yogyakarta,Yogyakarta,E-commerce,PT Nusantara Supply,OUT4440,Supermarket,SP871,Nuts,Honey Roasted Peanut,SKU79814,38477,46,1769942,0.217,384077.41,1385864.59,Seasonal Promo,No,Credit Term,1
TRX2020891921,2020-05-30,Jakarta,DKI Jakarta,Jakarta,Modern Trade,PT Maju Jaya Distribusi,OUT4905,Traditional Store,SP589,Candy,Caramel Drop Candy,SKU87715,11028,15,165420,0.209,34572.78,130847.22,Retail Discount,No,Credit Term,4
TRX2020240137,2020-09-25,Medan,North Sumatra,Medan,Distributor,PT Nusantara Supply,OUT5022,Traditional Store,SP342,Candy, Fruit Jelly Candy ,SKU84612,13965,76,1061340,0.1231,130650.95,930689.05,Seasonal Promo,No,Transfer,3
TRX2020182251,23/09/2020,Bandung,West Java,Bandung,Modern Trade,PT Sinar Distribusi,OUT9288,Traditional Store,SP162,Snacks,Crunchy Bite,SKU55064,23763,110,2613930,0.0215,56199.49,2557730.5,Bundle Promo,No,Cash,12
TRX2020901010,20/12/2020,Palembang,South Sumatra,Palembang,E-commerce,PT Nusantara Supply,OUT1391,Supermarket,SP871,Beverages,Choco Malt Drink,SKU19199,6619,105,694995,0.126,87569.37,607425.63,Retail Discount,No,Credit Term,6
TRX2020894139,12/06/2020,Yogyakarta,DI Yogyakarta,Yogyakarta,Distributor,PT Sinar Distribusi,OUT2298,Online Store,SP854,Snacks,Spicy Curl,SKU78263,28394,7,198758,0.1231,24467.11,174290.89,Seasonal Promo,No,Cash,8
TRX2020684055,21/02/2020,Surabaya,East Java,Surabaya,E-commerce,PT Sinar Distribusi,OUT9050,Online Store,SP268,Snacks,Crunchy Bite,SKU32377,7111,47,334217,0.1867,62398.31,271818.69,,Yes,Credit Term,12
TRX2020753491,2020-04-17,Yogyakarta,DI Yogyakarta,Yogyakarta,General Trade,PT Maju Jaya Distribusi,OUT5546,Traditional Store,SP534,Snacks,Spicy Curl,SKU88562,11976,136,1628736,0.2274,370374.57,1258361.43,Seasonal Promo,No,Transfer,4
TRX2020527205,2020-09-08,Semarang,Central Java,Semarang,Modern Trade,PT Maju Jaya Distribusi,OUT6856,Minimarket,SP161,Beverages,Energy Cocoa Drink,SKU37982,15962,14,223468,0.1213,27106.67,196361.33,None,No,Credit Term,10
TRX2020286142,2020-08-11,Palembang,South Sumatra,Palembang,E-commerce,PT Nusantara Supply,OUT4143,Traditional Store,SP651,Biscuits,Choco Delight Biscuit,SKU80712,47285,35,1654975,0.0041,6785.4,1648189.6,Bundle Promo,No,Cash,6
TRX2020411184,2020-05-11,Surabaya,East Java,Surabaya,General Trade,,OUT3225,Traditional Store,SP894,Biscuits,Butter Crunch Biscuit,SKU53942,42047,89,3742183,0.08,299374.64,3442808.36,,No,Cash,1
TRX2020705615,18/03/2020,Semarang,Central Java,Semarang,General Trade,PT Nusantara Supply,OUT2927,Online Store,SP796,Beverages,Choco Malt Drink,SKU57305,18858,11,207438,0.1357,28149.34,179288.66,,No,Transfer,5
TRX2020527305,23/02/2020,Palembang,South Sumatra,Palembang,E-commerce,PT Nusantara Supply,OUT8722,Traditional Store,SP571,Candy,Mint Pop Candy,SKU87485,22547,14,315658,0.2484,78409.45,237248.55,Retail Discount,No,Credit Term,14
TRX2020935556,14/10/2020,Yogyakarta,DI Yogyakarta,Yogyakarta,E-commerce,PT Maju Jaya Distribusi,OUT1719,Minimarket,SP162,Beverages,Nutri Grain Drink,SKU28459,37572,159,5973948,0.0896,535265.74,5438682.26,Bundle Promo,No,Credit Term,13
TRX2020418408,21/08/2020,Palembang,South Sumatra,Palembang,Distributor,,OUT3061,Traditional Store,SP873,Beverages,Energy Cocoa Drink,SKU61570,10945,37,404965,0.1842,74594.55,330370.45,Bundle Promo,No,Credit Term,1
TRX2020663433,25/06/2020,Medan,North Sumatra,Medan,E-commerce,,OUT2135,Online Store,SP288,Nuts,Salted Cashew Mix,SKU28491,49532,147,7281204,0.154,1121305.42,6159898.58,Retail Discount,No,Transfer,9
TRX2020219418,25/09/2020,Makassar,South Sulawesi,Makassar,General Trade,PT Maju Jaya Distribusi,OUT4090,Online Store,SP867,Beverages,Choco Malt Drink,SKU16125,33615,163,5479245,0.1829,1002153.91,4477091.09,None,No,Cash,3
TRX2020236628,2020-07-05,Palembang,South Sumatra,Palembang,E-commerce,,OUT8184,Online Store,SP153,Snacks,Spicy Curl,SKU83088,9308,3,27924,0.0126,351.84,27572.16,Seasonal Promo,No,Cash,2
TRX2020398846,04/08/2020,Medan,North Sumatra,Medan,General Trade,PT Nusantara Supply,OUT2910,Traditional Store,SP802,Snacks,Savory Chips,SKU10925,42844,141,6041004,0.0292,176397.32,5864606.68,,No,Cash,7
TRX2020201598,2020-12-31,Palembang,South Sumatra,Palembang,E-commerce,PT Nusantara Supply,OUT5020,Supermarket,SP695,Biscuits,Golden Cream Biscuit,SKU74555,33098,105,3475290,0.2013,699575.88,2775714.12,Retail Discount,No,Credit Term,8
TRX2020224956,2020-07-08,Bandung,West Java,Bandung,Modern Trade,PT Global Snack Dist,OUT8994,Online Store,SP125,Snacks,Crunchy Bite,SKU13753,17667,48,848016,0.0117,9921.79,838094.21,None,No,Cash,7
TRX2020592653,12/01/2020,Semarang,Central Java,Semarang,E-commerce,PT Sinar Distribusi,OUT1378,Minimarket,SP894,Snacks,Crunchy Bite,SKU71683,18855,18,339390,0.1093,37095.33,302294.67,None,Yes,Cash,12
TRX2020634904,2020-08-10,Yogyakarta,DI Yogyakarta,Yogyakarta,Modern Trade,PT Global Snack Dist,OUT2096,Online Store,SP346,Nuts,Spicy Peanut Mix,SKU77094,37646,131,4931626,0.0311,153373.57,4778252.43,Bundle Promo,No,Transfer,1
TRX2020942685,18/01/2020,Makassar,South Sulawesi,Makassar,General Trade,PT Sinar Distribusi,OUT4917,Online Store,SP590,Snacks,Crunchy Bite,SKU50730,42112,118,4969216,0.1013,503381.58,4465834.42,Bundle Promo,No,Credit Term,6
TRX2020263860,09/12/2020,Surabaya,East Java,Surabaya,E-commerce,,OUT7354,Minimarket,SP254,Candy,Caramel Drop Candy,SKU17686,12485,142,1772870,0.0475,84211.32,1688658.68,,No,Credit Term,2
TRX2020762651,06/05/2020,Yogyakarta,DI Yogyakarta,Yogyakarta,E-commerce,PT Maju Jaya Distribusi,OUT4207,Minimarket,SP570,Snacks,Savory Chips,SKU62582,49472,12,593664,0.2061,122354.15,471309.85,Seasonal Promo,No,Transfer,2
TRX2020526698,28/10/2020,Surabaya,East Java,Surabaya,E-commerce,PT Maju Jaya Distribusi,OUT1095,Minimarket,SP327,Biscuits,Choco Delight Biscuit,SKU41860,32768,67,2195456,0.1695,372129.79,1823326.21,,No,Credit Term,10
TRX2020620245,2020-06-17,Surabaya,East Java,Surabaya,Modern Trade,PT Maju Jaya Distribusi,OUT5058,Supermarket,SP113,Biscuits,Golden Cream Biscuit,SKU11459,39892,75,2991900,0.2468,738400.92,2253499.08,None,No,Cash,3
TRX2020506901,2020-01-11,Palembang,South Sumatra,Palembang,E-commerce,PT Maju Jaya Distribusi,OUT8073,Traditional Store,SP201,Biscuits,Butter Crunch Biscuit,SKU87586,13006,139,1807834,0.0072,13016.4,1794817.6,Bundle Promo,No,Cash,8
TRX2020111541,2020-11-05,Surabaya,East Java,Surabaya,General Trade,PT Global Snack Dist,OUT7701,Traditional Store,SP699,Nuts,Spicy Peanut Mix,SKU42271,42212,104,4390048,0.0934,410030.48,3980017.52,Seasonal Promo,No,Credit Term,5
TRX2020721183,02/08/2020,Yogyakarta,DI Yogyakarta,Yogyakarta,Distributor,PT Nusantara Supply,OUT3700,Minimarket,SP660,Biscuits,Choco Delight Biscuit,SKU55102,35880,110,3946800,0.1811,714765.48,3232034.52,Seasonal Promo,No,Credit Term,11
TRX2020512786,26/09/2020,Makassar,South Sulawesi,Makassar,Distributor,PT Global Snack Dist,OUT7118,Online Store,SP544,Snacks,Savory Chips,SKU21602,5246,70,367220,0.1906,69992.13,297227.87,,No,Credit Term,12
TRX2020409596,2020-09-05,Bandung,West Java,Bandung,Distributor,PT Maju Jaya Distribusi,OUT7735,Minimarket,SP640,Candy,Caramel Drop Candy,SKU97502,37315,102,3806130,0.2151,818698.56,2987431.44,,No,Credit Term,4
TRX2020885491,2020-02-27,Surabaya,East Java,Surabaya,E-commerce,PT Maju Jaya Distribusi,OUT7057,Online Store,SP616,Snacks,Crunchy Bite,SKU67728,32927,141,4642707,0.0894,415058.01,4227648.99,Seasonal Promo,Yes,Credit Term,8
TRX2020169250,20/07/2020,Medan,North Sumatra,Medan,Distributor,PT Sinar Distribusi,OUT2897,Supermarket,SP525,Beverages,Nutri Grain Drink,SKU15675,26154,160,4184640,0.0219,91643.62,4092996.38,Retail Discount,No,Cash,11
TRX2020623514,12/01/2020,Semarang,Central Java,Semarang,Distributor,PT Global Snack Dist,OUT2738,Supermarket,SP570,Snacks,Savory Chips,SKU95783,14586,193,2815098,0.0397,111759.39,2703338.61,Retail Discount,No,Credit Term,7
TRX2020857931,2020-09-06,Palembang,South Sumatra,Palembang,Modern Trade,,OUT1182,Minimarket,SP879,Snacks,Savory Chips,SKU54485,41562,19,789678,0.1646,129981.0,659697.0,Bundle Promo,No,Cash,11
TRX2020175686,2020-09-14,Yogyakarta,DI Yogyakarta,Yogyakarta,Distributor,,OUT2070,Traditional Store,SP913,Candy,Caramel Drop Candy,SKU64066,22952,74,1698448,0.2078,352937.49,1345510.51,Bundle Promo,No,Transfer,7
TRX2020972392,2020-02-09,Yogyakarta,DI Yogyakarta,Yogyakarta,Modern Trade,PT Nusantara Supply,OUT3902,Supermarket,SP284,Biscuits,Golden Cream Biscuit,SKU33549,20621,76,1567196,0.1862,291811.9,1275384.1,Bundle Promo,No,Cash,1
TRX2020552417,2020-04-29,Yogyakarta,DI Yogyakarta,Yogyakarta,General Trade,PT Maju Jaya Distribusi,OUT6598,Supermarket,SP336,Snacks,Spicy Curl,SKU52479,30259,100,3025900,0.1699,514100.41,2511799.59,,No,Cash,13
TRX2020404913,11/12/2020,Medan,North Sumatra,Medan,E-commerce,,OUT7177,Traditional Store,SP363,Beverages, Choco Malt Drink ,SKU83932,35595,150,5339250,0.2313,1234968.53,4104281.47,None,No,Transfer,6
TRX2020309691,03/02/2020,Medan,North Sumatra,Medan,Modern Trade,,OUT7258,Traditional Store,SP765,Biscuits,Choco Delight Biscuit,SKU40456,39412,21,827652,0.1611,133334.74,694317.26,Seasonal Promo,No,Cash,14
TRX2020397714,2020-03-27,Jakarta,DKI Jakarta,Jakarta,Modern Trade,PT Global Snack Dist,OUT1963,Online Store,SP293,Nuts,Salted Cashew Mix,SKU75319,31938,132,4215816,0.1927,812387.74,3403428.26,Retail Discount,No,Cash,11
TRX2020299820,2020-08-02,Yogyakarta,DI Yogyakarta,Yogyakarta,General Trade,PT Nusantara Supply,OUT4930,Supermarket,SP650,Candy,Mint Pop Candy,SKU88620,38630,73,2819990,0.1514,426946.49,2393043.51,Seasonal Promo,No,Transfer,14
TRX2020480537,2020-12-23,Palembang,South Sumatra,Palembang,General Trade,PT Nusantara Supply,OUT5934,Traditional Store,SP434,Beverages, Choco Malt Drink ,SKU55647,7981,102,814062,0.1546,125853.99,688208.01,Bundle Promo,No,Transfer,12
TRX2020164628,2020-12-24,Makassar,South Sulawesi,Makassar,General Trade,,OUT9836,Supermarket,SP328,Beverages, Energy Cocoa Drink ,SKU52596,4508,117,527436,0.2018,106436.58,420999.42,,No,Cash,7
TRX2020599371,2020-07-07,Makassar,South Sulawesi,Makassar,E-commerce,PT Maju Jaya Distribusi,OUT4603,Minimarket,SP273,Snacks,Spicy Curl,SKU40808,31940,109,3481460,0.2488,866187.25,2615272.75,,No,Cash,2
TRX2020782087,01/08/2020,Semarang,Central Java,Semarang,General Trade,,OUT7320,Minimarket,SP588,Snacks,Savory Chips,SKU75647,2031,193,391983,0.1504,58954.24,333028.76,Bundle Promo,No,Transfer,10
TRX2020537928,2020-08-29,Semarang,Central Java,Semarang,Modern Trade,PT Nusantara Supply,OUT6608,Supermarket,SP186,Candy,Caramel Drop Candy,SKU26104,31526,15,472890,0.099,46816.11,426073.89,None,No,Cash,8
TRX2020682349,2020-05-29,Semarang,Central Java,Semarang,E-commerce,PT Nusantara Supply,OUT5452,Online Store,SP847,Biscuits,Golden Cream Biscuit,SKU19511,5948,32,190336,0.1647,31348.34,158987.66,,No,Cash,6
TRX2020365286,21/11/2020,Bandung,West Java,Bandung,General Trade,PT Nusantara Supply,OUT2847,Supermarket,SP705,Beverages,Choco Malt Drink,SKU90832,21981,152,3341112,0.1089,363847.1,2977264.9,Bundle Promo,No,Credit Term,5
TRX2020522295,2020-12-02,Semarang,Central Java,Semarang,Modern Trade,PT Maju Jaya Distribusi,OUT8866,Supermarket,SP307,Beverages,Choco Malt Drink,SKU11558,42063,12,504756,0.0617,31143.45,473612.55,,No,Transfer,9
TRX2020309691,2020-09-30,Makassar,South Sulawesi,Makassar,Distributor,PT Maju Jaya Distribusi,OUT8947,Online Store,SP466,Candy,Caramel Drop Candy,SKU52427,21997,18,395946,0.1832,72537.31,323408.69,Retail Discount,No,Credit Term,1
TRX2020750560,2020-03-20,Palembang,South Sumatra,Palembang,Modern Trade,PT Global Snack Dist,OUT2607,Minimarket,SP427,Nuts,Salted Cashew Mix,SKU50440,47668,100,4766800,0.0545,259790.6,4507009.4,Seasonal Promo,No,Transfer,3
TRX2020179665,2020-06-30,Palembang,South Sumatra,Palembang,Modern Trade,PT Nusantara Supply,OUT4936,Traditional Store,SP600,Nuts,Honey Roasted Peanut,SKU18774,41037,58,2380146,0.1023,243488.94,2136657.06,,No,Credit Term,1
TRX2020899487,2020-05-24,Semarang,Central Java,Semarang,General Trade,PT Maju Jaya Distribusi,OUT1515,Supermarket,SP919,Biscuits,Golden Cream Biscuit,SKU92218,13767,47,647049,0.0002,129.41,646919.59,Seasonal Promo,No,Transfer,3
TRX2020506153,2020-01-07,Bandung,West Java,Bandung,E-commerce,PT Maju Jaya Distribusi,OUT7166,Traditional Store,SP722,Snacks,Crunchy Bite,SKU61304,14122,99,1398078,0.1422,198806.69,1199271.31,,No,Cash,11
TRX2020528152,18/12/2020,Medan,North Sumatra,Medan,Modern Trade,,OUT3266,Online Store,SP899,Snacks,Crunchy Bite,SKU81767,46377,152,7049304,0.0475,334841.94,6714462.06,Bundle Promo,No,Credit Term,3
TRX2020309691,2020-04-23,Palembang,South Sumatra,Palembang,Modern Trade,PT Global Snack Dist,OUT4267,Supermarket,SP535,Snacks,Spicy Curl,SKU75400,20883,144,3007152,0.2126,639320.52,2367831.48,Retail Discount,No,Credit Term,4
TRX2020170087,22/09/2020,Semarang,Central Java,Semarang,Modern Trade,PT Nusantara Supply,OUT9427,Supermarket,SP770,Nuts,Honey Roasted Peanut,SKU32139,6170,147,906990,0.114,103396.86,803593.14,Seasonal Promo,No,Transfer,2
TRX2020323916,06/08/2020,Bandung,West Java,Bandung,General Trade,,OUT5557,Online Store,SP929,Snacks,Spicy Curl,SKU41119,33084,17,562428,0.1508,84814.14,477613.86,None,No,Transfer,9
TRX2020708080,2020-04-26,Makassar,South Sulawesi,Makassar,Distributor,PT Nusantara Supply,OUT1156,Minimarket,SP820,Nuts,Honey Roasted Peanut,SKU35471,29686,155,4601330,0.1929,887596.56,3713733.44,Bundle Promo,No,Cash,4
TRX2020905470,19/11/2020,Semarang,Central Java,Semarang,Modern Trade,PT Global Snack Dist,OUT4766,Traditional Store,SP612,Beverages,Energy Cocoa Drink,SKU15690,49858,109,5434522,0.2243,1218963.28,4215558.72,Retail Discount,No,Transfer,4
TRX2020476701,2020-07-08,Jakarta,DKI Jakarta,Jakarta,General Trade,PT Maju Jaya Distribusi,OUT9413,Traditional Store,SP573,Candy,Caramel Drop Candy,SKU98788,9048,84,760032,0.117,88923.74,671108.26,Seasonal Promo,No,Transfer,13
TRX2020626659,27/11/2020,Bandung,West Java,Bandung,E-commerce,PT Sinar Distribusi,OUT2808,Supermarket,SP147,Beverages,Choco Malt Drink,SKU85353,22428,15,336420,0.1304,43869.17,292550.83,Bundle Promo,No,Cash,5
TRX2020575070,2020-07-21,Bandung,West Java,Bandung,Distributor,PT Maju Jaya Distribusi,OUT2750,Minimarket,SP382,Nuts,Spicy Peanut Mix,SKU89813,21887,157,3436259,0.2099,721270.76,2714988.24,Seasonal Promo,No,Cash,3
TRX2020270638,2020-03-13,Semarang,Central Java,Semarang,Modern Trade,PT Sinar Distribusi,OUT1199,Supermarket,SP348,Biscuits,Choco Delight Biscuit,SKU43741,9485,175,1659875,0.0519,86147.51,1573727.49,Seasonal Promo,Yes,Cash,10
TRX2020710885,28/05/2020,Jakarta,DKI Jakarta,Jakarta,E-commerce,PT Nusantara Supply,OUT9155,Traditional Store,SP299,Candy,Fruit Jelly Candy,SKU45444,42912,135,5793120,0.2343,1357328.02,4435791.98,None,No,Credit Term,10
TRX2020675509,2020-09-08,Palembang,South Sumatra,Palembang,E-commerce,PT Maju Jaya Distribusi,OUT7107,Supermarket,SP209,Nuts,Honey Roasted Peanut,SKU32682,2599,119,309281,0.2416,74722.29,234558.71,,No,Credit Term,14
TRX2020912884,2020-11-17,Semarang,Central Java,Semarang,E-commerce,PT Nusantara Supply,OUT9867,Minimarket,SP347,Beverages, Choco Malt Drink ,SKU37808,45370,13,589810,0.1462,86230.22,503579.78,None,No,Cash,10
TRX2020359411,29/02/2020,Makassar,South Sulawesi,Makassar,E-commerce,PT Maju Jaya Distribusi,OUT5069,Minimarket,SP345,Beverages,Choco Malt Drink,SKU42463,15088,174,2625312,0.1486,390121.36,2235190.64,,No,Credit Term,11
TRX2020312897,2020-04-26,Semarang,Central Java,Semarang,General Trade,PT Sinar Distribusi,OUT8590,Minimarket,SP307,Biscuits,Butter Crunch Biscuit,SKU75379,35643,35,1247505,0.1526,190369.26,1057135.74,None,No,Transfer,6
TRX2020966578,2020-05-08,Palembang,South Sumatra,Palembang,Distributor,PT Maju Jaya Distribusi,OUT4531,Online Store,SP338,Nuts, Honey Roasted Peanut ,SKU56258,28507,149,4247543,0.1693,719109.03,3528433.97,,No,Credit Term,11
TRX2020518181,2020-10-28,Surabaya,East Java,Surabaya,E-commerce,,OUT9467,Online Store,SP199,Candy,Fruit Jelly Candy,SKU53357,5053,170,859010,0.2121,182196.02,676813.98,None,No,Transfer,10
TRX2020996004,22/03/2020,Semarang,Central Java,Semarang,E-commerce,PT Maju Jaya Distribusi,OUT2648,Online Store,SP872,Snacks,Crunchy Bite,SKU48807,31634,8,253072,0.1813,45881.95,207190.05,Retail Discount,No,Cash,8
TRX2020971647,2020-11-30,Semarang,Central Java,Semarang,E-commerce,PT Sinar Distribusi,OUT8177,Supermarket,SP819,Beverages,Energy Cocoa Drink,SKU60960,24485,105,2570925,0.1574,404663.6,2166261.4,Retail Discount,No,Credit Term,7
TRX2020597767,2020-09-18,Medan,North Sumatra,Medan,General Trade,PT Global Snack Dist,OUT8851,Supermarket,SP731,Biscuits,Golden Cream Biscuit,SKU77273,18182,81,1472742,0.2187,322088.68,1150653.32,Bundle Promo,No,Cash,12
TRX2020533692,02/03/2020,Medan,North Sumatra,Medan,Distributor,PT Nusantara Supply,OUT8182,Supermarket,SP461,Candy,Fruit Jelly Candy,SKU39304,8106,43,348558,0.1278,44545.71,304012.29,Seasonal Promo,No,Transfer,2
TRX2020621811,2020-06-28,Palembang,South Sumatra,Palembang,Modern Trade,PT Global Snack Dist,OUT6483,Traditional Store,SP129,Beverages,Choco Malt Drink,SKU12130,10692,164,1753488,0.2352,412420.38,1341067.62,,No,Cash,12
TRX2020721741,17/01/2020,Palembang,South Sumatra,Palembang,E-commerce,,OUT7246,Online Store,SP830,Snacks,Spicy Curl,SKU41517,17800,2,35600,0.0536,1908.16,33691.84,Retail Discount,No,Credit Term,7
TRX2020360422,2020-08-23,Palembang,South Sumatra,Palembang,General Trade,PT Global Snack Dist,OUT1833,Online Store,SP545,Nuts, Spicy Peanut Mix ,SKU74701,11320,55,622600,0.0823,51239.98,571360.02,Seasonal Promo,No,Cash,10
TRX2020307218,2020-06-17,Jakarta,DKI Jakarta,Jakarta,General Trade,PT Global Snack Dist,OUT7900,Traditional Store,SP918,Beverages,Choco Malt Drink,SKU15180,48397,16,774352,0.1252,96948.87,677403.13,Retail Discount,No,Transfer,8
TRX2020770904,03/05/2020,Yogyakarta,DI Yogyakarta,Yogyakarta,E-commerce,PT Maju Jaya Distribusi,OUT4086,Online Store,SP652,Beverages,Nutri Grain Drink,SKU93526,9915,150,1487250,0.2295,341323.88,1145926.12,Seasonal Promo,No,Cash,14
TRX2020684225,16/01/2020,Jakarta,DKI Jakarta,Jakarta,General Trade,,OUT4743,Supermarket,SP575,Candy,Mint Pop Candy,SKU72637,13720,175,2401000,0.2078,498927.8,1902072.2,,No,Credit Term,1
TRX2020306980,02/07/2020,Bandung,West Java,Bandung,E-commerce,,OUT1975,Online Store,SP290,Candy,Mint Pop Candy,SKU85053,31750,132,4191000,0.0555,232600.5,3958399.5,Retail Discount,No,Cash,5
TRX2020916356,2020-06-18,Palembang,South Sumatra,Palembang,Modern Trade,PT Nusantara Supply,OUT6971,Supermarket,SP899,Beverages,Energy Cocoa Drink,SKU17797,23470,143,3356210,0.1483,497725.94,2858484.06,Bundle Promo,No,Transfer,6
TRX2020629841,10/04/2020,Yogyakarta,DI Yogyakarta,Yogyakarta,E-commerce,PT Maju Jaya Distribusi,OUT5199,Supermarket,SP433,Biscuits,Golden Cream Biscuit,SKU43756,33746,76,2564696,0.1022,262111.93,2302584.07,Seasonal Promo,No,Transfer,11
TRX2020343762,2020-01-23,Medan,North Sumatra,Medan,Distributor,PT Global Snack Dist,OUT5878,Minimarket,SP982,Nuts,Spicy Peanut Mix,SKU99477,32180,106,3411080,0.2314,789323.91,2621756.09,None,No,Credit Term,9
TRX2020797779,05/04/2020,Surabaya,East Java,Surabaya,Distributor,PT Sinar Distribusi,OUT4425,Online Store,SP735,Beverages,Energy Cocoa Drink,SKU40918,32108,124,3981392,0.1396,555802.32,3425589.68,,No,Credit Term,11
TRX2020439134,08/06/2020,Medan,North Sumatra,Medan,E-commerce,PT Maju Jaya Distribusi,OUT9521,Minimarket,SP948,Snacks,Savory Chips,SKU70300,5907,115,679305,0.1698,115345.99,563959.01,Seasonal Promo,No,Credit Term,6
TRX2020239139,17/10/2020,Medan,North Sumatra,Medan,Distributor,,OUT5463,Supermarket,SP648,Nuts,Salted Cashew Mix,SKU56947,23905,83,1984115,0.2062,409124.51,1574990.49,,No,Transfer,3
TRX2020366466,2020-05-06,Surabaya,East Java,Surabaya,Modern Trade,,OUT4115,Online Store,SP476,Candy,Fruit Jelly Candy,SKU25160,14677,106,1555762,0.1958,304618.2,1251143.8,Seasonal Promo,No,Cash,2
TRX2020889697,2020-10-24,Palembang,South Sumatra,Palembang,Distributor,PT Nusantara Supply,OUT8803,Supermarket,SP276,Nuts,Salted Cashew Mix,SKU40846,16208,196,3176768,0.2136,678557.64,2498210.36,Seasonal Promo,No,Credit Term,11
TRX2020898377,2020-10-10,Surabaya,East Java,Surabaya,Distributor,,OUT4651,Traditional Store,SP689,Biscuits,Butter Crunch Biscuit,SKU15531,32605,106,3456130,0.1559,538810.67,2917319.33,,No,Credit Term,3
TRX2020781624,2020-06-13,Surabaya,East Java,Surabaya,Distributor,,OUT7104,Supermarket,SP431,Nuts, Spicy Peanut Mix ,SKU30433,32682,95,3104790,0.1201,372885.28,2731904.72,Seasonal Promo,No,Credit Term,4
TRX2020568434,2020-01-05,Makassar,South Sulawesi,Makassar,Distributor,PT Nusantara Supply,OUT5687,Minimarket,SP806,Candy,Mint Pop Candy,SKU98442,49198,91,4477018,0.1285,575296.81,3901721.19,None,No,Credit Term,13
TRX2020280196,27/12/2020,Yogyakarta,DI Yogyakarta,Yogyakarta,Modern Trade,PT Sinar Distribusi,OUT6286,Traditional Store,SP497,Beverages, Energy Cocoa Drink ,SKU13702,32000,148,4736000,0.1057,500595.2,4235404.8,Retail Discount,No,Cash,4
TRX2020570537,30/05/2020,Palembang,South Sumatra,Palembang,Modern Trade,PT Maju Jaya Distribusi,OUT6458,Online Store,SP262,Candy,Caramel Drop Candy,SKU94156,15370,158,2428460,0.2003,486420.54,1942039.46,Bundle Promo,No,Cash,3
TRX2020786351,2020-02-19,Yogyakarta,DI Yogyakarta,Yogyakarta,E-commerce,PT Global Snack Dist,OUT2597,Online Store,SP407,Biscuits,Choco Delight Biscuit,SKU13536,46898,87,4080126,0.1859,758495.42,3321630.58,,No,Transfer,3
TRX2020253394,2020-03-10,Surabaya,East Java,Surabaya,E-commerce,PT Maju Jaya Distribusi,OUT3922,Supermarket,SP153,Snacks,Spicy Curl,SKU13976,48749,113,5508637,0.2495,1374404.93,4134232.07,Seasonal Promo,No,Cash,7
TRX2020162580,2020-10-08,Surabaya,East Java,Surabaya,Distributor,PT Global Snack Dist,OUT1347,Supermarket,SP278,Candy,Mint Pop Candy,SKU58602,8912,48,427776,0.1754,75031.91,352744.09,,No,Credit Term,5
TRX2020426443,2020-11-02,Semarang,Central Java,Semarang,E-commerce,PT Global Snack Dist,OUT4152,Minimarket,SP772,Biscuits,Golden Cream Biscuit,SKU25339,36981,120,4437720,0.1228,544952.02,3892767.98,Bundle Promo,Yes,Transfer,1
TRX2020438947,2020-10-03,Bandung,West Java,Bandung,Distributor,,OUT7264,Traditional Store,SP371,Biscuits,Butter Crunch Biscuit,SKU73976,18609,152,2828568,0.2076,587210.72,2241357.28,Bundle Promo,No,Credit Term,14
TRX2020605476,29/03/2020,Makassar,South Sulawesi,Makassar,E-commerce,PT Maju Jaya Distribusi,OUT3411,Minimarket,SP966,Beverages,Nutri Grain Drink,SKU59333,19618,172,3374296,0.06,202457.76,3171838.24,Bundle Promo,No,Credit Term,5
TRX2020919441,27/04/2020,Palembang,South Sumatra,Palembang,Modern Trade,,OUT1862,Online Store,SP667,Candy,Mint Pop Candy,SKU77112,16159,49,791791,0.031,24545.52,767245.48,Bundle Promo,No,Credit Term,5
TRX2020515055,17/11/2020,Jakarta,DKI Jakarta,Jakarta,Distributor,PT Sinar Distribusi,OUT5989,Online Store,SP395,Beverages,Energy Cocoa Drink,SKU20335,32049,84,2692116,0.2478,667106.34,2025009.66,,No,Credit Term,14
TRX2020672668,2020-12-04,Palembang,South Sumatra,Palembang,Distributor,,OUT3516,Traditional Store,SP263,Beverages,Nutri Grain Drink,SKU70832,4843,51,246993,0.1627,40185.76,206807.24,None,No,Credit Term,9
TRX2020509409,2020-10-14,Semarang,Central Java,Semarang,Distributor,PT Maju Jaya Distribusi,OUT4327,Online Store,SP386,Candy,Caramel Drop Candy,SKU43960,13127,156,2047812,0.0912,186760.45,1861051.55,Retail Discount,No,Cash,7
TRX2020368313,18/09/2020,Bandung,West Java,Bandung,Modern Trade,PT Global Snack Dist,OUT4159,Traditional Store,SP358,Snacks,Crunchy Bite,SKU63179,15231,193,2939583,0.14,411541.62,2528041.38,Bundle Promo,No,Cash,12
TRX2020745936,16/12/2020,Bandung,West Java,Bandung,Modern Trade,,OUT4341,Minimarket,SP708,Candy,Fruit Jelly Candy,SKU28314,18421,12,221052,0.1997,44144.08,176907.92,Bundle Promo,No,Cash,7
TRX2020423390,2020-09-08,Palembang,South Sumatra,Palembang,General Trade,PT Nusantara Supply,OUT6447,Traditional Store,SP724,Beverages,Choco Malt Drink,SKU16367,35307,107,3777849,0.2201,831504.56,2946344.44,,No,Transfer,2
TRX2020135486,2020-05-16,Medan,North Sumatra,Medan,General Trade,,OUT1027,Traditional Store,SP152,Nuts,Spicy Peanut Mix,SKU29497,9996,6,59976,0.1622,9728.11,50247.89,Retail Discount,No,Transfer,5
TRX2020634383,2020-04-03,Medan,North Sumatra,Medan,Modern Trade,PT Maju Jaya Distribusi,OUT4003,Traditional Store,SP665,Candy, Mint Pop Candy ,SKU92423,32765,23,753595,0.0652,49134.39,704460.61,None,No,Credit Term,8
TRX2020112590,23/02/2020,Semarang,Central Java,Semarang,Distributor,,OUT7689,Traditional Store,SP939,Nuts,Honey Roasted Peanut,SKU29810,34917,65,2269605,0.2485,563996.84,1705608.16,Retail Discount,Yes,Transfer,6
TRX2020470740,12/11/2020,Palembang,South Sumatra,Palembang,E-commerce,PT Maju Jaya Distribusi,OUT1726,Supermarket,SP625,Beverages,Nutri Grain Drink,SKU55108,45549,17,774333,0.0848,65663.44,708669.56,Seasonal Promo,Yes,Credit Term,9
TRX2020731120,2020-12-29,Palembang,South Sumatra,Palembang,Distributor,PT Sinar Distribusi,OUT9567,Online Store,SP978,Candy,Fruit Jelly Candy,SKU58927,18955,181,3430855,0.1726,592165.57,2838689.43,Seasonal Promo,No,Cash,6
TRX2020741443,20/10/2020,Palembang,South Sumatra,Palembang,Modern Trade,PT Sinar Distribusi,OUT9070,Minimarket,SP386,Beverages,Choco Malt Drink,SKU31777,19622,159,3119898,0.1285,400906.89,2718991.11,,No,Transfer,13
TRX2020324837,2020-03-06,Surabaya,East Java,Surabaya,Distributor,PT Nusantara Supply,OUT1708,Online Store,SP330,Candy,Mint Pop Candy,SKU22776,35301,77,2718177,0.0985,267740.43,2450436.57,,No,Credit Term,12
TRX2020393202,14/01/2020,Jakarta,DKI Jakarta,Jakarta,Distributor,PT Global Snack Dist,OUT1928,Supermarket,SP195,Nuts,Honey Roasted Peanut,SKU67810,23200,135,3132000,0.0562,176018.4,2955981.6,,No,Cash,11
TRX2020628789,30/03/2020,Surabaya,East Java,Surabaya,Distributor,PT Maju Jaya Distribusi,OUT4599,Online Store,SP934,Beverages,Nutri Grain Drink,SKU50706,28957,11,318527,0.1345,42841.88,275685.12,None,No,Cash,6
TRX2020229478,2020-07-30,Medan,North Sumatra,Medan,Modern Trade,PT Maju Jaya Distribusi,OUT8051,Minimarket,SP529,Nuts,Salted Cashew Mix,SKU45978,10999,18,197982,0.0613,12136.3,185845.7,,No,Cash,5
TRX2020309691,2020-05-30,Makassar,South Sulawesi,Makassar,Distributor,PT Sinar Distribusi,OUT4275,Online Store,SP184,Beverages,Choco Malt Drink,SKU79270,46943,40,1877720,0.1202,225701.94,1652018.06,Bundle Promo,No,Credit Term,2
TRX2020610571,02/07/2020,Makassar,South Sulawesi,Makassar,E-commerce,PT Nusantara Supply,OUT1882,Traditional Store,SP378,Beverages,Nutri Grain Drink,SKU90830,43073,115,4953395,0.2099,1039717.61,3913677.39,Bundle Promo,No,Transfer,4
TRX2020722132,22/09/2020,Jakarta,DKI Jakarta,Jakarta,General Trade,PT Maju Jaya Distribusi,OUT5221,Traditional Store,SP304,Nuts,Honey Roasted Peanut,SKU65134,2718,37,100566,0.077,7743.58,92822.42,None,No,Transfer,4
TRX2020578214,16/06/2020,Bandung,West Java,Bandung,E-commerce,PT Nusantara Supply,OUT3380,Minimarket,SP327,Nuts,Salted Cashew Mix,SKU83262,11902,32,380864,0.0542,20642.83,360221.17,,No,Cash,11
TRX2020628193,02/09/2020,Bandung,West Java,Bandung,Distributor,PT Sinar Distribusi,OUT7515,Minimarket,SP558,Snacks,Crunchy Bite,SKU32610,10716,192,2057472,0.1617,332693.22,1724778.78,None,No,Cash,10
TRX2020609422,11/09/2020,Yogyakarta,DI Yogyakarta,Yogyakarta,Distributor,PT Sinar Distribusi,OUT4896,Supermarket,SP511,Candy,Fruit Jelly Candy,SKU72313,21248,84,1784832,0.1761,314308.92,1470523.08,,No,Cash,7
TRX2020850723,2020-12-30,Jakarta,DKI Jakarta,Jakarta,General Trade,PT Sinar Distribusi,OUT5146,Supermarket,SP490,Nuts,Honey Roasted Peanut,SKU51528,45187,36,1626732,0.0852,138597.57,1488134.43,Bundle Promo,No,Credit Term,9
TRX2020127212,2020-10-22,Surabaya,East Java,Surabaya,E-commerce,PT Global Snack Dist,OUT5449,Minimarket,SP881,Snacks,Crunchy Bite,SKU45788,23802,42,999684,0.0369,36888.34,962795.66,Retail Discount,No,Cash,14
TRX2020409721,2020-12-05,Bandung,West Java,Bandung,Distributor,PT Maju Jaya Distribusi,OUT2533,Traditional Store,SP347,Candy,Mint Pop Candy,SKU80625,5704,52,296608,0.1655,49088.62,247519.38,None,No,Credit Term,13
TRX2020291519,13/08/2020,Semarang,Central Java,Semarang,Distributor,PT Sinar Distribusi,OUT9294,Online Store,SP432,Candy,Caramel Drop Candy,SKU56378,35971,38,1366898,0.1204,164574.52,1202323.48,,No,Credit Term,3
TRX2020830737,10/01/2020,Bandung,West Java,Bandung,Distributor,PT Maju Jaya Distribusi,OUT9526,Supermarket,SP778,Nuts,Honey Roasted Peanut,SKU16969,45861,195,8942895,0.13,1162576.35,7780318.65,Retail Discount,No,Transfer,6
TRX2020420948,29/11/2020,Makassar,South Sulawesi,Makassar,E-commerce,PT Maju Jaya Distribusi,OUT3121,Online Store,SP847,Snacks,Spicy Curl,SKU56805,25017,193,4828281,0.1291,623331.08,4204949.92,Retail Discount,No,Transfer,13
TRX2020631799,03/11/2020,Bandung,West Java,Bandung,General Trade,PT Sinar Distribusi,OUT9797,Online Store,SP288,Beverages,Energy Cocoa Drink,SKU77024,38639,133,5138987,0.2335,1199953.46,3939033.54,None,No,Transfer,13
TRX2020189519,2020-12-11,Surabaya,East Java,Surabaya,E-commerce,PT Global Snack Dist,OUT2934,Traditional Store,SP102,Biscuits,Choco Delight Biscuit,SKU23740,43871,84,3685164,0.0305,112397.5,3572766.5,None,No,Cash,7
TRX2020169927,2020-02-02,Makassar,South Sulawesi,Makassar,Modern Trade,PT Nusantara Supply,OUT4061,Supermarket,SP697,Nuts,Salted Cashew Mix,SKU18648,30354,193,5858322,0.0956,560055.58,5298266.42,Bundle Promo,No,Transfer,10
TRX2020639584,2020-02-09,Bandung,West Java,Bandung,Modern Trade,PT Global Snack Dist,OUT7889,Traditional Store,SP281,Beverages,Nutri Grain Drink,SKU84778,13344,90,1200960,0.2261,271537.06,929422.94,,No,Transfer,12
TRX2020715336,06/03/2020,Surabaya,East Java,Surabaya,General Trade,,OUT4305,Supermarket,SP527,Nuts,Salted Cashew Mix,SKU18927,18227,103,1877381,0.1118,209891.2,1667489.8,Retail Discount,No,Cash,12
TRX2020977581,2020-08-04,Surabaya,East Java,Surabaya,E-commerce,,OUT6071,Supermarket,SP399,Biscuits,Butter Crunch Biscuit,SKU40671,20942,37,774854,0.1783,138156.47,636697.53,Retail Discount,Yes,Cash,4
TRX2020645747,01/09/2020,Medan,North Sumatra,Medan,Modern Trade,,OUT3172,Supermarket,SP902,Biscuits,Golden Cream Biscuit,SKU37038,49646,24,1191504,0.2012,239730.6,951773.4,Retail Discount,No,Cash,4
TRX2020969241,2020-08-01,Makassar,South Sulawesi,Makassar,E-commerce,,OUT9189,Traditional Store,SP593,Biscuits,Butter Crunch Biscuit,SKU29732,45782,101,4623982,0.2489,1150909.12,3473072.88,Bundle Promo,No,Transfer,6
TRX2020851718,19/02/2020,Surabaya,East Java,Surabaya,General Trade,,OUT4286,Minimarket,SP433,Beverages,Energy Cocoa Drink,SKU69247,28015,175,4902625,0.1376,674601.2,4228023.8,Seasonal Promo,No,Credit Term,10
TRX2020873293,05/01/2020,Makassar,South Sulawesi,Makassar,E-commerce,PT Nusantara Supply,OUT2873,Traditional Store,SP961,Snacks,Spicy Curl,SKU90805,25336,27,684072,0.2201,150564.25,533507.75,Seasonal Promo,No,Cash,7
TRX2020634421,2020-10-22,Medan,North Sumatra,Medan,Modern Trade,PT Nusantara Supply,OUT7570,Minimarket,SP968,Candy,Mint Pop Candy,SKU30793,32847,194,6372318,0.0161,102594.32,6269723.68,None,No,Credit Term,14
TRX2020373966,2020-03-27,Palembang,South Sumatra,Palembang,Modern Trade,PT Nusantara Supply,OUT1578,Supermarket,SP278,Snacks,Crunchy Bite,SKU14081,15142,58,878236,0.0285,25029.73,853206.27,Retail Discount,No,Cash,3
TRX2020305799,26/11/2020,Surabaya,East Java,Surabaya,General Trade,PT Nusantara Supply,OUT9953,Online Store,SP927,Snacks,Spicy Curl,SKU58275,42022,74,3109628,0.1589,494119.89,2615508.11,Seasonal Promo,No,Credit Term,12
TRX2020322548,2020-05-05,Semarang,Central Java,Semarang,E-commerce,PT Maju Jaya Distribusi,OUT8186,Supermarket,SP456,Snacks,Savory Chips,SKU19327,26676,74,1974024,0.0412,81329.79,1892694.21,Seasonal Promo,No,Transfer,5
TRX2020637036,2020-08-11,Yogyakarta,DI Yogyakarta,Yogyakarta,Distributor,PT Global Snack Dist,OUT9330,Minimarket,SP257,Nuts,Honey Roasted Peanut,SKU40342,39121,6,234726,0.0806,18918.92,215807.08,Bundle Promo,No,Transfer,4
TRX2020578205,2020-11-22,Makassar,South Sulawesi,Makassar,General Trade,PT Maju Jaya Distribusi,OUT2223,Supermarket,SP142,Nuts,Salted Cashew Mix,SKU34596,16310,126,2055060,0.191,392516.46,1662543.54,Seasonal Promo,No,Credit Term,13
TRX2020578538,19/09/2020,Makassar,South Sulawesi,Makassar,E-commerce,PT Maju Jaya Distribusi,OUT4963,Supermarket,SP819,Biscuits,Choco Delight Biscuit,SKU79103,23355,76,1774980,0.0654,116083.69,1658896.31,Seasonal Promo,No,Cash,8
TRX2020946334,25/01/2020,Medan,North Sumatra,Medan,E-commerce,PT Maju Jaya Distribusi,OUT5749,Supermarket,SP616,Beverages,Nutri Grain Drink,SKU68479,44750,154,6891500,0.199,1371408.5,5520091.5,None,No,Cash,7
TRX2020478882,01/02/2020,Yogyakarta,DI Yogyakarta,Yogyakarta,Modern Trade,PT Global Snack Dist,OUT3447,Supermarket,SP494,Nuts,Honey Roasted Peanut,SKU94050,7754,193,1496522,0.2495,373382.24,1123139.76,None,No,Credit Term,2
TRX2020320260,2020-07-03,Yogyakarta,DI Yogyakarta,Yogyakarta,Modern Trade,PT Global Snack Dist,OUT8310,Traditional Store,SP182,Candy,Fruit Jelly Candy,SKU46841,9578,47,450166,0.1851,83325.73,366840.27,None,No,Credit Term,12
TRX2020463012,30/07/2020,Semarang,Central Java,Semarang,Modern Trade,PT Sinar Distribusi,OUT2097,Traditional Store,SP814,Biscuits, Golden Cream Biscuit ,SKU57614,14848,139,2063872,0.0579,119498.19,1944373.81,,No,Cash,6
TRX2020184201,25/10/2020,Yogyakarta,DI Yogyakarta,Yogyakarta,General Trade,,OUT8723,Minimarket,SP654,Nuts,Salted Cashew Mix,SKU28434,45571,104,4739384,0.2081,986265.81,3753118.19,None,No,Cash,14
TRX2020454159,2020-11-25,Palembang,South Sumatra,Palembang,E-commerce,,OUT4365,Online Store,SP257,Beverages, Energy Cocoa Drink ,SKU95391,46945,87,4084215,0.1453,593436.44,3490778.56,Seasonal Promo,No,Credit Term,10
TRX2020309691,2020-05-31,Semarang,Central Java,Semarang,E-commerce,PT Global Snack Dist,OUT6865,Minimarket,SP754,Candy,Mint Pop Candy,SKU58205,36396,82,2984472,0.1123,335156.21,2649315.79,,No,Transfer,9
TRX2020274876,03/06/2020,Makassar,South Sulawesi,Makassar,Distributor,PT Sinar Distribusi,OUT2299,Minimarket,SP884,Beverages,Choco Malt Drink,SKU47633,38028,20,760560,0.0303,23044.97,737515.03,None,No,Transfer,4
TRX2020476817,06/06/2020,Medan,North Sumatra,Medan,E-commerce,PT Nusantara Supply,OUT8675,Online Store,SP278,Candy,Fruit Jelly Candy,SKU55863,8501,177,1504677,0.0183,27535.59,1477141.41,None,No,Cash,1
TRX2020482744,2020-06-20,Semarang,Central Java,Semarang,Distributor,PT Global Snack Dist,OUT9981,Supermarket,SP116,Candy,Caramel Drop Candy,SKU18201,33872,87,2946864,0.1685,496546.58,2450317.42,Bundle Promo,No,Transfer,13
TRX2020896588,13/10/2020,Makassar,South Sulawesi,Makassar,E-commerce,PT Nusantara Supply,OUT6640,Traditional Store,SP932,Candy,Mint Pop Candy,SKU67036,44286,128,5668608,0.1276,723314.38,4945293.62,None,No,Transfer,12
TRX2020371346,2020-03-17,Surabaya,East Java,Surabaya,E-commerce,PT Global Snack Dist,OUT6814,Minimarket,SP508,Biscuits, Golden Cream Biscuit ,SKU86104,48074,47,2259478,0.1578,356545.63,1902932.37,Retail Discount,No,Cash,6
TRX2020855009,2020-12-24,Bandung,West Java,Bandung,E-commerce,PT Global Snack Dist,OUT6377,Traditional Store,SP505,Beverages,Choco Malt Drink,SKU23428,47282,114,5390148,0.2095,1129236.01,4260911.99,,No,Transfer,8
TRX2020628443,06/06/2020,Makassar,South Sulawesi,Makassar,Modern Trade,PT Sinar Distribusi,OUT9248,Supermarket,SP408,Beverages,Nutri Grain Drink,SKU48999,46424,198,9191952,0.0554,509234.14,8682717.86,Seasonal Promo,No,Credit Term,13
TRX2020841020,14/01/2020,Medan,North Sumatra,Medan,Modern Trade,,OUT5354,Supermarket,SP647,Beverages,Choco Malt Drink,SKU39343,14323,88,1260424,0.0161,20292.83,1240131.17,Seasonal Promo,No,Cash,1
TRX2020484403,23/04/2020,Palembang,South Sumatra,Palembang,Distributor,PT Sinar Distribusi,OUT7481,Online Store,SP679,Biscuits,Butter Crunch Biscuit,SKU27615,35631,79,2814849,0.0942,265158.78,2549690.22,None,No,Credit Term,4
TRX2020642836,2020-02-18,Semarang,Central Java,Semarang,E-commerce,PT Maju Jaya Distribusi,OUT8119,Traditional Store,SP324,Snacks, Savory Chips ,SKU18981,30319,183,5548377,0.1871,1038101.34,4510275.66,,No,Transfer,14
TRX2020787771,2020-01-08,Jakarta,DKI Jakarta,Jakarta,Distributor,PT Sinar Distribusi,OUT3894,Supermarket,SP447,Beverages,Choco Malt Drink,SKU46186,14684,119,1747396,0.1162,203047.42,1544348.58,Seasonal Promo,No,Transfer,3
TRX2020963096,2020-02-05,Semarang,Central Java,Semarang,Modern Trade,,OUT3029,Supermarket,SP222,Snacks,Spicy Curl,SKU96095,9823,21,206283,0.0733,15120.54,191162.46,,No,Transfer,11
TRX2020159201,2020-07-13,Makassar,South Sulawesi,Makassar,Modern Trade,,OUT5493,Minimarket,SP818,Candy,Fruit Jelly Candy,SKU82635,26055,108,2813940,0.0029,8160.43,2805779.57,Seasonal Promo,No,Transfer,3
TRX2020238941,04/11/2020,Palembang,South Sumatra,Palembang,General Trade,PT Nusantara Supply,OUT4190,Minimarket,SP380,Biscuits,Golden Cream Biscuit,SKU49046,45744,6,274464,0.2302,63181.61,211282.39,,No,Credit Term,10
TRX2020342292,12/05/2020,Makassar,South Sulawesi,Makassar,E-commerce,,OUT1945,Minimarket,SP757,Snacks,Spicy Curl,SKU73103,27860,94,2618840,0.147,384969.48,2233870.52,,No,Cash,6
TRX2020986344,18/06/2020,Palembang,South Sumatra,Palembang,General Trade,PT Global Snack Dist,OUT8597,Traditional Store,SP483,Beverages,Choco Malt Drink,SKU67460,16237,188,3052556,0.2233,681635.75,2370920.25,Retail Discount,No,Credit Term,7
TRX2020476160,10/04/2020,Makassar,South Sulawesi,Makassar,E-commerce,,OUT3219,Online Store,SP375,Snacks,Savory Chips,SKU85166,4567,152,694184,0.1635,113499.08,580684.92,Seasonal Promo,No,Transfer,3
TRX2020499039,04/07/2020,Yogyakarta,DI Yogyakarta,Yogyakarta,E-commerce,,OUT8867,Online Store,SP886,Candy,Caramel Drop Candy,SKU85019,38324,125,4790500,0.249,1192834.5,3597665.5,Retail Discount,No,Credit Term,2
TRX2020903061,20/09/2020,Semarang,Central Java,Semarang,General Trade,PT Sinar Distribusi,OUT7711,Online Store,SP651,Nuts,Salted Cashew Mix,SKU82666,29169,11,320859,0.0515,16524.24,304334.76,Bundle Promo,No,Transfer,5
TRX2020506201,2020-01-17,Bandung,West Java,Bandung,Modern Trade,PT Global Snack Dist,OUT7551,Online Store,SP280,Beverages,Choco Malt Drink,SKU42562,15179,54,819666,0.106,86884.6,732781.4,Bundle Promo,Yes,Cash,4
TRX2020347472,2020-04-07,Makassar,South Sulawesi,Makassar,Modern Trade,PT Global Snack Dist,OUT8794,Minimarket,SP720,Biscuits, Choco Delight Biscuit ,SKU91376,16942,4,67768,0.0361,2446.42,65321.58,Seasonal Promo,No,Transfer,5
TRX2020627237,16/03/2020,Bandung,West Java,Bandung,E-commerce,,OUT6748,Online Store,SP965,Candy, Mint Pop Candy ,SKU40014,26184,199,5210616,0.2479,1291711.71,3918904.29,None,No,Transfer,11
TRX2020189184,2020-12-15,Yogyakarta,DI Yogyakarta,Yogyakarta,General Trade,,OUT9365,Minimarket,SP772,Beverages,Choco Malt Drink,SKU20364,7237,20,144740,0.0676,9784.42,134955.58,Bundle Promo,No,Cash,1
TRX2020378244,2020-05-02,Medan,North Sumatra,Medan,Modern Trade,PT Global Snack Dist,OUT4171,Supermarket,SP556,Candy,Fruit Jelly Candy,SKU25905,5759,62,357058,0.2194,78338.53,278719.47,,No,Cash,1
TRX2020855849,13/11/2020,Bandung,West Java,Bandung,Distributor,PT Sinar Distribusi,OUT7072,Online Store,SP257,Snacks,Spicy Curl,SKU41076,49565,107,5303455,0.0687,364347.36,4939107.64,Retail Discount,No,Transfer,10
TRX2020488605,2020-10-20,Bandung,West Java,Bandung,E-commerce,PT Sinar Distribusi,OUT6696,Supermarket,SP604,Biscuits, Choco Delight Biscuit ,SKU46339,38862,124,4818888,0.0776,373945.71,4444942.29,Seasonal Promo,No,Transfer,12
TRX2020737014,11/07/2020,Semarang,Central Java,Semarang,E-commerce,PT Nusantara Supply,OUT6305,Traditional Store,SP591,Snacks,Savory Chips,SKU64366,37683,159,5991597,0.0255,152785.72,5838811.28,Seasonal Promo,No,Cash,8
TRX2020167199,2020-11-05,Makassar,South Sulawesi,Makassar,Modern Trade,PT Nusantara Supply,OUT6740,Minimarket,SP516,Candy,Caramel Drop Candy,SKU92370,35330,189,6677370,0.0959,640359.78,6037010.22,Retail Discount,No,Credit Term,2
TRX2020673106,2020-10-20,Medan,North Sumatra,Medan,E-commerce,,OUT3362,Minimarket,SP336,Candy,Caramel Drop Candy,SKU71256,27580,98,2702840,0.0967,261364.63,2441475.37,Bundle Promo,No,Transfer,2
TRX2020418178,2020-08-03,Makassar,South Sulawesi,Makassar,Modern Trade,PT Nusantara Supply,OUT6488,Online Store,SP665,Snacks,Savory Chips,SKU21565,22318,25,557950,0.1328,74095.76,483854.24,,No,Credit Term,13
TRX2020446042,2020-12-08,Makassar,South Sulawesi,Makassar,Distributor,PT Sinar Distribusi,OUT3894,Online Store,SP104,Snacks,Savory Chips,SKU77912,47282,44,2080408,0.0981,204088.02,1876319.98,Retail Discount,No,Transfer,4
TRX2020769283,01/06/2020,Bandung,West Java,Bandung,Modern Trade,PT Nusantara Supply,OUT1066,Online Store,SP959,Snacks,Crunchy Bite,SKU65739,5980,69,412620,0.2249,92798.24,319821.76,Seasonal Promo,No,Credit Term,4
TRX2020291872,2020-11-06,Palembang,South Sumatra,Palembang,Modern Trade,,OUT3695,Supermarket,SP830,Candy,Caramel Drop Candy,SKU73690,40809,171,6978339,0.0072,50244.04,6928094.96,None,No,Transfer,9
TRX2020253344,12/07/2020,Makassar,South Sulawesi,Makassar,Distributor,PT Maju Jaya Distribusi,OUT9156,Online Store,SP137,Candy,Caramel Drop Candy,SKU12304,11692,52,607984,0.1749,106336.4,501647.6,Bundle Promo,No,Credit Term,5
TRX2020907047,2020-07-08,Makassar,South Sulawesi,Makassar,Distributor,,OUT1983,Online Store,SP580,Nuts,Honey Roasted Peanut,SKU31578,35131,44,1545764,0.0147,22722.73,1523041.27,,No,Credit Term,4
TRX2020526392,16/07/2020,Makassar,South Sulawesi,Makassar,Distributor,PT Nusantara Supply,OUT6349,Minimarket,SP816,Snacks,Crunchy Bite,SKU52492,9111,9,81999,0.1891,15506.01,66492.99,None,No,Transfer,1
TRX2020929266,18/10/2020,Medan,North Sumatra,Medan,Modern Trade,PT Sinar Distribusi,OUT9464,Online Store,SP476,Candy,Caramel Drop Candy,SKU44842,29699,146,4336054,0.0652,282710.72,4053343.28,None,Yes,Credit Term,9
TRX2020456972,10/11/2020,Medan,North Sumatra,Medan,Modern Trade,PT Global Snack Dist,OUT3369,Supermarket,SP166,Candy,Caramel Drop Candy,SKU54820,36219,87,3151053,0.1041,328024.62,2823028.38,,No,Transfer,7
TRX2020584447,2020-04-09,Medan,North Sumatra,Medan,E-commerce,PT Sinar Distribusi,OUT3376,Supermarket,SP862,Beverages,Energy Cocoa Drink,SKU30295,9029,137,1236973,0.0312,38593.56,1198379.44,None,No,Cash,5
TRX2020605714,16/07/2020,Palembang,South Sumatra,Palembang,Distributor,PT Sinar Distribusi,OUT4108,Traditional Store,SP960,Candy,Fruit Jelly Candy,SKU68468,21390,8,171120,0.0912,15606.14,155513.86,Retail Discount,No,Credit Term,5
TRX2020851909,2020-06-03,Palembang,South Sumatra,Palembang,General Trade,PT Global Snack Dist,OUT9042,Supermarket,SP756,Snacks,Spicy Curl,SKU55046,28833,185,5334105,0.0058,30937.81,5303167.19,,No,Transfer,1
TRX2020642820,21/06/2020,Bandung,West Java,Bandung,Distributor,PT Global Snack Dist,OUT4618,Minimarket,SP931,Candy,Caramel Drop Candy,SKU74916,42065,189,7950285,0.0921,732221.25,7218063.75,None,No,Cash,6
TRX2020864588,2020-09-20,Yogyakarta,DI Yogyakarta,Yogyakarta,Distributor,PT Nusantara Supply,OUT8101,Minimarket,SP663,Biscuits,Butter Crunch Biscuit,SKU27465,30345,162,4915890,0.115,565327.35,4350562.65,Bundle Promo,No,Cash,6
TRX2020390420,25/06/2020,Palembang,South Sumatra,Palembang,Distributor,PT Maju Jaya Distribusi,OUT3617,Traditional Store,SP149,Nuts,Spicy Peanut Mix,SKU27748,9833,147,1445451,0.0036,5203.62,1440247.38,None,No,Transfer,1
TRX2020957221,2020-11-04,Medan,North Sumatra,Medan,Distributor,PT Global Snack Dist,OUT9281,Online Store,SP485,Snacks,Crunchy Bite,SKU85659,15732,97,1526004,0.1035,157941.41,1368062.59,,No,Credit Term,12
TRX2020101849,2020-12-03,Yogyakarta,DI Yogyakarta,Yogyakarta,Modern Trade,PT Maju Jaya Distribusi,OUT2856,Online Store,SP772,Snacks,Savory Chips,SKU43515,35713,113,4035569,0.2009,810745.81,3224823.19,Seasonal Promo,No,Cash,8
TRX2020406841,11/06/2020,Semarang,Central Java,Semarang,E-commerce,,OUT1776,Minimarket,SP455,Snacks,Spicy Curl,SKU61776,23593,117,2760381,0.0835,230491.81,2529889.19,None,No,Cash,11
TRX2020734536,2020-04-28,Bandung,West Java,Bandung,Distributor,PT Nusantara Supply,OUT1233,Online Store,SP422,Biscuits, Golden Cream Biscuit ,SKU68900,37267,25,931675,0.0858,79937.71,851737.29,Seasonal Promo,No,Credit Term,4
TRX2020173545,23/10/2020,Jakarta,DKI Jakarta,Jakarta,Modern Trade,PT Global Snack Dist,OUT8129,Supermarket,SP843,Candy,Mint Pop Candy,SKU96198,14433,191,2756703,0.1044,287799.79,2468903.21,,No,Credit Term,8
TRX2020795160,10/04/2020,Bandung,West Java,Bandung,General Trade,PT Maju Jaya Distribusi,OUT9495,Online Store,SP705,Beverages,Energy Cocoa Drink,SKU98413,18344,62,1137328,0.0188,21381.77,1115946.23,,No,Transfer,12
TRX2020677390,2020-11-01,Makassar,South Sulawesi,Makassar,Distributor,PT Global Snack Dist,OUT9409,Traditional Store,SP433,Snacks,Savory Chips,SKU35559,44894,113,5073022,0.0119,60368.96,5012653.04,Retail Discount,No,Credit Term,2
TRX2020192061,2020-03-11,Palembang,South Sumatra,Palembang,General Trade,PT Sinar Distribusi,OUT4086,Online Store,SP393,Candy,Mint Pop Candy,SKU23557,34030,74,2518220,0.2312,582212.46,1936007.54,Bundle Promo,No,Transfer,10
TRX2020878257,2020-04-14,Makassar,South Sulawesi,Makassar,Modern Trade,PT Nusantara Supply,OUT7561,Traditional Store,SP706,Candy,Mint Pop Candy,SKU94773,24371,61,1486631,0.2134,317247.06,1169383.94,Retail Discount,No,Transfer,13
TRX2020584078,03/05/2020,Makassar,South Sulawesi,Makassar,E-commerce,PT Maju Jaya Distribusi,OUT2188,Minimarket,SP624,Nuts,Salted Cashew Mix,SKU17720,4797,176,844272,0.1722,145383.64,698888.36,Retail Discount,No,Cash,2
TRX2020154631,2020-06-02,Bandung,West Java,Bandung,Modern Trade,PT Global Snack Dist,OUT7750,Online Store,SP282,Nuts, Salted Cashew Mix ,SKU80993,44356,51,2262156,0.1758,397687.02,1864468.98,,No,Credit Term,12
TRX2020110599,02/03/2020,Jakarta,DKI Jakarta,Jakarta,Distributor,PT Global Snack Dist,OUT5580,Supermarket,SP719,Nuts,Spicy Peanut Mix,SKU95505,31321,99,3100779,0.1647,510698.3,2590080.7,,No,Credit Term,8
TRX2020749269,01/01/2020,Makassar,South Sulawesi,Makassar,E-commerce,PT Global Snack Dist,OUT8215,Traditional Store,SP501,Nuts,Salted Cashew Mix,SKU22509,11195,130,1455350,0.0384,55885.44,1399464.56,Seasonal Promo,No,Credit Term,13
TRX2020463943,2020-02-13,Makassar,South Sulawesi,Makassar,Distributor,,OUT4848,Traditional Store,SP841,Candy,Caramel Drop Candy,SKU38263,12041,150,1806150,0.03,54184.5,1751965.5,None,No,Cash,11
TRX2020530006,21/03/2020,Palembang,South Sumatra,Palembang,General Trade,PT Global Snack Dist,OUT1468,Online Store,SP616,Beverages,Energy Cocoa Drink,SKU76665,39939,171,6829569,0.1195,816133.5,6013435.5,None,No,Cash,7
TRX2020322572,12/10/2020,Palembang,South Sumatra,Palembang,Distributor,PT Sinar Distribusi,OUT5053,Traditional Store,SP517,Candy,Mint Pop Candy,SKU41661,21101,130,2743130,0.1787,490197.33,2252932.67,None,No,Credit Term,6
TRX2020219169,2020-06-08,Makassar,South Sulawesi,Makassar,General Trade,PT Nusantara Supply,OUT9397,Traditional Store,SP555,Beverages,Nutri Grain Drink,SKU14079,44818,149,6677882,0.1227,819376.12,5858505.88,None,No,Cash,5
TRX2020238681,06/05/2020,Bandung,West Java,Bandung,Modern Trade,PT Global Snack Dist,OUT1097,Supermarket,SP172,Nuts,Honey Roasted Peanut,SKU19561,45420,122,5541240,0.0539,298672.84,5242567.16,,No,Transfer,3
TRX2020935979,2020-08-09,Medan,North Sumatra,Medan,Distributor,PT Nusantara Supply,OUT7914,Supermarket,SP500,Snacks,Spicy Curl,SKU81870,31029,115,3568335,0.0173,61732.2,3506602.8,Retail Discount,No,Transfer,8
TRX2020309691,2020-03-13,Yogyakarta,DI Yogyakarta,Yogyakarta,Modern Trade,PT Sinar Distribusi,OUT2222,Traditional Store,SP125,Candy,Caramel Drop Candy,SKU86615,11186,135,1510110,0.2492,376319.41,1133790.59,Retail Discount,No,Cash,4
TRX2020850301,23/01/2020,Jakarta,DKI Jakarta,Jakarta,Distributor,PT Sinar Distribusi,OUT3580,Minimarket,SP965,Biscuits,Butter Crunch Biscuit,SKU57943,41605,98,4077290,0.1333,543502.76,3533787.24,None,No,Cash,5
TRX2020998835,11/06/2020,Medan,North Sumatra,Medan,E-commerce,,OUT4480,Traditional Store,SP431,Biscuits,Golden Cream Biscuit,SKU70319,49797,111,5527467,0.0615,339939.22,5187527.78,Seasonal Promo,No,Transfer,7
TRX2020580884,15/02/2020,Medan,North Sumatra,Medan,General Trade,,OUT3696,Minimarket,SP583,Candy,Fruit Jelly Candy,SKU69262,19250,114,2194500,0.1811,397423.95,1797076.05,Bundle Promo,No,Transfer,10
TRX2020763691,21/09/2020,Bandung,West Java,Bandung,Modern Trade,PT Global Snack Dist,OUT1583,Online Store,SP721,Candy,Fruit Jelly Candy,SKU60666,47869,12,574428,0.1399,80362.48,494065.52,,No,Cash,9
TRX2020487501,01/03/2020,Medan,North Sumatra,Medan,E-commerce,,OUT6092,Supermarket,SP321,Nuts,Honey Roasted Peanut,SKU40566,48516,59,2862444,0.0695,198939.86,2663504.14,Retail Discount,No,Transfer,11
TRX2020327588,2020-07-15,Surabaya,East Java,Surabaya,Modern Trade,PT Nusantara Supply,OUT9132,Online Store,SP905,Biscuits,Choco Delight Biscuit,SKU12659,47190,105,4954950,0.2159,1069773.71,3885176.29,Seasonal Promo,No,Transfer,9
TRX2020167129,2020-11-26,Surabaya,East Java,Surabaya,E-commerce,PT Global Snack Dist,OUT5366,Online Store,SP738,Beverages,Energy Cocoa Drink,SKU81190,20870,129,2692230,0.2473,665788.48,2026441.52,,No,Cash,3
TRX2020896828,2020-05-21,Yogyakarta,DI Yogyakarta,Yogyakarta,E-commerce,PT Global Snack Dist,OUT3343,Minimarket,SP943,Beverages,Energy Cocoa Drink,SKU86048,19606,60,1176360,0.2116,248917.78,927442.22,Bundle Promo,No,Transfer,8
TRX2020132348,31/01/2020,Makassar,South Sulawesi,Makassar,Modern Trade,,OUT2396,Traditional Store,SP202,Beverages,Nutri Grain Drink,SKU72005,16087,106,1705222,0.1559,265844.11,1439377.89,Retail Discount,No,Transfer,11
TRX2020719367,01/10/2020,Bandung,West Java,Bandung,Modern Trade,PT Maju Jaya Distribusi,OUT5904,Minimarket,SP613,Snacks,Savory Chips,SKU22325,7288,73,532024,0.0038,2021.69,530002.31,Seasonal Promo,No,Credit Term,10
TRX2020954928,21/07/2020,Medan,North Sumatra,Medan,General Trade,PT Sinar Distribusi,OUT7531,Traditional Store,SP530,Candy,Fruit Jelly Candy,SKU77003,4815,198,953370,0.2108,200970.4,752399.6,Retail Discount,No,Transfer,12
TRX2020942492,02/01/2020,Jakarta,DKI Jakarta,Jakarta,Distributor,PT Sinar Distribusi,OUT1352,Traditional Store,SP690,Snacks,Savory Chips,SKU24963,31277,195,6099015,0.1965,1198456.45,4900558.55,None,No,Credit Term,13
TRX2020597768,22/07/2020,Semarang,Central Java,Semarang,Modern Trade,PT Nusantara Supply,OUT2215,Supermarket,SP360,Beverages,Energy Cocoa Drink,SKU93386,5084,27,137268,0.2353,32299.16,104968.84,Bundle Promo,No,Transfer,8
TRX2020975422,16/05/2020,Surabaya,East Java,Surabaya,Modern Trade,PT Global Snack Dist,OUT7164,Minimarket,SP210,Beverages,Choco Malt Drink,SKU33198,19007,29,551203,0.0602,33182.42,518020.58,,No,Credit Term,11
TRX2020607610,13/01/2020,Jakarta,DKI Jakarta,Jakarta,Distributor,,OUT6278,Traditional Store,SP160,Nuts,Honey Roasted Peanut,SKU17974,17367,56,972552,0.0126,12254.16,960297.84,None,No,Transfer,3
TRX2020672809,2020-03-04,Makassar,South Sulawesi,Makassar,Distributor,PT Global Snack Dist,OUT8411,Online Store,SP676,Snacks,Crunchy Bite,SKU40356,44271,145,6419295,0.0134,86018.55,6333276.45,None,No,Transfer,1
TRX2020891203,07/06/2020,Surabaya,East Java,Surabaya,E-commerce,PT Nusantara Supply,OUT7218,Traditional Store,SP622,Beverages,Nutri Grain Drink,SKU79068,40886,7,286202,0.0084,2404.1,283797.9,,No,Transfer,14
TRX2020257848,10/06/2020,Yogyakarta,DI Yogyakarta,Yogyakarta,Modern Trade,PT Sinar Distribusi,OUT7991,Traditional Store,SP363,Beverages, Choco Malt Drink ,SKU14026,30688,173,5309024,0.1772,940759.05,4368264.95,Seasonal Promo,No,Transfer,13
TRX2020837496,15/03/2020,Medan,North Sumatra,Medan,Modern Trade,PT Sinar Distribusi,OUT2008,Supermarket,SP956,Snacks,Savory Chips,SKU71101,20049,92,1844508,0.185,341233.98,1503274.02,None,No,Cash,7
TRX2020911634,2020-01-15,Yogyakarta,DI Yogyakarta,Yogyakarta,Distributor,PT Nusantara Supply,OUT3377,Online Store,SP661,Beverages,Nutri Grain Drink,SKU57512,4295,166,712970,0.0814,58035.76,654934.24,Retail Discount,No,Cash,14
TRX2020259898,30/09/2020,Medan,North Sumatra,Medan,Distributor,,OUT3437,Online Store,SP217,Nuts,Spicy Peanut Mix,SKU29707,29541,43,1270263,0.0896,113815.56,1156447.44,None,No,Transfer,1
TRX2020584959,26/09/2020,Jakarta,DKI Jakarta,Jakarta,E-commerce,PT Maju Jaya Distribusi,OUT6432,Supermarket,SP427,Nuts, Spicy Peanut Mix ,SKU84773,18174,174,3162276,0.1596,504699.25,2657576.75,,No,Cash,1
TRX2020313735,17/02/2020,Yogyakarta,DI Yogyakarta,Yogyakarta,E-commerce,PT Global Snack Dist,OUT7976,Traditional Store,SP963,Candy,Fruit Jelly Candy,SKU64179,12459,30,373770,0.0079,2952.78,370817.22,Bundle Promo,No,Cash,14
TRX2020743576,2020-11-07,Makassar,South Sulawesi,Makassar,E-commerce,PT Global Snack Dist,OUT2029,Minimarket,SP868,Snacks,Spicy Curl,SKU71348,16164,181,2925684,0.2277,666178.25,2259505.75,Bundle Promo,No,Transfer,5
TRX2020579593,2020-12-11,Surabaya,East Java,Surabaya,E-commerce,PT Sinar Distribusi,OUT9511,Minimarket,SP640,Beverages,Energy Cocoa Drink,SKU90516,14211,36,511596,0.15,76739.4,434856.6,,No,Credit Term,2
TRX2020585975,2020-04-28,Palembang,South Sumatra,Palembang,Distributor,PT Sinar Distribusi,OUT6806,Supermarket,SP152,Snacks,Spicy Curl,SKU88742,48892,30,1466760,0.1307,191705.53,1275054.47,Bundle Promo,No,Transfer,5
TRX2020615839,01/02/2020,Semarang,Central Java,Semarang,Modern Trade,,OUT1685,Online Store,SP855,Biscuits,Golden Cream Biscuit,SKU17234,20087,172,3454964,0.0776,268105.21,3186858.79,Seasonal Promo,No,Cash,7
TRX2020473902,2020-03-10,Surabaya,East Java,Surabaya,Modern Trade,PT Sinar Distribusi,OUT9624,Traditional Store,SP695,Snacks,Savory Chips,SKU38266,46841,62,2904142,0.2428,705125.68,2199016.32,,No,Transfer,4
TRX2020166595,17/10/2020,Palembang,South Sumatra,Palembang,Distributor,,OUT2252,Minimarket,SP546,Beverages,Nutri Grain Drink,SKU32756,14123,53,748519,0.0939,70285.93,678233.07,,No,Transfer,13
TRX2020843749,29/06/2020,Makassar,South Sulawesi,Makassar,Distributor,,OUT2925,Online Store,SP488,Beverages,Energy Cocoa Drink,SKU25245,24562,103,2529886,0.0956,241857.1,2288028.9,Seasonal Promo,No,Credit Term,12
TRX2020881000,2020-08-14,Bandung,West Java,Bandung,General Trade,PT Sinar Distribusi,OUT8149,Traditional Store,SP787,Snacks,Savory Chips,SKU43337,17671,115,2032165,0.231,469430.12,1562734.89,,No,Cash,1
TRX2020604994,17/12/2020,Palembang,South Sumatra,Palembang,General Trade,PT Maju Jaya Distribusi,OUT3472,Minimarket,SP375,Snacks,Savory Chips,SKU51902,22838,22,502436,0.0928,46626.06,455809.94,None,No,Cash,4
TRX2020445103,22/11/2020,Medan,North Sumatra,Medan,Distributor,PT Global Snack Dist,OUT7928,Online Store,SP175,Snacks,Savory Chips,SKU20137,39198,102,3998196,0.1395,557748.34,3440447.66,Retail Discount,No,Cash,7
TRX2020365683,19/11/2020,Surabaya,East Java,Surabaya,General Trade,,OUT2922,Minimarket,SP519,Candy,Mint Pop Candy,SKU97636,27200,49,1332800,0.2438,324936.64,1007863.36,Seasonal Promo,No,Transfer,3
TRX2020380968,2020-01-13,Semarang,Central Java,Semarang,E-commerce,PT Global Snack Dist,OUT6558,Online Store,SP871,Nuts,Honey Roasted Peanut,SKU97660,46942,1,46942,0.1286,6036.74,40905.26,Bundle Promo,No,Transfer,7
TRX2020284779,2020-11-04,Surabaya,East Java,Surabaya,Distributor,,OUT4842,Online Store,SP636,Beverages,Nutri Grain Drink,SKU69660,6239,109,680051,0.135,91806.89,588244.11,Bundle Promo,No,Cash,8
TRX2020969345,2020-01-27,Surabaya,East Java,Surabaya,E-commerce,PT Nusantara Supply,OUT7614,Supermarket,SP392,Nuts,Spicy Peanut Mix,SKU88669,5896,46,271216,0.1123,30457.56,240758.44,None,No,Credit Term,5
TRX2020719052,2020-02-05,Semarang,Central Java,Semarang,E-commerce,PT Nusantara Supply,OUT9158,Minimarket,SP183,Beverages,Energy Cocoa Drink,SKU23561,24542,75,1840650,0.2345,431632.42,1409017.57,Bundle Promo,No,Transfer,5
TRX2020226820,27/09/2020,Surabaya,East Java,Surabaya,Modern Trade,PT Maju Jaya Distribusi,OUT5740,Supermarket,SP308,Snacks,Savory Chips,SKU38906,15768,71,1119528,0.0421,47132.13,1072395.87,Bundle Promo,No,Credit Term,7
TRX2020819957,2020-12-19,Makassar,South Sulawesi,Makassar,Distributor,PT Sinar Distribusi,OUT7525,Supermarket,SP201,Beverages,Choco Malt Drink,SKU81976,41509,9,373581,0.1339,50022.5,323558.5,Retail Discount,No,Cash,8
TRX2020386448,2020-11-06,Medan,North Sumatra,Medan,Modern Trade,,OUT4519,Minimarket,SP811,Snacks, Savory Chips ,SKU67893,36129,82,2962578,0.0472,139833.68,2822744.32,,No,Transfer,5
TRX2020323884,23/01/2020,Surabaya,East Java,Surabaya,Distributor,,OUT7478,Supermarket,SP707,Nuts,Honey Roasted Peanut,SKU21590,11706,93,1088658,0.0425,46267.97,1042390.04,None,No,Cash,7
TRX2020960326,2020-11-16,Palembang,South Sumatra,Palembang,Modern Trade,,OUT3789,Minimarket,SP618,Beverages,Nutri Grain Drink,SKU87181,30954,56,1733424,0.2263,392273.85,1341150.15,Seasonal Promo,No,Cash,2
TRX2020266730,2020-07-28,Bandung,West Java,Bandung,Modern Trade,,OUT3842,Online Store,SP702,Candy,Mint Pop Candy,SKU59643,25830,122,3151260,0.0814,256512.56,2894747.44,Retail Discount,No,Transfer,14
TRX2020906411,25/11/2020,Jakarta,DKI Jakarta,Jakarta,General Trade,PT Sinar Distribusi,OUT5798,Traditional Store,SP650,Biscuits, Choco Delight Biscuit ,SKU59737,20672,180,3720960,0.2056,765029.38,2955930.62,Bundle Promo,No,Transfer,5
TRX2020229797,12/03/2020,Palembang,South Sumatra,Palembang,General Trade,,OUT2761,Supermarket,SP160,Candy,Mint Pop Candy,SKU52620,18481,5,92405,0.1791,16549.74,75855.26,Bundle Promo,No,Credit Term,11
TRX2020199312,2020-04-08,Jakarta,DKI Jakarta,Jakarta,Distributor,PT Maju Jaya Distribusi,OUT6440,Online Store,SP340,Nuts,Spicy Peanut Mix,SKU78695,35593,7,249151,0.2472,61590.13,187560.87,Seasonal Promo,No,Cash,13
TRX2020799341,29/04/2020,Surabaya,East Java,Surabaya,E-commerce,PT Nusantara Supply,OUT8285,Minimarket,SP741,Snacks,Crunchy Bite,SKU79200,4936,164,809504,0.1649,133487.21,676016.79,Bundle Promo,No,Cash,12
TRX2020923924,2020-10-13,Makassar,South Sulawesi,Makassar,General Trade,PT Nusantara Supply,OUT7163,Minimarket,SP617,Snacks,Spicy Curl,SKU85473,36850,130,4790500,0.167,800013.5,3990486.5,Seasonal Promo,No,Cash,3
TRX2020877356,2020-03-04,Surabaya,East Java,Surabaya,Distributor,PT Sinar Distribusi,OUT8779,Traditional Store,SP600,Snacks, Savory Chips ,SKU36935,48144,36,1733184,0.1984,343863.71,1389320.29,Seasonal Promo,No,Transfer,4
TRX2020689930,2020-04-08,Palembang,South Sumatra,Palembang,E-commerce,,OUT9930,Online Store,SP225,Biscuits,Butter Crunch Biscuit,SKU46928,36660,147,5389020,0.0362,195082.52,5193937.48,Seasonal Promo,No,Transfer,7
TRX2020356390,2020-02-24,Yogyakarta,DI Yogyakarta,Yogyakarta,General Trade,PT Nusantara Supply,OUT4154,Traditional Store,SP298,Beverages,Energy Cocoa Drink,SKU37650,12306,113,1390578,0.2008,279228.06,1111349.94,None,No,Transfer,7
TRX2020375036,14/04/2020,Jakarta,DKI Jakarta,Jakarta,E-commerce,,OUT5894,Supermarket,SP901,Beverages,Nutri Grain Drink,SKU88990,38265,127,4859655,0.2372,1152710.17,3706944.83,None,No,Transfer,4
TRX2020158238,15/11/2020,Yogyakarta,DI Yogyakarta,Yogyakarta,General Trade,PT Sinar Distribusi,OUT9856,Supermarket,SP862,Beverages,Nutri Grain Drink,SKU56459,3694,171,631674,0.2256,142505.65,489168.35,Retail Discount,No,Credit Term,2
TRX2020711195,2020-08-14,Yogyakarta,DI Yogyakarta,Yogyakarta,General Trade,,OUT2150,Traditional Store,SP743,Biscuits,Butter Crunch Biscuit,SKU46408,40942,27,1105434,0.1322,146138.37,959295.63,Seasonal Promo,No,Cash,4
TRX2020428351,2020-08-18,Palembang,South Sumatra,Palembang,Modern Trade,PT Maju Jaya Distribusi,OUT3396,Online Store,SP480,Snacks,Savory Chips,SKU66573,7187,166,1193042,0.0104,12407.64,1180634.36,None,No,Credit Term,1
TRX2020867521,2020-06-17,Surabaya,East Java,Surabaya,Distributor,PT Nusantara Supply,OUT2361,Online Store,SP986,Nuts,Honey Roasted Peanut,SKU91466,49327,140,6905780,0.1662,1147740.64,5758039.36,None,No,Credit Term,11
TRX2020579319,22/03/2020,Makassar,South Sulawesi,Makassar,E-commerce,,OUT7244,Supermarket,SP478,Snacks,Crunchy Bite,SKU47917,46132,123,5674236,0.0354,200867.95,5473368.05,,No,Transfer,9
TRX2020852368,30/12/2020,Jakarta,DKI Jakarta,Jakarta,E-commerce,PT Maju Jaya Distribusi,OUT9669,Online Store,SP874,Snacks,Crunchy Bite,SKU54062,25089,14,351246,0.1053,36986.2,314259.8,Bundle Promo,No,Cash,8
TRX2020978497,2020-03-28,Bandung,West Java,Bandung,Modern Trade,PT Sinar Distribusi,OUT7245,Online Store,SP353,Beverages,Energy Cocoa Drink,SKU84046,26375,149,3929875,0.0466,183132.18,3746742.83,Retail Discount,No,Transfer,6
TRX2020895879,22/02/2020,Palembang,South Sumatra,Palembang,Modern Trade,PT Global Snack Dist,OUT7754,Traditional Store,SP149,Nuts,Honey Roasted Peanut,SKU23897,42598,109,4643182,0.0202,93792.28,4549389.72,None,No,Cash,12
TRX2020502468,2020-09-19,Yogyakarta,DI Yogyakarta,Yogyakarta,E-commerce,PT Maju Jaya Distribusi,OUT4628,Minimarket,SP365,Candy,Mint Pop Candy,SKU60677,15734,123,1935282,0.0576,111472.24,1823809.76,Seasonal Promo,No,Transfer,10
TRX2020372194,25/11/2020,Palembang,South Sumatra,Palembang,Distributor,PT Sinar Distribusi,OUT9380,Traditional Store,SP134,Candy,Fruit Jelly Candy,SKU41428,46261,93,4302273,0.213,916384.15,3385888.85,Retail Discount,No,Cash,9
TRX2020976852,2020-12-28,Palembang,South Sumatra,Palembang,E-commerce,PT Nusantara Supply,OUT9798,Traditional Store,SP506,Nuts,Honey Roasted Peanut,SKU57914,46525,163,7583575,0.0183,138779.42,7444795.58,Retail Discount,No,Cash,11
TRX2020890235,25/08/2020,Bandung,West Java,Bandung,E-commerce,PT Global Snack Dist,OUT8328,Supermarket,SP132,Snacks,Crunchy Bite,SKU18803,36754,116,4263464,0.1602,683006.93,3580457.07,Retail Discount,No,Cash,2
TRX2020628192,17/12/2020,Jakarta,DKI Jakarta,Jakarta,E-commerce,PT Nusantara Supply,OUT9528,Minimarket,SP360,Biscuits, Golden Cream Biscuit ,SKU29218,18880,130,2454400,0.1003,246176.32,2208223.68,,No,Credit Term,14
TRX2020868225,18/04/2020,Jakarta,DKI Jakarta,Jakarta,E-commerce,PT Sinar Distribusi,OUT1606,Supermarket,SP861,Beverages,Energy Cocoa Drink,SKU96553,37812,14,529368,0.114,60347.95,469020.05,Bundle Promo,No,Cash,3
TRX2020469654,2020-01-24,Palembang,South Sumatra,Palembang,General Trade,,OUT7942,Traditional Store,SP725,Biscuits,Golden Cream Biscuit,SKU23466,45364,114,5171496,0.0513,265297.74,4906198.26,Retail Discount,Yes,Cash,4
TRX2020125651,08/07/2020,Semarang,Central Java,Semarang,E-commerce,PT Global Snack Dist,OUT9892,Traditional Store,SP392,Biscuits,Golden Cream Biscuit,SKU48145,20065,197,3952805,0.1863,736407.57,3216397.43,Seasonal Promo,No,Cash,14
TRX2020663610,08/05/2020,Palembang,South Sumatra,Palembang,Distributor,PT Nusantara Supply,OUT2613,Online Store,SP724,Candy,Caramel Drop Candy,SKU62721,35306,157,5543042,0.2066,1145192.48,4397849.52,Seasonal Promo,No,Cash,2
TRX2020797359,30/09/2020,Jakarta,DKI Jakarta,Jakarta,E-commerce,PT Sinar Distribusi,OUT7026,Minimarket,SP799,Snacks,Crunchy Bite,SKU18960,42958,102,4381716,0.0616,269913.71,4111802.29,Bundle Promo,No,Transfer,4
TRX2020302907,2020-11-20,Jakarta,DKI Jakarta,Jakarta,E-commerce,PT Global Snack Dist,OUT2040,Minimarket,SP882,Nuts,Honey Roasted Peanut,SKU98342,6253,64,400192,0.1053,42140.22,358051.78,,No,Credit Term,5
TRX2020439942,2020-08-01,Medan,North Sumatra,Medan,Distributor,PT Sinar Distribusi,OUT8325,Traditional Store,SP616,Candy,Caramel Drop Candy,SKU35800,42442,165,7002930,0.1998,1399185.41,5603744.59,None,No,Credit Term,5
TRX2020885680,2020-05-12,Yogyakarta,DI Yogyakarta,Yogyakarta,E-commerce,PT Global Snack Dist,OUT4391,Minimarket,SP352,Biscuits,Choco Delight Biscuit,SKU13515,3225,9,29025,0.1649,4786.22,24238.78,Retail Discount,No,Cash,5
TRX2020181911,2020-10-02,Medan,North Sumatra,Medan,Distributor,PT Nusantara Supply,OUT9536,Traditional Store,SP376,Snacks,Crunchy Bite,SKU97314,31755,76,2413380,0.0974,235063.21,2178316.79,Retail Discount,No,Cash,1
TRX2020657368,04/11/2020,Semarang,Central Java,Semarang,E-commerce,PT Sinar Distribusi,OUT1593,Minimarket,SP811,Nuts,Honey Roasted Peanut,SKU20940,28514,66,1881924,0.1067,200801.29,1681122.71,Seasonal Promo,No,Credit Term,11
TRX2020736617,31/03/2020,Jakarta,DKI Jakarta,Jakarta,E-commerce,,OUT1028,Supermarket,SP240,Candy,Caramel Drop Candy,SKU52134,2246,23,51658,0.171,8833.52,42824.48,None,No,Cash,9
TRX2020211827,2020-12-11,Palembang,South Sumatra,Palembang,Modern Trade,PT Maju Jaya Distribusi,OUT8144,Minimarket,SP695,Biscuits,Butter Crunch Biscuit,SKU74719,13002,2,26004,0.2495,6488.0,19516.0,Seasonal Promo,No,Credit Term,4
TRX2020809778,19/02/2020,Yogyakarta,DI Yogyakarta,Yogyakarta,General Trade,PT Sinar Distribusi,OUT5322,Traditional Store,SP510,Beverages,Nutri Grain Drink,SKU39231,36452,159,5795868,0.0914,529742.34,5266125.66,None,No,Cash,4
TRX2020763263,2020-04-25,Palembang,South Sumatra,Palembang,Distributor,,OUT9364,Online Store,SP558,Candy,Mint Pop Candy,SKU27426,24684,44,1086096,0.2192,238072.24,848023.76,,No,Cash,5
TRX2020282342,29/08/2020,Bandung,West Java,Bandung,General Trade,PT Sinar Distribusi,OUT8248,Traditional Store,SP940,Biscuits,Butter Crunch Biscuit,SKU63389,27809,77,2141293,0.1401,299995.15,1841297.85,,No,Transfer,4
TRX2020127020,18/05/2020,Medan,North Sumatra,Medan,General Trade,PT Global Snack Dist,OUT7930,Supermarket,SP739,Beverages,Energy Cocoa Drink,SKU57697,7606,64,486784,0.1969,95847.77,390936.23,Bundle Promo,No,Transfer,6
TRX2020534209,2020-11-05,Jakarta,DKI Jakarta,Jakarta,Modern Trade,PT Sinar Distribusi,OUT8358,Supermarket,SP144,Snacks,Crunchy Bite,SKU65141,42361,80,3388880,0.0633,214516.1,3174363.9,,No,Credit Term,10
TRX2020923790,2020-09-21,Jakarta,DKI Jakarta,Jakarta,General Trade,,OUT4685,Supermarket,SP335,Beverages,Energy Cocoa Drink,SKU28286,26018,100,2601800,0.0224,58280.32,2543519.68,None,No,Transfer,7
TRX2020181793,05/01/2020,Semarang,Central Java,Semarang,General Trade,PT Global Snack Dist,OUT3923,Minimarket,SP895,Snacks,Spicy Curl,SKU33037,29678,107,3175546,0.174,552545.0,2623001.0,Retail Discount,No,Transfer,6
TRX2020242777,04/07/2020,Semarang,Central Java,Semarang,Modern Trade,PT Nusantara Supply,OUT1500,Supermarket,SP481,Snacks,Spicy Curl,SKU87724,15928,15,238920,0.1109,26496.23,212423.77,None,No,Transfer,1
TRX2020400888,2020-04-21,Yogyakarta,DI Yogyakarta,Yogyakarta,Modern Trade,PT Sinar Distribusi,OUT5388,Supermarket,SP682,Candy,Fruit Jelly Candy,SKU54803,27817,15,417255,0.2006,83701.35,333553.65,Bundle Promo,No,Cash,9
TRX2020775205,2020-11-03,Semarang,Central Java,Semarang,Modern Trade,PT Global Snack Dist,OUT4197,Minimarket,SP652,Nuts,Salted Cashew Mix,SKU45372,5054,73,368942,0.1515,55894.71,313047.29,Seasonal Promo,No,Transfer,3
TRX2020282043,28/11/2020,Yogyakarta,DI Yogyakarta,Yogyakarta,General Trade,PT Maju Jaya Distribusi,OUT8523,Minimarket,SP231,Nuts,Salted Cashew Mix,SKU86001,33828,178,6021384,0.1771,1066387.11,4954996.89,Retail Discount,No,Credit Term,4
TRX2020559057,2020-08-06,Surabaya,East Java,Surabaya,E-commerce,,OUT1621,Traditional Store,SP482,Candy,Caramel Drop Candy,SKU44716,39953,150,5992950,0.191,1144653.45,4848296.55,Seasonal Promo,No,Cash,8
TRX2020317888,09/02/2020,Semarang,Central Java,Semarang,Modern Trade,PT Sinar Distribusi,OUT1711,Traditional Store,SP742,Beverages,Choco Malt Drink,SKU45730,10313,70,721910,0.1893,136657.56,585252.44,Bundle Promo,No,Credit Term,2
TRX2020487000,2020-12-13,Surabaya,East Java,Surabaya,E-commerce,PT Maju Jaya Distribusi,OUT8774,Minimarket,SP660,Beverages,Energy Cocoa Drink,SKU82331,29047,132,3834204,0.1294,496146.0,3338058.0,Bundle Promo,No,Cash,11
TRX2020957839,20/10/2020,Semarang,Central Java,Semarang,General Trade,PT Sinar Distribusi,OUT1855,Supermarket,SP743,Candy,Caramel Drop Candy,SKU40642,28722,76,2182872,0.1869,407978.78,1774893.22,Retail Discount,No,Transfer,10
TRX2020263974,30/09/2020,Semarang,Central Java,Semarang,Distributor,PT Sinar Distribusi,OUT6987,Supermarket,SP544,Biscuits,Choco Delight Biscuit,SKU34845,48570,179,8694030,0.0724,629447.77,8064582.23,Retail Discount,No,Credit Term,2
TRX2020972746,2020-11-05,Bandung,West Java,Bandung,Modern Trade,,OUT5957,Traditional Store,SP860,Snacks, Spicy Curl ,SKU49632,15116,50,755800,0.2411,182223.38,573576.62,,No,Transfer,3
TRX2020162789,2020-08-22,Semarang,Central Java,Semarang,Modern Trade,PT Sinar Distribusi,OUT9713,Traditional Store,SP741,Beverages,Energy Cocoa Drink,SKU91208,17214,185,3184590,0.1192,379603.13,2804986.87,Bundle Promo,No,Credit Term,8
TRX2020184230,04/01/2020,Palembang,South Sumatra,Palembang,General Trade,PT Global Snack Dist,OUT5332,Traditional Store,SP618,Snacks,Crunchy Bite,SKU40191,39030,163,6361890,0.0459,292010.75,6069879.25,,No,Transfer,14
TRX2020657595,23/05/2020,Makassar,South Sulawesi,Makassar,E-commerce,PT Maju Jaya Distribusi,OUT7171,Online Store,SP735,Biscuits,Butter Crunch Biscuit,SKU10151,40425,173,6993525,0.1457,1018956.59,5974568.41,Seasonal Promo,No,Credit Term,10
TRX2020210330,2020-04-18,Palembang,South Sumatra,Palembang,General Trade,PT Maju Jaya Distribusi,OUT6489,Traditional Store,SP470,Beverages,Choco Malt Drink,SKU97274,47526,180,8554680,0.1492,1276358.26,7278321.74,Bundle Promo,No,Transfer,12
TRX2020467525,22/04/2020,Yogyakarta,DI Yogyakarta,Yogyakarta,E-commerce,PT Nusantara Supply,OUT2514,Online Store,SP362,Nuts,Salted Cashew Mix,SKU74824,15439,169,2609191,0.0376,98105.58,2511085.42,Seasonal Promo,No,Transfer,4
TRX2020830396,13/10/2020,Bandung,West Java,Bandung,General Trade,PT Maju Jaya Distribusi,OUT4999,Traditional Store,SP856,Biscuits,Choco Delight Biscuit,SKU27510,35166,51,1793466,0.1513,271351.41,1522114.59,Bundle Promo,No,Transfer,6
TRX2020335863,2020-11-20,Semarang,Central Java,Semarang,E-commerce,,OUT7540,Traditional Store,SP240,Nuts,Spicy Peanut Mix,SKU59615,40526,140,5673640,0.0959,544102.08,5129537.92,,No,Cash,9
TRX2020984500,2020-08-29,Bandung,West Java,Bandung,General Trade,PT Nusantara Supply,OUT1918,Traditional Store,SP709,Snacks, Spicy Curl ,SKU62514,5808,13,75504,0.2155,16271.11,59232.89,,No,Cash,8
TRX2020726648,06/10/2020,Medan,North Sumatra,Medan,Distributor,PT Global Snack Dist,OUT2498,Online Store,SP142,Biscuits,Butter Crunch Biscuit,SKU62829,5708,182,1038856,0.1512,157075.03,881780.97,None,No,Cash,7
TRX2020279681,2020-01-19,Bandung,West Java,Bandung,General Trade,PT Nusantara Supply,OUT5895,Online Store,SP335,Snacks,Savory Chips,SKU50429,17467,62,1082954,0.1445,156486.85,926467.15,,No,Credit Term,5
TRX2020209331,2020-06-20,Palembang,South Sumatra,Palembang,Distributor,PT Global Snack Dist,OUT4590,Supermarket,SP261,Nuts,Spicy Peanut Mix,SKU13117,17748,9,159732,0.082,13098.02,146633.98,Retail Discount,No,Transfer,2
TRX2020789068,2020-01-05,Bandung,West Java,Bandung,Modern Trade,PT Maju Jaya Distribusi,OUT1824,Supermarket,SP993,Biscuits,Butter Crunch Biscuit,SKU86647,24270,198,4805460,0.1564,751573.94,4053886.06,Bundle Promo,No,Cash,4
TRX2020189866,04/11/2020,Makassar,South Sulawesi,Makassar,Distributor,PT Maju Jaya Distribusi,OUT5006,Minimarket,SP342,Snacks,Crunchy Bite,SKU27362,22093,145,3203485,0.2084,667606.27,2535878.73,None,No,Cash,6
TRX2020436241,2020-03-26,Makassar,South Sulawesi,Makassar,General Trade,PT Global Snack Dist,OUT8229,Traditional Store,SP814,Snacks,Savory Chips,SKU28688,42987,33,1418571,0.0131,18583.28,1399987.72,Retail Discount,No,Cash,13
TRX2020524420,2020-01-19,Bandung,West Java,Bandung,Distributor,PT Nusantara Supply,OUT8476,Traditional Store,SP701,Snacks,Savory Chips,SKU86978,4772,145,691940,0.0356,24633.06,667306.94,Bundle Promo,No,Credit Term,9
TRX2020560455,2020-02-01,Makassar,South Sulawesi,Makassar,Distributor,PT Nusantara Supply,OUT8762,Online Store,SP709,Biscuits, Choco Delight Biscuit ,SKU88686,10453,175,1829275,0.0379,69329.52,1759945.48,Bundle Promo,No,Credit Term,8
TRX2020639675,23/05/2020,Yogyakarta,DI Yogyakarta,Yogyakarta,Modern Trade,PT Nusantara Supply,OUT1044,Minimarket,SP810,Nuts,Spicy Peanut Mix,SKU94960,49718,77,3828286,0.1194,457097.35,3371188.65,Seasonal Promo,No,Cash,5
TRX2020557540,2020-05-04,Palembang,South Sumatra,Palembang,Modern Trade,PT Global Snack Dist,OUT5196,Minimarket,SP829,Beverages,Nutri Grain Drink,SKU63129,35029,105,3678045,0.2477,911051.75,2766993.25,Seasonal Promo,No,Transfer,4
TRX2020775304,2020-12-31,Semarang,Central Java,Semarang,General Trade,PT Nusantara Supply,OUT3098,Traditional Store,SP247,Candy,Fruit Jelly Candy,SKU76749,33667,14,471338,0.04,18853.52,452484.48,,Yes,Credit Term,6
TRX2020223512,26/03/2020,Bandung,West Java,Bandung,Modern Trade,,OUT1582,Online Store,SP771,Biscuits,Butter Crunch Biscuit,SKU22309,40724,45,1832580,0.2328,426624.62,1405955.38,Seasonal Promo,No,Transfer,8
TRX2020962589,2020-03-09,Bandung,West Java,Bandung,Modern Trade,PT Maju Jaya Distribusi,OUT8938,Minimarket,SP721,Snacks,Crunchy Bite,SKU13716,40746,192,7823232,0.0197,154117.67,7669114.33,None,No,Cash,14
TRX2020835281,2020-05-24,Makassar,South Sulawesi,Makassar,General Trade,PT Sinar Distribusi,OUT4847,Traditional Store,SP756,Snacks,Crunchy Bite,SKU33659,16456,107,1760792,0.0502,88391.76,1672400.24,None,No,Cash,8
TRX2020193522,12/02/2020,Surabaya,East Java,Surabaya,General Trade,PT Maju Jaya Distribusi,OUT2800,Minimarket,SP126,Beverages, Energy Cocoa Drink ,SKU62893,12023,129,1550967,0.1276,197903.39,1353063.61,,No,Transfer,10
TRX2020365573,2020-11-21,Yogyakarta,DI Yogyakarta,Yogyakarta,E-commerce,,OUT8021,Online Store,SP755,Nuts,Spicy Peanut Mix,SKU82459,16886,116,1958776,0.1593,312033.02,1646742.98,Retail Discount,No,Credit Term,7
TRX2020545947,2020-09-27,Bandung,West Java,Bandung,E-commerce,,OUT7691,Minimarket,SP590,Biscuits,Golden Cream Biscuit,SKU42619,7302,97,708294,0.212,150158.33,558135.67,,No,Cash,7
TRX2020594261,2020-11-23,Semarang,Central Java,Semarang,Distributor,PT Global Snack Dist,OUT4053,Minimarket,SP302,Snacks,Savory Chips,SKU88867,47291,145,6857195,0.1458,999779.03,5857415.97,Bundle Promo,No,Cash,4
TRX2020947915,08/03/2020,Makassar,South Sulawesi,Makassar,Modern Trade,PT Maju Jaya Distribusi,OUT6110,Minimarket,SP675,Snacks,Spicy Curl,SKU74505,24243,80,1939440,0.0766,148561.1,1790878.9,Bundle Promo,No,Transfer,2
TRX2020949270,23/10/2020,Medan,North Sumatra,Medan,Distributor,PT Sinar Distribusi,OUT5014,Online Store,SP746,Candy, Caramel Drop Candy ,SKU87110,24806,115,2852690,0.2334,665817.85,2186872.15,None,No,Transfer,10
TRX2020543267,2020-09-23,Yogyakarta,DI Yogyakarta,Yogyakarta,Modern Trade,PT Nusantara Supply,OUT7820,Traditional Store,SP684,Biscuits,Golden Cream Biscuit,SKU44196,20145,128,2578560,0.1403,361771.97,2216788.03,Retail Discount,No,Transfer,14
TRX2020936974,2020-10-18,Semarang,Central Java,Semarang,General Trade,PT Nusantara Supply,OUT4178,Minimarket,SP284,Candy,Mint Pop Candy,SKU31987,7692,33,253836,0.1268,32186.4,221649.6,Bundle Promo,No,Cash,12
TRX2020914583,24/05/2020,Yogyakarta,DI Yogyakarta,Yogyakarta,Modern Trade,PT Sinar Distribusi,OUT7688,Minimarket,SP972,Biscuits,Golden Cream Biscuit,SKU89337,40212,173,6956676,0.1162,808365.75,6148310.25,Retail Discount,No,Cash,11
TRX2020802561,17/02/2020,Palembang,South Sumatra,Palembang,Distributor,,OUT3131,Online Store,SP496,Nuts,Honey Roasted Peanut,SKU59945,33992,22,747824,0.2022,151210.01,596613.99,None,No,Transfer,7
TRX2020590679,2020-10-28,Surabaya,East Java,Surabaya,Distributor,PT Sinar Distribusi,OUT9437,Minimarket,SP864,Nuts, Spicy Peanut Mix ,SKU94661,21690,199,4316310,0.1398,603420.14,3712889.86,None,No,Transfer,10
TRX2020619859,17/11/2020,Makassar,South Sulawesi,Makassar,General Trade,PT Nusantara Supply,OUT6724,Online Store,SP857,Beverages,Choco Malt Drink,SKU23565,24214,169,4092166,0.1503,615052.55,3477113.45,Bundle Promo,No,Transfer,12
TRX2020553099,02/01/2020,Semarang,Central Java,Semarang,Modern Trade,PT Maju Jaya Distribusi,OUT3492,Supermarket,SP878,Snacks,Crunchy Bite,SKU42579,32352,95,3073440,0.1449,445341.46,2628098.54,Seasonal Promo,No,Credit Term,3
TRX2020428403,07/03/2020,Makassar,South Sulawesi,Makassar,Modern Trade,,OUT7094,Supermarket,SP440,Biscuits,Butter Crunch Biscuit,SKU28198,25385,33,837705,0.1849,154891.65,682813.35,None,No,Cash,3
TRX2020733753,22/04/2020,Medan,North Sumatra,Medan,E-commerce,PT Nusantara Supply,OUT2817,Online Store,SP138,Snacks,Crunchy Bite,SKU37195,23716,77,1826132,0.0355,64827.69,1761304.31,None,No,Transfer,14
TRX2020395011,2020-04-20,Jakarta,DKI Jakarta,Jakarta,Modern Trade,PT Sinar Distribusi,OUT2169,Online Store,SP617,Candy,Fruit Jelly Candy,SKU44361,48718,127,6187186,0.1824,1128542.73,5058643.27,Retail Discount,No,Credit Term,6
TRX2020859924,04/11/2020,Semarang,Central Java,Semarang,Modern Trade,,OUT4265,Minimarket,SP632,Candy, Mint Pop Candy ,SKU94245,9831,75,737325,0.1421,104773.88,632551.12,None,No,Cash,11
TRX2020182428,14/12/2020,Makassar,South Sulawesi,Makassar,Modern Trade,,OUT1574,Online Store,SP252,Candy,Mint Pop Candy,SKU79999,8669,109,944921,0.2129,201173.68,743747.32,Bundle Promo,No,Cash,9
TRX2020891259,2020-06-10,Yogyakarta,DI Yogyakarta,Yogyakarta,General Trade,PT Global Snack Dist,OUT5806,Minimarket,SP516,Candy,Mint Pop Candy,SKU22496,47706,57,2719242,0.1851,503331.69,2215910.31,,No,Credit Term,13
TRX2020586737,2020-04-14,Semarang,Central Java,Semarang,General Trade,PT Sinar Distribusi,OUT5259,Minimarket,SP937,Candy,Mint Pop Candy,SKU26580,21548,110,2370280,0.0918,217591.7,2152688.3,Seasonal Promo,No,Transfer,9
TRX2020995575,30/11/2020,Yogyakarta,DI Yogyakarta,Yogyakarta,Distributor,PT Nusantara Supply,OUT8267,Supermarket,SP178,Beverages,Energy Cocoa Drink,SKU98129,34831,7,243817,0.1423,34695.16,209121.84,,No,Transfer,10
TRX2020626211,2020-09-11,Yogyakarta,DI Yogyakarta,Yogyakarta,Modern Trade,,OUT9259,Supermarket,SP283,Nuts,Spicy Peanut Mix,SKU77382,10858,169,1835002,0.152,278920.3,1556081.7,None,No,Transfer,7
TRX2020356787,06/09/2020,Makassar,South Sulawesi,Makassar,General Trade,PT Maju Jaya Distribusi,OUT4596,Minimarket,SP176,Snacks,Spicy Curl,SKU55384,12139,43,521977,0.194,101263.54,420713.46,Seasonal Promo,No,Transfer,1
TRX2020756150,2020-06-14,Yogyakarta,DI Yogyakarta,Yogyakarta,General Trade,PT Maju Jaya Distribusi,OUT9875,Traditional Store,SP295,Candy,Mint Pop Candy,SKU68547,20702,49,1014398,0.1182,119901.84,894496.16,Seasonal Promo,No,Cash,13
TRX2020970102,08/01/2020,Makassar,South Sulawesi,Makassar,Distributor,PT Sinar Distribusi,OUT6297,Minimarket,SP956,Biscuits,Butter Crunch Biscuit,SKU85759,40739,102,4155378,0.2392,993966.42,3161411.58,,No,Cash,10
TRX2020415260,11/02/2020,Palembang,South Sumatra,Palembang,General Trade,PT Maju Jaya Distribusi,OUT4986,Online Store,SP151,Candy,Fruit Jelly Candy,SKU49627,11243,26,292318,0.0634,18532.96,273785.04,Retail Discount,No,Credit Term,9
TRX2020712919,2020-05-02,Surabaya,East Java,Surabaya,E-commerce,PT Maju Jaya Distribusi,OUT6686,Traditional Store,SP803,Nuts,Honey Roasted Peanut,SKU52579,47281,156,7375836,0.0077,56793.94,7319042.06,Retail Discount,No,Transfer,3
TRX2020257880,05/10/2020,Palembang,South Sumatra,Palembang,General Trade,PT Sinar Distribusi,OUT2655,Supermarket,SP896,Nuts,Salted Cashew Mix,SKU79620,18842,129,2430618,0.1821,442615.54,1988002.46,,No,Transfer,6
TRX2020735364,06/12/2020,Semarang,Central Java,Semarang,Modern Trade,PT Global Snack Dist,OUT3222,Traditional Store,SP325,Candy,Mint Pop Candy,SKU17497,17040,78,1329120,0.1809,240437.81,1088682.19,Retail Discount,No,Credit Term,11
TRX2020771878,29/12/2020,Medan,North Sumatra,Medan,E-commerce,PT Nusantara Supply,OUT4595,Minimarket,SP106,Beverages,Choco Malt Drink,SKU51987,19954,54,1077516,0.1102,118742.26,958773.74,Bundle Promo,No,Transfer,5
TRX2020155193,30/07/2020,Medan,North Sumatra,Medan,Modern Trade,PT Maju Jaya Distribusi,OUT9546,Online Store,SP193,Nuts,Spicy Peanut Mix,SKU68488,18665,106,1978490,0.1892,374330.31,1604159.69,,No,Transfer,2
TRX2020941102,2020-05-12,Semarang,Central Java,Semarang,E-commerce,,OUT1897,Supermarket,SP251,Snacks,Crunchy Bite,SKU27187,25168,56,1409408,0.2155,303727.42,1105680.58,,No,Credit Term,9
TRX2020796297,03/08/2020,Semarang,Central Java,Semarang,Distributor,PT Global Snack Dist,OUT9134,Minimarket,SP589,Snacks,Spicy Curl,SKU35753,29948,8,239584,0.1336,32008.42,207575.58,Seasonal Promo,No,Cash,4
TRX2020637946,2020-03-05,Palembang,South Sumatra,Palembang,General Trade,,OUT1449,Traditional Store,SP283,Biscuits, Choco Delight Biscuit ,SKU81208,16065,106,1702890,0.0306,52108.43,1650781.57,Retail Discount,No,Cash,8
TRX2020289219,2020-09-04,Yogyakarta,DI Yogyakarta,Yogyakarta,Modern Trade,,OUT4394,Online Store,SP347,Nuts,Spicy Peanut Mix,SKU56589,22907,16,366512,0.0173,6340.66,360171.34,Retail Discount,No,Cash,14
TRX2020902832,12/03/2020,Palembang,South Sumatra,Palembang,Modern Trade,PT Sinar Distribusi,OUT3876,Minimarket,SP448,Beverages,Energy Cocoa Drink,SKU20107,10562,166,1753292,0.0397,69605.69,1683686.31,Retail Discount,No,Credit Term,1
TRX2020422139,2020-06-12,Bandung,West Java,Bandung,E-commerce,PT Sinar Distribusi,OUT1635,Supermarket,SP358,Candy,Fruit Jelly Candy,SKU53549,6052,97,587044,0.1535,90111.25,496932.75,Retail Discount,No,Cash,12
TRX2020609846,2020-11-15,Bandung,West Java,Bandung,E-commerce,PT Global Snack Dist,OUT2480,Minimarket,SP870,Biscuits,Butter Crunch Biscuit,SKU96966,4650,82,381300,0.2272,86631.36,294668.64,,No,Credit Term,10
TRX2020496193,2020-04-06,Medan,North Sumatra,Medan,Distributor,PT Sinar Distribusi,OUT1555,Minimarket,SP780,Nuts,Honey Roasted Peanut,SKU29740,27648,186,5142528,0.0869,446885.68,4695642.32,None,No,Cash,11
TRX2020398531,2020-08-10,Medan,North Sumatra,Medan,Distributor,PT Nusantara Supply,OUT8624,Minimarket,SP119,Snacks,Savory Chips,SKU74603,37462,22,824164,0.0113,9313.05,814850.95,Retail Discount,No,Cash,6
TRX2020963694,24/09/2020,Jakarta,DKI Jakarta,Jakarta,Modern Trade,PT Sinar Distribusi,OUT3023,Traditional Store,SP511,Snacks,Crunchy Bite,SKU94029,7049,25,176225,0.0649,11437.0,164788.0,None,No,Cash,2
TRX2020675826,02/07/2020,Medan,North Sumatra,Medan,General Trade,PT Global Snack Dist,OUT2343,Minimarket,SP759,Nuts,Spicy Peanut Mix,SKU88654,47229,167,7887243,0.049,386474.91,7500768.09,Seasonal Promo,No,Credit Term,8
TRX2020663366,23/02/2020,Bandung,West Java,Bandung,E-commerce,PT Nusantara Supply,OUT9056,Minimarket,SP836,Candy,Fruit Jelly Candy,SKU92402,18898,11,207878,0.195,40536.21,167341.79,Retail Discount,No,Credit Term,2
TRX2020721625,23/11/2020,Bandung,West Java,Bandung,Modern Trade,PT Global Snack Dist,OUT9698,Supermarket,SP199,Biscuits,Golden Cream Biscuit,SKU89740,15499,157,2433343,0.1503,365731.45,2067611.55,Bundle Promo,No,Credit Term,10
TRX2020719885,19/01/2020,Surabaya,East Java,Surabaya,E-commerce,PT Maju Jaya Distribusi,OUT9231,Supermarket,SP161,Candy,Fruit Jelly Candy,SKU58815,14890,110,1637900,0.1739,284830.81,1353069.19,Bundle Promo,No,Transfer,13
TRX2020261006,2020-03-09,Palembang,South Sumatra,Palembang,General Trade,PT Global Snack Dist,OUT3815,Supermarket,SP524,Candy,Fruit Jelly Candy,SKU18680,32339,67,2166713,0.1379,298789.72,1867923.28,Retail Discount,No,Transfer,4
TRX2020889600,26/07/2020,Makassar,South Sulawesi,Makassar,Distributor,,OUT1109,Minimarket,SP809,Nuts,Salted Cashew Mix,SKU65071,5039,61,307379,0.1708,52500.33,254878.67,,No,Credit Term,6
TRX2020928245,2020-07-22,Medan,North Sumatra,Medan,Distributor,PT Sinar Distribusi,OUT9108,Minimarket,SP640,Biscuits,Choco Delight Biscuit,SKU36074,22234,41,911594,0.2423,220879.23,690714.77,,No,Cash,14
TRX2020587009,07/04/2020,Makassar,South Sulawesi,Makassar,E-commerce,PT Sinar Distribusi,OUT8157,Minimarket,SP551,Beverages,Nutri Grain Drink,SKU66749,15990,5,79950,0.1736,13879.32,66070.68,Retail Discount,No,Credit Term,9
TRX2020434932,2020-04-29,Bandung,West Java,Bandung,Modern Trade,,OUT9457,Online Store,SP875,Beverages,Choco Malt Drink,SKU47744,5944,129,766776,0.2175,166773.78,600002.22,Seasonal Promo,No,Transfer,6
TRX2020637722,2020-03-08,Palembang,South Sumatra,Palembang,General Trade,PT Nusantara Supply,OUT2203,Traditional Store,SP237,Biscuits,Choco Delight Biscuit,SKU67588,40421,9,363789,0.2013,73230.73,290558.27,Seasonal Promo,No,Credit Term,7
TRX2020642703,17/03/2020,Palembang,South Sumatra,Palembang,Distributor,PT Nusantara Supply,OUT3514,Online Store,SP433,Candy,Fruit Jelly Candy,SKU62846,44338,140,6207320,0.1727,1072004.16,5135315.84,Bundle Promo,No,Cash,9
TRX2020865379,2020-10-07,Jakarta,DKI Jakarta,Jakarta,Modern Trade,PT Maju Jaya Distribusi,OUT2830,Online Store,SP142,Nuts,Honey Roasted Peanut,SKU30526,21390,92,1967880,0.1147,225715.84,1742164.16,Bundle Promo,No,Cash,6
TRX2020111974,17/01/2020,Makassar,South Sulawesi,Makassar,Modern Trade,,OUT4236,Traditional Store,SP250,Snacks,Savory Chips,SKU14129,18352,77,1413104,0.1771,250260.72,1162843.28,Seasonal Promo,No,Transfer,4
TRX2020547100,03/09/2020,Palembang,South Sumatra,Palembang,Distributor,PT Sinar Distribusi,OUT1093,Minimarket,SP259,Snacks,Savory Chips,SKU69757,42785,158,6760030,0.0846,571898.54,6188131.46,Bundle Promo,No,Transfer,5
TRX2020102261,10/11/2020,Makassar,South Sulawesi,Makassar,General Trade,,OUT8750,Traditional Store,SP191,Snacks,Savory Chips,SKU61406,33845,96,3249120,0.2298,746647.78,2502472.22,Seasonal Promo,No,Transfer,3
TRX2020440967,2020-10-03,Bandung,West Java,Bandung,E-commerce,PT Sinar Distribusi,OUT1932,Online Store,SP318,Beverages,Energy Cocoa Drink,SKU27655,12165,109,1325985,0.2121,281241.42,1044743.58,None,No,Credit Term,9
TRX2020273513,2020-11-16,Makassar,South Sulawesi,Makassar,Modern Trade,PT Sinar Distribusi,OUT6184,Supermarket,SP957,Biscuits,Choco Delight Biscuit,SKU60893,10666,11,117326,0.2421,28404.62,88921.38,Retail Discount,No,Cash,3
TRX2020464242,2020-02-18,Semarang,Central Java,Semarang,Modern Trade,,OUT5017,Traditional Store,SP125,Beverages,Nutri Grain Drink,SKU96783,30061,67,2014087,0.0015,3021.13,2011065.87,Retail Discount,No,Credit Term,12
TRX2020199688,10/02/2020,Jakarta,DKI Jakarta,Jakarta,Modern Trade,PT Nusantara Supply,OUT9972,Traditional Store,SP805,Nuts,Spicy Peanut Mix,SKU12357,26234,42,1101828,0.1463,161197.44,940630.56,Bundle Promo,No,Transfer,13
TRX2020890433,2020-06-29,Makassar,South Sulawesi,Makassar,Modern Trade,PT Global Snack Dist,OUT3757,Minimarket,SP326,Snacks,Crunchy Bite,SKU19440,20348,28,569744,0.1634,93096.17,476647.83,Retail Discount,No,Credit Term,10
TRX2020704386,2020-06-20,Makassar,South Sulawesi,Makassar,General Trade,,OUT7022,Online Store,SP498,Biscuits,Golden Cream Biscuit,SKU66315,48089,102,4905078,0.0067,32864.02,4872213.98,None,No,Cash,9
TRX2020524191,2020-08-12,Palembang,South Sumatra,Palembang,General Trade,PT Global Snack Dist,OUT3926,Supermarket,SP840,Nuts,Spicy Peanut Mix,SKU42469,37931,2,75862,0.1043,7912.41,67949.59,Bundle Promo,No,Credit Term,6
TRX2020320928,15/11/2020,Jakarta,DKI Jakarta,Jakarta,General Trade,PT Maju Jaya Distribusi,OUT4996,Online Store,SP809,Biscuits,Golden Cream Biscuit,SKU52641,37738,126,4754988,0.1338,636217.39,4118770.61,None,No,Transfer,2
TRX2020648805,02/07/2020,Palembang,South Sumatra,Palembang,Modern Trade,PT Maju Jaya Distribusi,OUT4715,Traditional Store,SP617,Biscuits, Golden Cream Biscuit ,SKU58060,26517,105,2784285,0.139,387015.62,2397269.38,None,No,Transfer,14
TRX2020367961,2020-07-03,Jakarta,DKI Jakarta,Jakarta,Modern Trade,,OUT5037,Online Store,SP417,Snacks,Crunchy Bite,SKU71043,34301,23,788923,0.1012,79839.01,709083.99,None,No,Cash,11
TRX2020294365,29/10/2020,Bandung,West Java,Bandung,General Trade,,OUT3934,Minimarket,SP574,Biscuits,Golden Cream Biscuit,SKU71639,49668,40,1986720,0.0873,173440.66,1813279.34,Bundle Promo,No,Transfer,13
TRX2020915322,27/08/2020,Palembang,South Sumatra,Palembang,E-commerce,PT Nusantara Supply,OUT4411,Supermarket,SP544,Nuts,Salted Cashew Mix,SKU49553,47845,25,1196125,0.0004,478.45,1195646.55,None,No,Transfer,13
TRX2020968483,2020-04-11,Yogyakarta,DI Yogyakarta,Yogyakarta,E-commerce,,OUT8405,Online Store,SP293,Candy, Fruit Jelly Candy ,SKU48067,3591,130,466830,0.1608,75066.26,391763.74,Bundle Promo,No,Credit Term,14
TRX2020515306,2020-10-04,Semarang,Central Java,Semarang,E-commerce,PT Global Snack Dist,OUT9705,Minimarket,SP575,Candy,Fruit Jelly Candy,SKU43569,49613,173,8583049,0.0215,184535.55,8398513.45,Retail Discount,No,Cash,7
TRX2020203008,08/12/2020,Medan,North Sumatra,Medan,Modern Trade,PT Sinar Distribusi,OUT9296,Traditional Store,SP181,Nuts,Honey Roasted Peanut,SKU36521,22455,151,3390705,0.0675,228872.59,3161832.41,Bundle Promo,No,Cash,13
TRX2020362984,23/06/2020,Semarang,Central Java,Semarang,General Trade,PT Nusantara Supply,OUT4834,Traditional Store,SP381,Candy,Fruit Jelly Candy,SKU29401,10287,173,1779651,0.067,119236.62,1660414.38,Retail Discount,No,Transfer,3
TRX2020869369,24/05/2020,Surabaya,East Java,Surabaya,Modern Trade,PT Sinar Distribusi,OUT8798,Minimarket,SP611,Nuts,Honey Roasted Peanut,SKU82917,21239,47,998233,0.1185,118290.61,879942.39,None,No,Cash,13
TRX2020188805,2020-07-25,Jakarta,DKI Jakarta,Jakarta,General Trade,PT Nusantara Supply,OUT7151,Supermarket,SP820,Candy,Caramel Drop Candy,SKU94896,25987,189,4911543,0.0614,301568.74,4609974.26,Retail Discount,No,Credit Term,12
TRX2020384106,15/06/2020,Palembang,South Sumatra,Palembang,E-commerce,PT Sinar Distribusi,OUT1402,Minimarket,SP337,Biscuits,Golden Cream Biscuit,SKU78270,5161,169,872209,0.076,66287.88,805921.12,Seasonal Promo,No,Transfer,10
TRX2020125265,11/08/2020,Semarang,Central Java,Semarang,Distributor,PT Sinar Distribusi,OUT6563,Supermarket,SP192,Candy,Mint Pop Candy,SKU77722,31071,81,2516751,0.1913,481454.47,2035296.53,None,No,Credit Term,6
TRX2020659204,2020-07-29,Surabaya,East Java,Surabaya,General Trade,,OUT9986,Supermarket,SP732,Snacks,Crunchy Bite,SKU95798,22646,69,1562574,0.0822,128443.58,1434130.42,,No,Credit Term,12
TRX2020101122,14/05/2020,Semarang,Central Java,Semarang,Modern Trade,PT Nusantara Supply,OUT3878,Online Store,SP910,Snacks,Savory Chips,SKU78473,38034,89,3385026,0.1029,348319.18,3036706.82,,No,Transfer,7
TRX2020553503,21/04/2020,Semarang,Central Java,Semarang,General Trade,PT Maju Jaya Distribusi,OUT7257,Online Store,SP253,Snacks,Crunchy Bite,SKU10112,11597,135,1565595,0.2485,389050.36,1176544.64,,No,Credit Term,10
TRX2020113851,13/08/2020,Semarang,Central Java,Semarang,General Trade,PT Maju Jaya Distribusi,OUT4122,Online Store,SP851,Candy,Fruit Jelly Candy,SKU74748,23325,157,3662025,0.1894,693587.54,2968437.46,Seasonal Promo,No,Cash,1
TRX2020750945,11/08/2020,Makassar,South Sulawesi,Makassar,General Trade,PT Nusantara Supply,OUT9214,Minimarket,SP230,Biscuits,Butter Crunch Biscuit,SKU20290,18674,36,672264,0.1377,92570.75,579693.25,None,No,Cash,13
TRX2020200721,10/07/2020,Bandung,West Java,Bandung,General Trade,PT Maju Jaya Distribusi,OUT5827,Online Store,SP200,Snacks,Savory Chips,SKU92805,7920,77,609840,0.1603,97757.35,512082.65,,No,Cash,5
TRX2020751934,07/04/2020,Palembang,South Sumatra,Palembang,Modern Trade,PT Maju Jaya Distribusi,OUT4271,Online Store,SP162,Snacks,Crunchy Bite,SKU77526,22361,149,3331789,0.0808,269208.55,3062580.45,None,No,Credit Term,1
TRX2020171551,2020-12-17,Surabaya,East Java,Surabaya,Modern Trade,PT Maju Jaya Distribusi,OUT7270,Traditional Store,SP970,Beverages, Energy Cocoa Drink ,SKU35288,30681,122,3743082,0.1173,439063.52,3304018.48,None,No,Credit Term,4
TRX2020793974,23/11/2020,Makassar,South Sulawesi,Makassar,E-commerce,,OUT9301,Online Store,SP692,Snacks,Crunchy Bite,SKU10350,25750,73,1879750,0.0122,22932.95,1856817.05,Retail Discount,No,Credit Term,2
TRX2020129784,2020-07-18,Yogyakarta,DI Yogyakarta,Yogyakarta,Distributor,,OUT7632,Minimarket,SP940,Biscuits, Butter Crunch Biscuit ,SKU88683,37131,131,4864161,0.0062,30157.8,4834003.2,None,No,Cash,5
TRX2020924899,2020-05-07,Jakarta,DKI Jakarta,Jakarta,E-commerce,PT Maju Jaya Distribusi,OUT4673,Traditional Store,SP701,Beverages,Energy Cocoa Drink,SKU16405,11669,22,256718,0.0616,15813.83,240904.17,Seasonal Promo,No,Transfer,1
TRX2020192673,2020-08-10,Surabaya,East Java,Surabaya,Modern Trade,PT Nusantara Supply,OUT9594,Traditional Store,SP407,Biscuits,Golden Cream Biscuit,SKU30333,2381,194,461914,0.2222,102637.29,359276.71,Retail Discount,No,Cash,5
TRX2020802098,2020-04-02,Makassar,South Sulawesi,Makassar,Distributor,,OUT3237,Supermarket,SP597,Biscuits,Golden Cream Biscuit,SKU98625,33834,148,5007432,0.1324,662984.0,4344448.0,Retail Discount,No,Credit Term,4
TRX2020728717,2020-03-29,Palembang,South Sumatra,Palembang,Modern Trade,PT Global Snack Dist,OUT4196,Online Store,SP639,Snacks,Spicy Curl,SKU65012,39845,36,1434420,0.1153,165388.63,1269031.37,Seasonal Promo,No,Cash,11
TRX2020338786,2020-05-02,Medan,North Sumatra,Medan,Distributor,PT Global Snack Dist,OUT8596,Supermarket,SP815,Biscuits,Butter Crunch Biscuit,SKU58879,4293,197,845721,0.1273,107660.28,738060.72,Retail Discount,No,Transfer,7
TRX2020148248,27/02/2020,Makassar,South Sulawesi,Makassar,E-commerce,,OUT6432,Traditional Store,SP145,Biscuits,Butter Crunch Biscuit,SKU96010,8139,177,1440603,0.2224,320390.11,1120212.89,None,No,Transfer,10
TRX2020716302,2020-06-10,Jakarta,DKI Jakarta,Jakarta,Distributor,,OUT1151,Online Store,SP258,Nuts,Spicy Peanut Mix,SKU71509,6901,191,1318091,0.004,5272.36,1312818.64,None,No,Transfer,6
TRX2020403312,24/11/2020,Surabaya,East Java,Surabaya,General Trade,PT Sinar Distribusi,OUT1030,Minimarket,SP467,Snacks,Savory Chips,SKU48711,41600,15,624000,0.021,13104.0,610896.0,None,No,Cash,5
TRX2020724097,25/03/2020,Semarang,Central Java,Semarang,Modern Trade,PT Sinar Distribusi,OUT5007,Minimarket,SP445,Beverages,Nutri Grain Drink,SKU20559,9843,175,1722525,0.0283,48747.46,1673777.54,None,No,Credit Term,1
TRX2020873893,2020-04-01,Yogyakarta,DI Yogyakarta,Yogyakarta,E-commerce,PT Nusantara Supply,OUT2328,Minimarket,SP131,Candy,Fruit Jelly Candy,SKU89926,10670,52,554840,0.1686,93546.02,461293.98,Bundle Promo,No,Credit Term,6
TRX2020491721,2020-07-19,Surabaya,East Java,Surabaya,General Trade,,OUT4277,Online Store,SP976,Nuts,Honey Roasted Peanut,SKU88550,8028,96,770688,0.1697,130785.75,639902.25,Retail Discount,No,Transfer,6
TRX2020528236,20/02/2020,Yogyakarta,DI Yogyakarta,Yogyakarta,Modern Trade,PT Global Snack Dist,OUT8245,Supermarket,SP232,Biscuits,Choco Delight Biscuit,SKU38723,47863,188,8998244,0.0415,373427.13,8624816.87,Bundle Promo,No,Cash,1
TRX2020353094,2020-12-10,Palembang,South Sumatra,Palembang,E-commerce,PT Sinar Distribusi,OUT3440,Minimarket,SP905,Beverages, Nutri Grain Drink ,SKU24055,43945,153,6723585,0.2021,1358836.53,5364748.47,None,Yes,Cash,1
TRX2020219007,12/09/2020,Yogyakarta,DI Yogyakarta,Yogyakarta,General Trade,PT Global Snack Dist,OUT2082,Traditional Store,SP245,Snacks,Spicy Curl,SKU32431,49055,189,9271395,0.0611,566482.23,8704912.77,Retail Discount,No,Transfer,13
TRX2020512495,2020-11-10,Semarang,Central Java,Semarang,Distributor,PT Global Snack Dist,OUT9021,Minimarket,SP256,Biscuits,Choco Delight Biscuit,SKU38511,32657,86,2808502,0.1866,524066.47,2284435.53,Bundle Promo,Yes,Credit Term,4
TRX2020430361,2020-05-28,Medan,North Sumatra,Medan,E-commerce,PT Maju Jaya Distribusi,OUT6583,Traditional Store,SP695,Beverages,Choco Malt Drink,SKU50363,10504,98,1029392,0.026,26764.19,1002627.81,None,No,Cash,14
TRX2020878585,17/06/2020,Medan,North Sumatra,Medan,General Trade,PT Sinar Distribusi,OUT3298,Supermarket,SP436,Biscuits,Choco Delight Biscuit,SKU17251,12028,29,348812,0.0112,3906.69,344905.31,None,No,Cash,12
TRX2020309691,06/10/2020,Makassar,South Sulawesi,Makassar,General Trade,PT Nusantara Supply,OUT3286,Traditional Store,SP263,Nuts, Spicy Peanut Mix ,SKU96421,17580,31,544980,0.1394,75970.21,469009.79,Retail Discount,No,Transfer,9
TRX2020486276,16/08/2020,Bandung,West Java,Bandung,General Trade,PT Global Snack Dist,OUT7100,Supermarket,SP397,Snacks, Savory Chips ,SKU35359,14385,14,201390,0.2059,41466.2,159923.8,Bundle Promo,No,Credit Term,3
TRX2020917745,2020-07-15,Makassar,South Sulawesi,Makassar,E-commerce,PT Maju Jaya Distribusi,OUT7258,Traditional Store,SP821,Candy,Fruit Jelly Candy,SKU82055,33731,50,1686550,0.2056,346754.68,1339795.32,None,No,Cash,14
TRX2020361208,2020-06-01,Makassar,South Sulawesi,Makassar,Distributor,PT Nusantara Supply,OUT6772,Minimarket,SP125,Nuts, Spicy Peanut Mix ,SKU21767,29431,52,1530412,0.0427,65348.59,1465063.41,Retail Discount,No,Credit Term,10
TRX2020838741,2020-05-13,Makassar,South Sulawesi,Makassar,Modern Trade,,OUT4303,Traditional Store,SP375,Nuts,Honey Roasted Peanut,SKU47669,15400,144,2217600,0.169,374774.4,1842825.6,,No,Cash,9
TRX2020775195,2020-04-07,Palembang,South Sumatra,Palembang,Modern Trade,PT Global Snack Dist,OUT9860,Online Store,SP428,Nuts,Honey Roasted Peanut,SKU34208,31880,28,892640,0.0167,14907.09,877732.91,Seasonal Promo,No,Cash,1
TRX2020709107,28/02/2020,Bandung,West Java,Bandung,Modern Trade,,OUT6685,Traditional Store,SP773,Snacks, Spicy Curl ,SKU68492,35198,55,1935890,0.2327,450481.6,1485408.4,,No,Transfer,1
TRX2020879635,12/09/2020,Makassar,South Sulawesi,Makassar,Modern Trade,PT Global Snack Dist,OUT7986,Minimarket,SP551,Beverages,Choco Malt Drink,SKU17682,14078,177,2491806,0.0383,95436.17,2396369.83,None,No,Credit Term,10
TRX2020289361,2020-08-01,Semarang,Central Java,Semarang,General Trade,PT Nusantara Supply,OUT5337,Online Store,SP199,Candy,Fruit Jelly Candy,SKU46763,14324,20,286480,0.194,55577.12,230902.88,Bundle Promo,No,Transfer,14
TRX2020486260,2020-07-04,Surabaya,East Java,Surabaya,E-commerce,PT Nusantara Supply,OUT1082,Online Store,SP230,Nuts,Salted Cashew Mix,SKU89122,24960,168,4193280,0.0091,38158.85,4155121.15,None,No,Credit Term,4
