Transaction_ID,Transaction_Date,Region,Province,City,Sales_Channel,Distributor_Name,Outlet_ID,Outlet_Type,Salesperson_ID,Product_Category,Product_Name,SKU_Code,Unit_Price,Quantity_Sold,Gross_Sales,Discount_Percent,Discount_Amount,Net_Sales,Promotion_Type,Return_Flag,Payment_Method,Delivery_Time_Days
TRX2022521118,2022-05-15,Bandung,West Java,Bandung,E-commerce,PT Nusantara Supply,OUT5011,Supermarket,SP465,Nuts,Honey Roasted Peanut,SKU72495,39762,179,7117398,0.0339,241279.79,6876118.21,Bundle Promo,No,Cash,10
TRX2022421231,30/12/2022,Palembang,South Sumatra,Palembang,Distributor,,OUT1885,Supermarket,SP986,Snacks,Crunchy Bite,SKU60662,8355,31,259005,0.0491,12717.15,246287.85,None,No,Transfer,3
TRX2022654338,2022-01-06,Yogyakarta,DI Yogyakarta,Yogyakarta,E-commerce,PT Sinar Distribusi,OUT2946,Supermarket,SP951,Beverages,Choco Malt Drink,SKU86379,16456,13,213928,0.1029,22013.19,191914.81,Retail Discount,No,Transfer,6
TRX2022396458,2022-08-04,Makassar,South Sulawesi,Makassar,E-commerce,PT Nusantara Supply,OUT2498,Minimarket,SP677,Beverages,Choco Malt Drink,SKU60592,23282,161,3748402,0.1886,706948.62,3041453.38,Bundle Promo,No,Cash,13
TRX2022559156,2022-01-14,Jakarta,DKI Jakarta,Jakarta,Modern Trade,,OUT5584,Online Store,SP629,Nuts,Salted Cashew Mix,SKU52883,32124,75,2409300,0.1924,463549.32,1945750.68,None,No,Credit Term,3
TRX2022213534,2022-11-18,Bandung,West Java,Bandung,General Trade,PT Nusantara Supply,OUT2027,Supermarket,SP729,Biscuits,Butter Crunch Biscuit,SKU62827,32923,98,3226454,0.1324,427182.51,2799271.49,Seasonal Promo,No,Cash,8
TRX2022447530,2022-04-15,Surabaya,East Java,Surabaya,General Trade,PT Sinar Distribusi,OUT1763,Online Store,SP143,Beverages, Energy Cocoa Drink ,SKU88980,43484,131,5696404,0.2092,1191687.72,4504716.28,Seasonal Promo,No,Transfer,3
TRX2022599271,2022-10-05,Bandung,West Java,Bandung,E-commerce,PT Nusantara Supply,OUT2898,Minimarket,SP762,Candy,Fruit Jelly Candy,SKU50668,15597,77,1200969,0.0158,18975.31,1181993.69,Seasonal Promo,No,Credit Term,3
TRX2022205544,10/11/2022,Makassar,South Sulawesi,Makassar,E-commerce,PT Sinar Distribusi,OUT2470,Minimarket,SP882,Candy,Mint Pop Candy,SKU40151,14797,38,562286,0.1361,76527.12,485758.88,Retail Discount,No,Credit Term,11
TRX2022428690,2022-08-29,Medan,North Sumatra,Medan,Modern Trade,PT Sinar Distribusi,OUT5494,Minimarket,SP831,Nuts,Honey Roasted Peanut,SKU88097,49032,163,7992216,0.1398,1117311.8,6874904.2,Retail Discount,No,Credit Term,7
TRX2022150808,2022-04-14,Makassar,South Sulawesi,Makassar,E-commerce,PT Nusantara Supply,OUT6779,Supermarket,SP645,Nuts,Salted Cashew Mix,SKU49079,27470,191,5246770,0.0314,164748.58,5082021.42,Bundle Promo,No,Transfer,3
TRX2022996229,2022-11-05,Palembang,South Sumatra,Palembang,General Trade,PT Sinar Distribusi,OUT9272,Minimarket,SP650,Beverages,Energy Cocoa Drink,SKU93858,24729,67,1656843,0.1485,246041.19,1410801.81,None,No,Credit Term,8
TRX2022833914,12/11/2022,Surabaya,East Java,Surabaya,Modern Trade,PT Sinar Distribusi,OUT1896,Supermarket,SP443,Candy,Fruit Jelly Candy,SKU53877,40815,192,7836480,0.0797,624567.46,7211912.54,,No,Cash,8
TRX2022508089,2022-01-03,Makassar,South Sulawesi,Makassar,Distributor,PT Maju Jaya Distribusi,OUT8411,Supermarket,SP836,Candy, Caramel Drop Candy ,SKU34271,44149,129,5695221,0.0574,326905.69,5368315.31,None,No,Transfer,4
TRX2022234527,2022-10-01,Jakarta,DKI Jakarta,Jakarta,Modern Trade,PT Sinar Distribusi,OUT2733,Traditional Store,SP657,Beverages,Nutri Grain Drink,SKU80534,34834,48,1672032,0.2363,395101.16,1276930.84,None,No,Cash,11
TRX2022256850,2022-09-29,Medan,North Sumatra,Medan,E-commerce,,OUT9093,Online Store,SP715,Biscuits,Choco Delight Biscuit,SKU24364,34217,119,4071823,0.1768,719898.31,3351924.69,Seasonal Promo,No,Transfer,12
TRX2022261279,06/10/2022,Jakarta,DKI Jakarta,Jakarta,General Trade,,OUT9996,Supermarket,SP946,Nuts, Honey Roasted Peanut ,SKU39489,24065,58,1395770,0.1345,187731.07,1208038.94,None,No,Cash,14
TRX2022239458,20/07/2022,Makassar,South Sulawesi,Makassar,Distributor,,OUT5808,Supermarket,SP843,Nuts,Salted Cashew Mix,SKU80362,17557,87,1527459,0.2047,312670.86,1214788.14,Seasonal Promo,No,Cash,10
TRX2022339205,22/06/2022,Makassar,South Sulawesi,Makassar,Distributor,PT Maju Jaya Distribusi,OUT4017,Online Store,SP374,Snacks,Spicy Curl,SKU94611,11236,186,2089896,0.2159,451208.55,1638687.45,,No,Cash,8
TRX2022310205,2022-03-05,Bandung,West Java,Bandung,General Trade,,OUT8012,Supermarket,SP468,Beverages,Nutri Grain Drink,SKU60228,31835,145,4616075,0.0718,331434.18,4284640.82,Seasonal Promo,No,Transfer,3
TRX2022888457,27/12/2022,Surabaya,East Java,Surabaya,Distributor,PT Global Snack Dist,OUT9642,Online Store,SP673,Nuts,Salted Cashew Mix,SKU95738,39214,111,4352754,0.2443,1063377.8,3289376.2,,Yes,Transfer,6
TRX2022273443,2022-01-03,Medan,North Sumatra,Medan,Distributor,,OUT6607,Supermarket,SP809,Candy,Fruit Jelly Candy,SKU13911,48421,134,6488414,0.0251,162859.19,6325554.81,,No,Transfer,4
TRX2022461814,2022-09-25,Surabaya,East Java,Surabaya,E-commerce,,OUT5046,Minimarket,SP838,Beverages,Nutri Grain Drink,SKU70214,39371,148,5826908,0.0572,333299.14,5493608.86,,No,Transfer,11
TRX2022361843,2022-07-26,Surabaya,East Java,Surabaya,Modern Trade,PT Nusantara Supply,OUT8800,Minimarket,SP122,Beverages,Energy Cocoa Drink,SKU18302,35617,154,5485018,0.0795,436058.93,5048959.07,Retail Discount,No,Credit Term,3
TRX2022819587,2022-02-14,Bandung,West Java,Bandung,Distributor,,OUT2577,Minimarket,SP455,Candy,Fruit Jelly Candy,SKU53124,37361,113,4221793,0.0293,123698.53,4098094.47,Bundle Promo,Yes,Cash,14
TRX2022697487,23/10/2022,Yogyakarta,DI Yogyakarta,Yogyakarta,E-commerce,,OUT3578,Minimarket,SP578,Candy, Fruit Jelly Candy ,SKU39724,5948,4,23792,0.1061,2524.33,21267.67,Retail Discount,No,Transfer,8
TRX2022812564,2022-07-02,Medan,North Sumatra,Medan,E-commerce,PT Nusantara Supply,OUT6373,Supermarket,SP481,Nuts,Salted Cashew Mix,SKU62628,32233,49,1579417,0.0689,108821.83,1470595.17,None,No,Transfer,9
TRX2022421509,2022-05-19,Medan,North Sumatra,Medan,Distributor,PT Sinar Distribusi,OUT6411,Supermarket,SP675,Candy,Fruit Jelly Candy,SKU98883,25343,135,3421305,0.0582,199119.95,3222185.05,Seasonal Promo,No,Transfer,4
TRX2022888022,2022-05-21,Jakarta,DKI Jakarta,Jakarta,General Trade,PT Sinar Distribusi,OUT4726,Minimarket,SP507,Beverages,Energy Cocoa Drink,SKU56386,44086,54,2380644,0.0958,228065.7,2152578.3,Seasonal Promo,Yes,Credit Term,10
TRX2022790829,2022-09-13,Semarang,Central Java,Semarang,Distributor,PT Maju Jaya Distribusi,OUT5079,Minimarket,SP105,Candy,Fruit Jelly Candy,SKU28093,42037,17,714629,0.0065,4645.09,709983.91,,No,Cash,4
TRX2022950325,2022-11-26,Palembang,South Sumatra,Palembang,Modern Trade,PT Global Snack Dist,OUT5223,Minimarket,SP359,Candy,Mint Pop Candy,SKU11599,29656,97,2876632,0.0469,134914.04,2741717.96,None,No,Credit Term,1
TRX2022815249,30/04/2022,Jakarta,DKI Jakarta,Jakarta,Modern Trade,PT Sinar Distribusi,OUT6674,Supermarket,SP110,Candy,Caramel Drop Candy,SKU19431,14244,121,1723524,0.115,198205.26,1525318.74,,No,Transfer,9
TRX2022521118,10/10/2022,Surabaya,East Java,Surabaya,Distributor,PT Nusantara Supply,OUT2000,Supermarket,SP951,Nuts,Spicy Peanut Mix,SKU38787,41630,122,5078860,0.198,1005614.28,4073245.72,None,No,Transfer,2
TRX2022501491,2022-06-17,Yogyakarta,DI Yogyakarta,Yogyakarta,E-commerce,,OUT6903,Online Store,SP288,Candy,Caramel Drop Candy,SKU98887,36291,36,1306476,0.1474,192574.56,1113901.44,Bundle Promo,No,Credit Term,11
TRX2022276792,2022-03-19,Palembang,South Sumatra,Palembang,General Trade,PT Maju Jaya Distribusi,OUT2999,Traditional Store,SP753,Beverages,Energy Cocoa Drink,SKU42661,23271,12,279252,0.2177,60793.16,218458.84,Retail Discount,No,Credit Term,10
TRX2022296309,2022-03-25,Bandung,West Java,Bandung,Modern Trade,,OUT9527,Supermarket,SP601,Beverages,Energy Cocoa Drink,SKU14413,12987,150,1948050,0.2063,401882.72,1546167.28,Seasonal Promo,No,Credit Term,2
TRX2022815511,2022-01-11,Medan,North Sumatra,Medan,E-commerce,,OUT1386,Traditional Store,SP566,Nuts, Salted Cashew Mix ,SKU68557,35608,144,5127552,0.1173,601461.85,4526090.15,,No,Transfer,9
TRX2022906313,27/08/2022,Medan,North Sumatra,Medan,Modern Trade,PT Sinar Distribusi,OUT9483,Online Store,SP863,Beverages,Energy Cocoa Drink,SKU27834,22146,163,3609798,0.1363,492015.47,3117782.53,Bundle Promo,No,Credit Term,5
TRX2022357305,24/05/2022,Surabaya,East Java,Surabaya,Distributor,PT Nusantara Supply,OUT1540,Online Store,SP735,Beverages,Choco Malt Drink,SKU46408,3860,31,119660,0.1017,12169.42,107490.58,Seasonal Promo,No,Cash,8
TRX2022757083,29/10/2022,Medan,North Sumatra,Medan,E-commerce,PT Sinar Distribusi,OUT4296,Minimarket,SP785,Snacks,Crunchy Bite,SKU63046,16793,134,2250262,0.0949,213549.86,2036712.14,Retail Discount,No,Cash,7
TRX2022102468,2022-09-20,Bandung,West Java,Bandung,E-commerce,PT Maju Jaya Distribusi,OUT5203,Supermarket,SP624,Nuts,Spicy Peanut Mix,SKU21300,30431,12,365172,0.248,90562.66,274609.34,Bundle Promo,No,Cash,8
TRX2022874076,26/10/2022,Bandung,West Java,Bandung,E-commerce,PT Nusantara Supply,OUT4631,Traditional Store,SP475,Snacks, Spicy Curl ,SKU59310,45787,103,4716061,0.1454,685715.27,4030345.73,None,No,Credit Term,10
TRX2022977239,16/10/2022,Medan,North Sumatra,Medan,E-commerce,PT Global Snack Dist,OUT9331,Traditional Store,SP308,Nuts,Honey Roasted Peanut,SKU80970,43414,141,6121374,0.1505,921266.79,5200107.21,,No,Cash,9
TRX2022490285,16/10/2022,Surabaya,East Java,Surabaya,General Trade,PT Nusantara Supply,OUT6628,Online Store,SP578,Biscuits,Golden Cream Biscuit,SKU66816,46448,170,7896160,0.1115,880421.84,7015738.16,Seasonal Promo,No,Transfer,10
TRX2022780506,24/12/2022,Palembang,South Sumatra,Palembang,General Trade,PT Maju Jaya Distribusi,OUT6109,Online Store,SP330,Biscuits,Golden Cream Biscuit,SKU38396,30489,113,3445257,0.1976,680782.78,2764474.22,None,No,Cash,2
TRX2022156911,2022-05-05,Makassar,South Sulawesi,Makassar,Modern Trade,,OUT9732,Traditional Store,SP733,Candy,Fruit Jelly Candy,SKU11856,12590,110,1384900,0.1484,205519.16,1179380.84,Seasonal Promo,No,Transfer,7
TRX2022170961,2022-03-15,Yogyakarta,DI Yogyakarta,Yogyakarta,E-commerce,PT Maju Jaya Distribusi,OUT1200,Traditional Store,SP287,Beverages,Energy Cocoa Drink,SKU44682,23390,190,4444100,0.1526,678169.66,3765930.34,Bundle Promo,No,Transfer,13
TRX2022339618,2022-07-24,Bandung,West Java,Bandung,Modern Trade,PT Maju Jaya Distribusi,OUT4263,Online Store,SP825,Biscuits,Golden Cream Biscuit,SKU93377,47895,69,3304755,0.1037,342703.09,2962051.91,Seasonal Promo,No,Cash,12
TRX2022493555,2022-09-17,Medan,North Sumatra,Medan,Modern Trade,PT Nusantara Supply,OUT2127,Supermarket,SP420,Candy,Mint Pop Candy,SKU21905,23823,135,3216105,0.161,517792.91,2698312.09,Seasonal Promo,No,Transfer,12
TRX2022302158,2022-06-29,Surabaya,East Java,Surabaya,Modern Trade,PT Nusantara Supply,OUT3284,Traditional Store,SP736,Candy,Caramel Drop Candy,SKU96676,46856,46,2155376,0.1371,295502.05,1859873.95,Seasonal Promo,No,Credit Term,12
TRX2022954589,2022-06-04,Semarang,Central Java,Semarang,General Trade,PT Maju Jaya Distribusi,OUT8263,Online Store,SP665,Nuts,Honey Roasted Peanut,SKU46400,2883,128,369024,0.096,35426.3,333597.7,,No,Cash,12
TRX2022255414,10/05/2022,Semarang,Central Java,Semarang,Distributor,,OUT1516,Supermarket,SP843,Snacks,Savory Chips,SKU73161,6605,191,1261555,0.0242,30529.63,1231025.37,,No,Credit Term,14
TRX2022521118,21/08/2022,Semarang,Central Java,Semarang,General Trade,PT Nusantara Supply,OUT7068,Traditional Store,SP426,Nuts, Honey Roasted Peanut ,SKU72540,7175,165,1183875,0.2288,270870.6,913004.4,Retail Discount,No,Cash,10
TRX2022753982,2022-05-01,Medan,North Sumatra,Medan,E-commerce,PT Global Snack Dist,OUT4370,Traditional Store,SP623,Snacks,Spicy Curl,SKU54328,35199,110,3871890,0.179,693068.31,3178821.69,Bundle Promo,No,Credit Term,7
TRX2022790558,31/01/2022,Surabaya,East Java,Surabaya,Modern Trade,PT Nusantara Supply,OUT1737,Minimarket,SP249,Beverages, Choco Malt Drink ,SKU78059,44587,179,7981073,0.0046,36712.94,7944360.06,,No,Cash,6
TRX2022248356,2022-10-26,Yogyakarta,DI Yogyakarta,Yogyakarta,Modern Trade,PT Sinar Distribusi,OUT8533,Traditional Store,SP386,Biscuits,Golden Cream Biscuit,SKU60289,15764,12,189168,0.0378,7150.55,182017.45,Seasonal Promo,No,Transfer,8
TRX2022216938,2022-01-03,Surabaya,East Java,Surabaya,General Trade,PT Global Snack Dist,OUT5138,Minimarket,SP125,Nuts,Salted Cashew Mix,SKU84094,3799,73,277327,0.1306,36218.91,241108.09,Bundle Promo,No,Transfer,9
TRX2022176925,2022-07-22,Makassar,South Sulawesi,Makassar,Modern Trade,,OUT5727,Supermarket,SP576,Snacks,Savory Chips,SKU69847,35647,196,6986812,0.2492,1741113.55,5245698.45,Bundle Promo,No,Credit Term,5
TRX2022891249,21/08/2022,Bandung,West Java,Bandung,General Trade,PT Global Snack Dist,OUT6255,Minimarket,SP585,Biscuits,Choco Delight Biscuit,SKU39781,5585,14,78190,0.0539,4214.44,73975.56,Bundle Promo,No,Cash,1
TRX2022399876,22/10/2022,Semarang,Central Java,Semarang,Distributor,PT Sinar Distribusi,OUT3550,Online Store,SP211,Beverages,Choco Malt Drink,SKU57732,4953,188,931164,0.0687,63970.97,867193.03,Bundle Promo,No,Credit Term,1
TRX2022565072,2022-07-06,Makassar,South Sulawesi,Makassar,General Trade,PT Global Snack Dist,OUT5657,Supermarket,SP909,Nuts,Salted Cashew Mix,SKU51782,43875,130,5703750,0.0479,273209.62,5430540.38,Retail Discount,No,Cash,13
TRX2022534065,2022-02-21,Makassar,South Sulawesi,Makassar,Distributor,PT Global Snack Dist,OUT3806,Supermarket,SP521,Candy,Caramel Drop Candy,SKU79502,23206,141,3272046,0.1819,595185.17,2676860.83,,No,Credit Term,6
TRX2022751698,2022-07-02,Bandung,West Java,Bandung,Distributor,PT Global Snack Dist,OUT8049,Traditional Store,SP860,Candy, Mint Pop Candy ,SKU43428,33244,40,1329760,0.2002,266217.95,1063542.05,Bundle Promo,No,Transfer,11
TRX2022534129,10/04/2022,Medan,North Sumatra,Medan,Modern Trade,PT Sinar Distribusi,OUT7450,Supermarket,SP542,Biscuits,Choco Delight Biscuit,SKU80773,28966,44,1274504,0.2473,315184.84,959319.16,Retail Discount,No,Transfer,2
TRX2022508401,2022-06-13,Surabaya,East Java,Surabaya,General Trade,PT Global Snack Dist,OUT8079,Supermarket,SP546,Biscuits,Golden Cream Biscuit,SKU72710,9372,200,1874400,0.0691,129521.04,1744878.96,Bundle Promo,No,Credit Term,7
TRX2022217403,2022-10-18,Jakarta,DKI Jakarta,Jakarta,General Trade,PT Global Snack Dist,OUT4370,Online Store,SP258,Nuts,Salted Cashew Mix,SKU81461,9806,135,1323810,0.0404,53481.92,1270328.08,Retail Discount,No,Transfer,7
TRX2022314209,2022-10-14,Palembang,South Sumatra,Palembang,Modern Trade,PT Nusantara Supply,OUT1044,Traditional Store,SP578,Nuts,Honey Roasted Peanut,SKU39427,26498,195,5167110,0.1898,980717.48,4186392.52,Retail Discount,No,Cash,2
TRX2022337590,20/07/2022,Semarang,Central Java,Semarang,General Trade,,OUT5493,Traditional Store,SP149,Nuts,Spicy Peanut Mix,SKU31143,11133,172,1914876,0.025,47871.9,1867004.1,,No,Cash,14
TRX2022930042,2022-12-31,Yogyakarta,DI Yogyakarta,Yogyakarta,General Trade,,OUT9285,Traditional Store,SP591,Biscuits,Butter Crunch Biscuit,SKU17915,26684,138,3682392,0.0131,48239.34,3634152.66,Bundle Promo,No,Cash,11
TRX2022757772,2022-09-14,Medan,North Sumatra,Medan,E-commerce,PT Sinar Distribusi,OUT4370,Traditional Store,SP209,Snacks,Crunchy Bite,SKU78524,32642,99,3231558,0.2223,718375.34,2513182.66,Seasonal Promo,No,Cash,12
TRX2022278469,22/11/2022,Yogyakarta,DI Yogyakarta,Yogyakarta,Distributor,PT Nusantara Supply,OUT7722,Minimarket,SP978,Snacks,Spicy Curl,SKU76192,30086,167,5024362,0.0026,13063.34,5011298.66,Retail Discount,No,Credit Term,4
TRX2022830363,2022-06-18,Surabaya,East Java,Surabaya,E-commerce,PT Sinar Distribusi,OUT4130,Traditional Store,SP488,Candy,Fruit Jelly Candy,SKU80531,49032,69,3383208,0.1154,390422.2,2992785.8,Bundle Promo,No,Transfer,13
TRX2022748199,2022-12-24,Palembang,South Sumatra,Palembang,General Trade,PT Sinar Distribusi,OUT4203,Traditional Store,SP841,Candy,Fruit Jelly Candy,SKU88744,33485,105,3515925,0.1361,478517.39,3037407.61,,No,Transfer,6
TRX2022366832,2022-03-13,Surabaya,East Java,Surabaya,Modern Trade,PT Sinar Distribusi,OUT4489,Minimarket,SP933,Snacks,Crunchy Bite,SKU98639,32594,72,2346768,0.1919,450344.78,1896423.22,Seasonal Promo,No,Cash,1
TRX2022914856,2022-06-17,Surabaya,East Java,Surabaya,Distributor,PT Global Snack Dist,OUT9877,Minimarket,SP236,Nuts,Honey Roasted Peanut,SKU53904,9998,99,989802,0.1085,107393.52,882408.48,Retail Discount,No,Credit Term,5
TRX2022643943,2022-08-17,Yogyakarta,DI Yogyakarta,Yogyakarta,General Trade,PT Nusantara Supply,OUT3684,Minimarket,SP337,Snacks,Spicy Curl,SKU65969,45613,103,4698139,0.181,850363.16,3847775.84,Seasonal Promo,No,Cash,8
TRX2022602299,18/06/2022,Palembang,South Sumatra,Palembang,General Trade,,OUT3236,Minimarket,SP222,Nuts,Spicy Peanut Mix,SKU54060,29140,42,1223880,0.1215,148701.42,1075178.58,Retail Discount,No,Cash,11
TRX2022593808,2022-11-08,Jakarta,DKI Jakarta,Jakarta,Distributor,,OUT9452,Minimarket,SP599,Snacks,Spicy Curl,SKU27707,44706,21,938826,0.0773,72571.25,866254.75,Bundle Promo,No,Transfer,1
TRX2022908711,19/05/2022,Makassar,South Sulawesi,Makassar,Modern Trade,PT Nusantara Supply,OUT8819,Traditional Store,SP155,Candy,Fruit Jelly Candy,SKU34693,21715,21,456015,0.071,32377.06,423637.93,None,No,Credit Term,5
TRX2022947060,07/10/2022,Yogyakarta,DI Yogyakarta,Yogyakarta,Distributor,,OUT5523,Supermarket,SP446,Biscuits,Golden Cream Biscuit,SKU73679,15194,191,2902054,0.2248,652381.74,2249672.26,Bundle Promo,No,Transfer,14
TRX2022745619,2022-09-23,Semarang,Central Java,Semarang,E-commerce,PT Global Snack Dist,OUT1758,Online Store,SP221,Beverages,Energy Cocoa Drink,SKU89462,38775,166,6436650,0.1244,800719.26,5635930.74,None,No,Transfer,11
TRX2022319200,2022-03-27,Makassar,South Sulawesi,Makassar,General Trade,PT Global Snack Dist,OUT9254,Traditional Store,SP608,Beverages,Nutri Grain Drink,SKU33146,3848,95,365560,0.0997,36446.33,329113.67,Bundle Promo,No,Transfer,6
TRX2022810971,2022-08-06,Surabaya,East Java,Surabaya,E-commerce,PT Sinar Distribusi,OUT4402,Traditional Store,SP582,Biscuits,Butter Crunch Biscuit,SKU18139,30627,54,1653858,0.2483,410652.94,1243205.06,Retail Discount,No,Credit Term,8
TRX2022743685,12/03/2022,Semarang,Central Java,Semarang,Distributor,PT Maju Jaya Distribusi,OUT1956,Supermarket,SP314,Beverages,Choco Malt Drink,SKU51051,9990,29,289710,0.2253,65271.66,224438.34,,No,Transfer,10
TRX2022809319,02/03/2022,Palembang,South Sumatra,Palembang,E-commerce,PT Sinar Distribusi,OUT1791,Traditional Store,SP288,Beverages,Nutri Grain Drink,SKU84706,41888,105,4398240,0.201,884046.24,3514193.76,,No,Transfer,8
TRX2022956234,21/11/2022,Jakarta,DKI Jakarta,Jakarta,E-commerce,PT Maju Jaya Distribusi,OUT9201,Traditional Store,SP991,Candy, Caramel Drop Candy ,SKU31117,29264,15,438960,0.0479,21026.18,417933.82,,No,Credit Term,11
TRX2022595814,12/10/2022,Surabaya,East Java,Surabaya,Modern Trade,PT Nusantara Supply,OUT2182,Traditional Store,SP234,Beverages,Choco Malt Drink,SKU81197,48039,72,3458808,0.1731,598719.66,2860088.34,Seasonal Promo,No,Transfer,6
TRX2022813204,10/10/2022,Medan,North Sumatra,Medan,Modern Trade,,OUT1855,Supermarket,SP561,Nuts,Salted Cashew Mix,SKU21252,45624,41,1870584,0.0035,6547.04,1864036.96,Bundle Promo,No,Credit Term,8
TRX2022418375,2022-03-02,Makassar,South Sulawesi,Makassar,Modern Trade,PT Global Snack Dist,OUT9969,Traditional Store,SP617,Beverages,Nutri Grain Drink,SKU43616,18916,95,1797020,0.0963,173053.03,1623966.97,,No,Cash,13
TRX2022472885,05/06/2022,Medan,North Sumatra,Medan,General Trade,PT Nusantara Supply,OUT9804,Traditional Store,SP130,Beverages,Choco Malt Drink,SKU25617,8106,131,1061886,0.2467,261967.28,799918.72,Bundle Promo,No,Credit Term,1
TRX2022296220,11/10/2022,Bandung,West Java,Bandung,General Trade,PT Sinar Distribusi,OUT1628,Supermarket,SP956,Candy, Caramel Drop Candy ,SKU31165,3163,13,41119,0.0589,2421.91,38697.09,,No,Transfer,6
TRX2022827382,16/03/2022,Bandung,West Java,Bandung,General Trade,PT Nusantara Supply,OUT2387,Traditional Store,SP609,Biscuits, Choco Delight Biscuit ,SKU39651,19119,107,2045733,0.1155,236282.16,1809450.84,None,No,Credit Term,13
TRX2022295556,2022-05-18,Jakarta,DKI Jakarta,Jakarta,Modern Trade,PT Maju Jaya Distribusi,OUT7268,Minimarket,SP324,Candy,Fruit Jelly Candy,SKU30182,49689,23,1142847,0.1086,124113.18,1018733.82,,No,Cash,4
TRX2022325049,2022-07-09,Palembang,South Sumatra,Palembang,General Trade,PT Sinar Distribusi,OUT7839,Minimarket,SP371,Snacks, Crunchy Bite ,SKU32186,27481,2,54962,0.1249,6864.75,48097.25,Retail Discount,No,Credit Term,11
TRX2022108180,2022-08-31,Palembang,South Sumatra,Palembang,General Trade,PT Nusantara Supply,OUT7877,Minimarket,SP849,Nuts,Honey Roasted Peanut,SKU84822,49656,107,5313192,0.0834,443120.21,4870071.79,None,No,Transfer,8
TRX2022831122,05/11/2022,Semarang,Central Java,Semarang,Modern Trade,PT Global Snack Dist,OUT4774,Traditional Store,SP987,Nuts,Spicy Peanut Mix,SKU21479,32246,62,1999252,0.1274,254704.7,1744547.3,Seasonal Promo,No,Credit Term,2
TRX2022745969,2022-12-26,Semarang,Central Java,Semarang,E-commerce,PT Sinar Distribusi,OUT4460,Minimarket,SP423,Candy,Fruit Jelly Candy,SKU59901,41636,196,8160656,0.1766,1441171.85,6719484.15,Retail Discount,No,Transfer,14
TRX2022588591,2022-10-15,Jakarta,DKI Jakarta,Jakarta,General Trade,,OUT6021,Online Store,SP785,Biscuits, Golden Cream Biscuit ,SKU86201,45498,124,5641752,0.0857,483498.15,5158253.85,Retail Discount,No,Transfer,9
TRX2022592732,10/05/2022,Medan,North Sumatra,Medan,E-commerce,PT Global Snack Dist,OUT7531,Traditional Store,SP136,Snacks,Savory Chips,SKU49751,16095,14,225330,0.0297,6692.3,218637.7,Retail Discount,No,Credit Term,2
TRX2022597613,01/10/2022,Jakarta,DKI Jakarta,Jakarta,Modern Trade,,OUT6650,Minimarket,SP390,Nuts, Salted Cashew Mix ,SKU33958,44712,153,6840936,0.0886,606106.93,6234829.07,Seasonal Promo,No,Transfer,8
TRX2022839455,2022-05-04,Palembang,South Sumatra,Palembang,E-commerce,,OUT9159,Online Store,SP575,Snacks,Crunchy Bite,SKU74444,11449,8,91592,0.0347,3178.24,88413.76,None,No,Transfer,5
TRX2022219428,2022-06-08,Makassar,South Sulawesi,Makassar,General Trade,,OUT3413,Traditional Store,SP305,Nuts,Spicy Peanut Mix,SKU71108,9210,86,792060,0.0529,41899.97,750160.03,Bundle Promo,No,Transfer,13
TRX2022262486,02/12/2022,Yogyakarta,DI Yogyakarta,Yogyakarta,E-commerce,PT Nusantara Supply,OUT5778,Online Store,SP426,Biscuits,Butter Crunch Biscuit,SKU87636,4313,166,715958,0.2221,159014.27,556943.73,None,No,Credit Term,4
TRX2022945081,2022-01-31,Palembang,South Sumatra,Palembang,Distributor,PT Sinar Distribusi,OUT1831,Minimarket,SP577,Biscuits,Choco Delight Biscuit,SKU24520,11707,177,2072139,0.1587,328848.46,1743290.54,Bundle Promo,No,Cash,12
TRX2022557960,21/12/2022,Jakarta,DKI Jakarta,Jakarta,E-commerce,PT Nusantara Supply,OUT7342,Traditional Store,SP594,Nuts,Spicy Peanut Mix,SKU58021,46586,5,232930,0.242,56369.06,176560.94,Bundle Promo,No,Transfer,8
TRX2022361907,27/02/2022,Jakarta,DKI Jakarta,Jakarta,Modern Trade,,OUT4542,Minimarket,SP750,Biscuits, Golden Cream Biscuit ,SKU91781,32813,154,5053202,0.2489,1257741.98,3795460.02,Retail Discount,No,Credit Term,8
TRX2022667140,12/10/2022,Palembang,South Sumatra,Palembang,E-commerce,PT Sinar Distribusi,OUT8118,Minimarket,SP275,Nuts,Honey Roasted Peanut,SKU51446,17339,36,624204,0.2085,130146.53,494057.47,Bundle Promo,No,Transfer,2
TRX2022216861,2022-03-17,Jakarta,DKI Jakarta,Jakarta,Modern Trade,,OUT8634,Supermarket,SP398,Biscuits,Butter Crunch Biscuit,SKU66265,2072,118,244496,0.0593,14498.61,229997.39,Seasonal Promo,No,Transfer,14
TRX2022150090,2022-05-11,Medan,North Sumatra,Medan,General Trade,PT Maju Jaya Distribusi,OUT4909,Supermarket,SP437,Candy,Caramel Drop Candy,SKU72821,10699,163,1743937,0.0223,38889.8,1705047.2,Bundle Promo,No,Credit Term,6
TRX2022391830,2022-12-13,Medan,North Sumatra,Medan,Modern Trade,PT Sinar Distribusi,OUT6770,Minimarket,SP775,Beverages,Energy Cocoa Drink,SKU10408,19861,95,1886795,0.1374,259245.63,1627549.37,None,No,Credit Term,1
TRX2022988855,23/05/2022,Medan,North Sumatra,Medan,Modern Trade,PT Nusantara Supply,OUT4349,Traditional Store,SP762,Snacks, Crunchy Bite ,SKU13448,27550,198,5454900,0.233,1270991.7,4183908.3,Seasonal Promo,Yes,Credit Term,10
TRX2022873785,2022-11-18,Semarang,Central Java,Semarang,Distributor,PT Maju Jaya Distribusi,OUT2328,Online Store,SP404,Snacks,Crunchy Bite,SKU16453,6501,177,1150677,0.1332,153270.18,997406.82,Seasonal Promo,No,Cash,2
TRX2022137858,2022-01-04,Bandung,West Java,Bandung,General Trade,PT Global Snack Dist,OUT6797,Supermarket,SP711,Candy,Fruit Jelly Candy,SKU49129,26911,198,5328378,0.1726,919678.04,4408699.96,Seasonal Promo,No,Transfer,10
TRX2022549902,02/03/2022,Yogyakarta,DI Yogyakarta,Yogyakarta,General Trade,,OUT6189,Supermarket,SP746,Nuts,Honey Roasted Peanut,SKU62478,12942,27,349434,0.0059,2061.66,347372.34,None,No,Credit Term,12
TRX2022161103,2022-02-27,Makassar,South Sulawesi,Makassar,General Trade,PT Sinar Distribusi,OUT6228,Traditional Store,SP128,Biscuits,Choco Delight Biscuit,SKU34646,5818,181,1053058,0.1166,122786.56,930271.44,,No,Transfer,5
TRX2022355599,31/08/2022,Makassar,South Sulawesi,Makassar,E-commerce,PT Sinar Distribusi,OUT6384,Traditional Store,SP708,Biscuits,Choco Delight Biscuit,SKU46287,31059,130,4037670,0.0778,314130.73,3723539.27,Bundle Promo,No,Cash,9
TRX2022515517,10/01/2022,Bandung,West Java,Bandung,General Trade,PT Nusantara Supply,OUT1564,Online Store,SP874,Beverages,Nutri Grain Drink,SKU63801,35607,62,2207634,0.1705,376401.6,1831232.4,,No,Cash,1
TRX2022352234,2022-12-10,Makassar,South Sulawesi,Makassar,E-commerce,PT Maju Jaya Distribusi,OUT4604,Online Store,SP284,Candy,Mint Pop Candy,SKU50353,43856,48,2105088,0.1529,321867.96,1783220.04,Bundle Promo,No,Transfer,2
TRX2022570147,17/07/2022,Palembang,South Sumatra,Palembang,Distributor,,OUT1984,Traditional Store,SP270,Snacks,Spicy Curl,SKU62572,39061,199,7773139,0.1632,1268576.28,6504562.72,Bundle Promo,No,Credit Term,1
TRX2022608943,2022-12-23,Palembang,South Sumatra,Palembang,Distributor,PT Nusantara Supply,OUT9649,Traditional Store,SP574,Beverages,Energy Cocoa Drink,SKU76303,27306,143,3904758,0.2225,868808.66,3035949.34,None,No,Transfer,6
TRX2022526889,28/07/2022,Yogyakarta,DI Yogyakarta,Yogyakarta,Distributor,PT Nusantara Supply,OUT9826,Minimarket,SP616,Nuts,Spicy Peanut Mix,SKU72283,39227,189,7413903,0.2146,1591023.58,5822879.42,Retail Discount,No,Credit Term,7
TRX2022262523,09/08/2022,Jakarta,DKI Jakarta,Jakarta,Distributor,PT Maju Jaya Distribusi,OUT8082,Supermarket,SP302,Snacks,Spicy Curl,SKU55526,24116,52,1254032,0.0989,124023.76,1130008.24,Bundle Promo,No,Transfer,10
TRX2022199552,2022-07-22,Palembang,South Sumatra,Palembang,Distributor,PT Global Snack Dist,OUT9263,Supermarket,SP187,Beverages,Nutri Grain Drink,SKU98300,39232,124,4864768,0.1545,751606.66,4113161.34,None,No,Cash,7
TRX2022934316,10/10/2022,Medan,North Sumatra,Medan,General Trade,,OUT3004,Online Store,SP278,Candy,Mint Pop Candy,SKU94718,21980,126,2769480,0.0966,267531.77,2501948.23,None,No,Cash,3
TRX2022872418,10/02/2022,Bandung,West Java,Bandung,Modern Trade,PT Maju Jaya Distribusi,OUT8893,Supermarket,SP205,Nuts, Honey Roasted Peanut ,SKU92333,31992,165,5278680,0.0299,157832.53,5120847.47,Seasonal Promo,No,Transfer,10
TRX2022574750,2022-08-25,Medan,North Sumatra,Medan,Distributor,,OUT4677,Minimarket,SP833,Snacks,Savory Chips,SKU45294,5476,182,996632,0.0173,17241.73,979390.27,None,No,Cash,5
TRX2022545709,01/04/2022,Medan,North Sumatra,Medan,General Trade,PT Sinar Distribusi,OUT2087,Supermarket,SP968,Biscuits,Golden Cream Biscuit,SKU61742,19339,61,1179679,0.0953,112423.41,1067255.59,None,No,Transfer,6
TRX2022173024,30/03/2022,Semarang,Central Java,Semarang,Distributor,PT Sinar Distribusi,OUT2549,Supermarket,SP664,Candy,Fruit Jelly Candy,SKU12737,29997,122,3659634,0.2245,821587.83,2838046.17,Retail Discount,No,Transfer,5
TRX2022642885,2022-02-20,Makassar,South Sulawesi,Makassar,E-commerce,,OUT9873,Minimarket,SP864,Candy,Mint Pop Candy,SKU85080,25417,7,177919,0.1204,21421.45,156497.55,Retail Discount,No,Transfer,6
TRX2022397996,2022-09-29,Semarang,Central Java,Semarang,Modern Trade,,OUT2124,Supermarket,SP612,Snacks,Crunchy Bite,SKU60991,43097,195,8403915,0.0693,582391.31,7821523.69,None,No,Transfer,7
TRX2022664232,17/10/2022,Jakarta,DKI Jakarta,Jakarta,Modern Trade,PT Nusantara Supply,OUT2742,Online Store,SP152,Nuts,Spicy Peanut Mix,SKU98797,28955,114,3300870,0.227,749297.49,2551572.51,Retail Discount,No,Credit Term,3
TRX2022859637,27/07/2022,Surabaya,East Java,Surabaya,General Trade,PT Global Snack Dist,OUT7485,Traditional Store,SP724,Beverages,Choco Malt Drink,SKU28985,21822,41,894702,0.0329,29435.7,865266.3,,No,Credit Term,4
TRX2022734151,18/08/2022,Surabaya,East Java,Surabaya,General Trade,PT Global Snack Dist,OUT9921,Minimarket,SP107,Snacks,Crunchy Bite,SKU56909,34951,27,943677,0.1557,146930.51,796746.49,Retail Discount,No,Credit Term,12
TRX2022897139,2022-07-12,Medan,North Sumatra,Medan,Distributor,PT Sinar Distribusi,OUT3903,Traditional Store,SP760,Candy,Fruit Jelly Candy,SKU37063,2903,45,130635,0.1843,24076.03,106558.97,Bundle Promo,No,Credit Term,12
TRX2022100976,27/11/2022,Semarang,Central Java,Semarang,Distributor,,OUT2418,Online Store,SP942,Snacks,Crunchy Bite,SKU76656,8219,120,986280,0.1654,163130.71,823149.29,Retail Discount,No,Credit Term,4
TRX2022524092,21/05/2022,Jakarta,DKI Jakarta,Jakarta,Modern Trade,PT Sinar Distribusi,OUT4962,Online Store,SP802,Snacks,Spicy Curl,SKU61234,31747,174,5523978,0.2245,1240133.06,4283844.94,Bundle Promo,No,Credit Term,14
TRX2022333450,2022-04-11,Yogyakarta,DI Yogyakarta,Yogyakarta,Distributor,,OUT8664,Minimarket,SP287,Snacks,Spicy Curl,SKU23031,16396,166,2721736,0.1881,511958.54,2209777.46,Bundle Promo,No,Cash,7
TRX2022184322,2022-05-23,Makassar,South Sulawesi,Makassar,Distributor,PT Sinar Distribusi,OUT4699,Minimarket,SP820,Snacks, Savory Chips ,SKU15731,39524,125,4940500,0.1817,897688.85,4042811.15,Bundle Promo,No,Credit Term,4
TRX2022635029,10/05/2022,Makassar,South Sulawesi,Makassar,General Trade,PT Nusantara Supply,OUT1804,Supermarket,SP441,Nuts,Honey Roasted Peanut,SKU34181,34382,96,3300672,0.0577,190448.77,3110223.23,,No,Transfer,9
TRX2022141977,16/09/2022,Semarang,Central Java,Semarang,Modern Trade,PT Maju Jaya Distribusi,OUT9089,Online Store,SP998,Snacks,Savory Chips,SKU41321,31117,74,2302658,0.1616,372109.53,1930548.47,Seasonal Promo,No,Cash,12
TRX2022129359,2022-08-08,Makassar,South Sulawesi,Makassar,Modern Trade,PT Maju Jaya Distribusi,OUT1082,Online Store,SP899,Nuts,Spicy Peanut Mix,SKU58676,17715,160,2834400,0.2319,657297.36,2177102.64,Bundle Promo,No,Cash,12
TRX2022169352,12/09/2022,Jakarta,DKI Jakarta,Jakarta,Modern Trade,PT Sinar Distribusi,OUT5537,Traditional Store,SP769,Biscuits,Choco Delight Biscuit,SKU95737,20053,180,3609540,0.1403,506418.46,3103121.54,,No,Cash,6
TRX2022576020,04/03/2022,Medan,North Sumatra,Medan,E-commerce,PT Sinar Distribusi,OUT4242,Supermarket,SP181,Nuts,Salted Cashew Mix,SKU36846,31903,28,893284,0.1664,148642.46,744641.54,,No,Credit Term,2
TRX2022182492,2022-12-24,Makassar,South Sulawesi,Makassar,Distributor,PT Maju Jaya Distribusi,OUT2176,Supermarket,SP178,Biscuits,Butter Crunch Biscuit,SKU58773,36824,18,662832,0.225,149137.2,513694.8,,No,Cash,6
TRX2022135173,18/02/2022,Medan,North Sumatra,Medan,E-commerce,PT Nusantara Supply,OUT8354,Traditional Store,SP603,Snacks,Spicy Curl,SKU18622,39642,96,3805632,0.1161,441833.88,3363798.12,Bundle Promo,No,Credit Term,8
TRX2022736097,21/10/2022,Bandung,West Java,Bandung,E-commerce,PT Nusantara Supply,OUT8739,Minimarket,SP829,Candy,Caramel Drop Candy,SKU63111,26423,131,3461413,0.0265,91727.44,3369685.56,Seasonal Promo,No,Transfer,13
TRX2022470513,09/05/2022,Surabaya,East Java,Surabaya,Distributor,,OUT4523,Traditional Store,SP347,Snacks,Crunchy Bite,SKU25648,34007,153,5203071,0.0449,233617.89,4969453.11,Retail Discount,Yes,Cash,3
TRX2022825222,04/07/2022,Surabaya,East Java,Surabaya,Distributor,PT Maju Jaya Distribusi,OUT6887,Traditional Store,SP613,Beverages,Choco Malt Drink,SKU27812,26433,27,713691,0.1878,134031.17,579659.83,None,No,Cash,4
TRX2022813417,14/10/2022,Makassar,South Sulawesi,Makassar,Modern Trade,PT Nusantara Supply,OUT7725,Traditional Store,SP739,Candy,Fruit Jelly Candy,SKU54318,13844,149,2062756,0.0303,62501.51,2000254.49,Seasonal Promo,No,Credit Term,11
TRX2022319786,14/09/2022,Jakarta,DKI Jakarta,Jakarta,E-commerce,PT Nusantara Supply,OUT3347,Traditional Store,SP698,Snacks,Spicy Curl,SKU50058,17532,3,52596,0.0049,257.72,52338.28,None,No,Credit Term,14
TRX2022646015,04/11/2022,Bandung,West Java,Bandung,Modern Trade,PT Nusantara Supply,OUT3677,Minimarket,SP369,Snacks,Savory Chips,SKU19803,11070,84,929880,0.1377,128044.48,801835.52,None,No,Cash,3
TRX2022697902,2022-10-28,Palembang,South Sumatra,Palembang,Modern Trade,,OUT6009,Traditional Store,SP358,Candy,Fruit Jelly Candy,SKU37638,16639,187,3111493,0.0245,76231.58,3035261.42,Retail Discount,No,Credit Term,8
TRX2022105905,2022-04-17,Makassar,South Sulawesi,Makassar,E-commerce,,OUT1458,Online Store,SP999,Beverages,Nutri Grain Drink,SKU36721,33788,159,5372292,0.1789,961103.04,4411188.96,None,No,Transfer,14
TRX2022385403,2022-10-10,Yogyakarta,DI Yogyakarta,Yogyakarta,Modern Trade,PT Global Snack Dist,OUT3774,Supermarket,SP486,Beverages, Nutri Grain Drink ,SKU30463,42545,80,3403600,0.0457,155544.52,3248055.48,Bundle Promo,No,Credit Term,11
TRX2022700312,2022-03-19,Semarang,Central Java,Semarang,General Trade,PT Sinar Distribusi,OUT9797,Traditional Store,SP664,Candy,Mint Pop Candy,SKU65283,48024,172,8260128,0.2496,2061727.95,6198400.05,None,Yes,Credit Term,3
TRX2022373941,02/02/2022,Bandung,West Java,Bandung,General Trade,PT Nusantara Supply,OUT1251,Traditional Store,SP598,Beverages,Nutri Grain Drink,SKU62316,33387,56,1869672,0.0709,132559.74,1737112.26,Retail Discount,No,Transfer,4
TRX2022819590,24/12/2022,Makassar,South Sulawesi,Makassar,Distributor,PT Global Snack Dist,OUT4895,Online Store,SP135,Snacks,Spicy Curl,SKU28431,16975,181,3072475,0.0131,40249.42,3032225.58,Bundle Promo,No,Transfer,6
TRX2022778894,11/03/2022,Bandung,West Java,Bandung,E-commerce,PT Sinar Distribusi,OUT3664,Online Store,SP841,Nuts,Honey Roasted Peanut,SKU66192,8945,132,1180740,0.1107,130707.92,1050032.08,None,No,Credit Term,5
TRX2022362750,2022-08-06,Bandung,West Java,Bandung,Modern Trade,PT Sinar Distribusi,OUT7457,Supermarket,SP899,Nuts,Honey Roasted Peanut,SKU21236,47446,40,1897840,0.1574,298720.02,1599119.98,Retail Discount,No,Transfer,1
TRX2022521118,17/10/2022,Palembang,South Sumatra,Palembang,E-commerce,PT Global Snack Dist,OUT3388,Supermarket,SP348,Biscuits,Choco Delight Biscuit,SKU58319,41979,3,125937,0.2272,28612.89,97324.11,None,No,Transfer,7
TRX2022199779,26/03/2022,Surabaya,East Java,Surabaya,General Trade,PT Maju Jaya Distribusi,OUT8678,Traditional Store,SP761,Nuts,Honey Roasted Peanut,SKU34892,45359,58,2630822,0.1908,501960.84,2128861.16,Retail Discount,No,Transfer,11
TRX2022163303,26/01/2022,Jakarta,DKI Jakarta,Jakarta,Distributor,PT Sinar Distribusi,OUT8757,Online Store,SP340,Candy,Fruit Jelly Candy,SKU79009,23392,56,1309952,0.0051,6680.76,1303271.24,,No,Transfer,6
TRX2022699857,09/08/2022,Semarang,Central Java,Semarang,Distributor,PT Sinar Distribusi,OUT3959,Supermarket,SP505,Beverages,Nutri Grain Drink,SKU57338,5883,93,547119,0.1726,94432.74,452686.26,None,No,Credit Term,2
TRX2022508699,2022-11-07,Medan,North Sumatra,Medan,General Trade,PT Nusantara Supply,OUT9076,Traditional Store,SP987,Snacks,Spicy Curl,SKU62735,36010,86,3096860,0.1059,327957.47,2768902.53,Seasonal Promo,No,Cash,7
TRX2022300331,2022-03-21,Yogyakarta,DI Yogyakarta,Yogyakarta,Modern Trade,,OUT2831,Minimarket,SP319,Snacks,Spicy Curl,SKU92938,4541,35,158935,0.1456,23140.94,135794.06,Retail Discount,No,Cash,7
TRX2022458052,2022-11-23,Makassar,South Sulawesi,Makassar,E-commerce,,OUT7411,Traditional Store,SP572,Beverages,Nutri Grain Drink,SKU57423,41993,178,7474754,0.2243,1676587.32,5798166.68,,No,Transfer,10
TRX2022997610,2022-02-01,Medan,North Sumatra,Medan,E-commerce,PT Global Snack Dist,OUT2152,Minimarket,SP951,Candy,Caramel Drop Candy,SKU31125,11209,112,1255408,0.2472,310336.86,945071.14,None,No,Credit Term,5
TRX2022721907,08/12/2022,Surabaya,East Java,Surabaya,General Trade,PT Sinar Distribusi,OUT1186,Online Store,SP924,Snacks,Savory Chips,SKU63899,27957,69,1929033,0.0583,112462.62,1816570.38,,No,Cash,12
TRX2022227244,01/07/2022,Yogyakarta,DI Yogyakarta,Yogyakarta,E-commerce,,OUT1278,Supermarket,SP607,Nuts,Honey Roasted Peanut,SKU61698,32162,13,418106,0.1298,54270.16,363835.84,,No,Transfer,10
TRX2022798768,2022-10-11,Jakarta,DKI Jakarta,Jakarta,E-commerce,PT Global Snack Dist,OUT4540,Minimarket,SP904,Biscuits,Butter Crunch Biscuit,SKU21959,10445,112,1169840,0.2157,252334.49,917505.51,Retail Discount,No,Cash,2
TRX2022464527,01/07/2022,Medan,North Sumatra,Medan,E-commerce,PT Maju Jaya Distribusi,OUT2016,Traditional Store,SP984,Candy,Fruit Jelly Candy,SKU87165,33924,97,3290628,0.0371,122082.3,3168545.7,Seasonal Promo,No,Transfer,13
TRX2022450952,2022-03-15,Surabaya,East Java,Surabaya,Distributor,PT Global Snack Dist,OUT1757,Traditional Store,SP764,Beverages, Nutri Grain Drink ,SKU35423,22126,185,4093310,0.2468,1010228.91,3083081.09,,No,Cash,9
TRX2022477107,01/01/2022,Surabaya,East Java,Surabaya,E-commerce,PT Maju Jaya Distribusi,OUT7588,Traditional Store,SP611,Biscuits,Butter Crunch Biscuit,SKU44084,28575,116,3314700,0.0,0.0,3314700.0,Bundle Promo,No,Cash,6
TRX2022359545,05/06/2022,Palembang,South Sumatra,Palembang,General Trade,PT Maju Jaya Distribusi,OUT3311,Supermarket,SP179,Nuts,Honey Roasted Peanut,SKU59860,19278,191,3682098,0.1934,712117.75,2969980.25,Bundle Promo,No,Transfer,12
TRX2022823861,2022-09-06,Semarang,Central Java,Semarang,General Trade,PT Maju Jaya Distribusi,OUT9231,Supermarket,SP498,Snacks,Crunchy Bite,SKU88082,13558,166,2250628,0.0435,97902.32,2152725.68,Seasonal Promo,No,Cash,7
TRX2022875879,10/04/2022,Yogyakarta,DI Yogyakarta,Yogyakarta,Modern Trade,PT Sinar Distribusi,OUT8822,Traditional Store,SP964,Candy,Caramel Drop Candy,SKU26393,39669,111,4403259,0.0529,232932.4,4170326.6,None,No,Transfer,11
TRX2022294685,2022-09-12,Yogyakarta,DI Yogyakarta,Yogyakarta,E-commerce,,OUT8878,Traditional Store,SP582,Beverages,Energy Cocoa Drink,SKU93478,40002,56,2240112,0.1767,395827.79,1844284.21,Bundle Promo,No,Transfer,9
TRX2022978388,06/08/2022,Surabaya,East Java,Surabaya,General Trade,PT Global Snack Dist,OUT9460,Minimarket,SP707,Snacks,Savory Chips,SKU32971,22326,196,4375896,0.1432,626628.31,3749267.69,Retail Discount,No,Credit Term,5
TRX2022470018,10/04/2022,Medan,North Sumatra,Medan,General Trade,,OUT4008,Traditional Store,SP817,Candy,Mint Pop Candy,SKU90486,12994,35,454790,0.0504,22921.42,431868.58,None,No,Credit Term,13
TRX2022601351,2022-11-24,Medan,North Sumatra,Medan,General Trade,PT Nusantara Supply,OUT3635,Minimarket,SP902,Beverages,Nutri Grain Drink,SKU20278,5025,127,638175,0.2494,159160.85,479014.16,None,No,Credit Term,12
TRX2022521118,12/06/2022,Surabaya,East Java,Surabaya,E-commerce,PT Nusantara Supply,OUT3744,Minimarket,SP728,Biscuits,Butter Crunch Biscuit,SKU48147,10576,74,782624,0.112,87653.89,694970.11,None,No,Transfer,8
TRX2022716653,17/06/2022,Makassar,South Sulawesi,Makassar,E-commerce,PT Nusantara Supply,OUT5850,Supermarket,SP493,Candy,Fruit Jelly Candy,SKU57225,19068,6,114408,0.0337,3855.55,110552.45,,No,Credit Term,7
TRX2022584380,14/02/2022,Bandung,West Java,Bandung,E-commerce,PT Sinar Distribusi,OUT9801,Minimarket,SP321,Biscuits,Choco Delight Biscuit,SKU89154,3338,106,353828,0.0185,6545.82,347282.18,Bundle Promo,No,Transfer,8
TRX2022917674,16/03/2022,Bandung,West Java,Bandung,General Trade,PT Global Snack Dist,OUT3309,Supermarket,SP266,Candy,Caramel Drop Candy,SKU94121,5520,13,71760,0.2243,16095.77,55664.23,Retail Discount,No,Credit Term,8
TRX2022622664,10/12/2022,Palembang,South Sumatra,Palembang,E-commerce,PT Maju Jaya Distribusi,OUT6656,Supermarket,SP759,Nuts,Salted Cashew Mix,SKU39141,49856,118,5883008,0.2385,1403097.41,4479910.59,None,No,Credit Term,5
TRX2022900221,2022-04-19,Makassar,South Sulawesi,Makassar,General Trade,PT Nusantara Supply,OUT3289,Minimarket,SP409,Candy,Fruit Jelly Candy,SKU94727,2035,77,156695,0.2378,37262.07,119432.93,,No,Credit Term,3
TRX2022603116,2022-02-17,Makassar,South Sulawesi,Makassar,Modern Trade,PT Maju Jaya Distribusi,OUT9416,Traditional Store,SP558,Biscuits,Golden Cream Biscuit,SKU49861,33169,200,6633800,0.2497,1656459.86,4977340.14,Retail Discount,No,Transfer,1
TRX2022887085,2022-06-28,Medan,North Sumatra,Medan,Modern Trade,PT Maju Jaya Distribusi,OUT5777,Online Store,SP645,Snacks,Spicy Curl,SKU74883,8224,172,1414528,0.2093,296060.71,1118467.29,Retail Discount,No,Cash,11
TRX2022370202,2022-06-20,Makassar,South Sulawesi,Makassar,E-commerce,PT Sinar Distribusi,OUT9390,Traditional Store,SP737,Nuts, Spicy Peanut Mix ,SKU82724,10261,165,1693065,0.0616,104292.8,1588772.2,Retail Discount,No,Cash,5
TRX2022329072,2022-01-31,Medan,North Sumatra,Medan,Distributor,,OUT8644,Traditional Store,SP623,Beverages,Choco Malt Drink,SKU11055,47186,107,5048902,0.147,742188.59,4306713.41,,No,Cash,9
TRX2022822522,05/07/2022,Surabaya,East Java,Surabaya,General Trade,PT Nusantara Supply,OUT3895,Supermarket,SP324,Beverages,Choco Malt Drink,SKU11913,49515,113,5595195,0.0307,171772.49,5423422.51,None,No,Credit Term,1
TRX2022521118,05/03/2022,Surabaya,East Java,Surabaya,General Trade,PT Global Snack Dist,OUT1428,Minimarket,SP414,Beverages, Choco Malt Drink ,SKU79486,44748,99,4430052,0.0267,118282.39,4311769.61,Bundle Promo,No,Credit Term,4
TRX2022443360,04/10/2022,Makassar,South Sulawesi,Makassar,General Trade,,OUT9799,Online Store,SP438,Biscuits,Golden Cream Biscuit,SKU30101,37646,30,1129380,0.0389,43932.88,1085447.12,Bundle Promo,No,Credit Term,2
TRX2022556102,2022-12-13,Yogyakarta,DI Yogyakarta,Yogyakarta,Distributor,PT Global Snack Dist,OUT3473,Minimarket,SP711,Beverages,Energy Cocoa Drink,SKU92792,35284,27,952668,0.0828,78880.91,873787.09,,No,Credit Term,3
TRX2022874721,2022-01-01,Surabaya,East Java,Surabaya,Distributor,PT Global Snack Dist,OUT1305,Supermarket,SP242,Biscuits,Golden Cream Biscuit,SKU62828,4809,81,389529,0.1288,50171.34,339357.66,Retail Discount,No,Transfer,4
TRX2022366507,2022-07-13,Semarang,Central Java,Semarang,General Trade,PT Nusantara Supply,OUT4234,Traditional Store,SP323,Candy, Fruit Jelly Candy ,SKU39408,14472,156,2257632,0.1056,238405.94,2019226.06,Retail Discount,No,Cash,9
TRX2022884041,2022-06-10,Medan,North Sumatra,Medan,Modern Trade,,OUT3870,Supermarket,SP548,Nuts,Salted Cashew Mix,SKU85550,33951,57,1935207,0.1,193520.7,1741686.3,Bundle Promo,No,Transfer,4
TRX2022767522,2022-04-27,Jakarta,DKI Jakarta,Jakarta,Modern Trade,PT Sinar Distribusi,OUT1940,Minimarket,SP534,Nuts,Spicy Peanut Mix,SKU21081,18249,101,1843149,0.2144,395171.15,1447977.85,Seasonal Promo,No,Credit Term,7
TRX2022360939,14/02/2022,Yogyakarta,DI Yogyakarta,Yogyakarta,Distributor,PT Maju Jaya Distribusi,OUT6846,Minimarket,SP201,Biscuits,Golden Cream Biscuit,SKU28385,28850,186,5366100,0.0482,258646.02,5107453.98,Seasonal Promo,No,Cash,7
TRX2022517359,10/03/2022,Bandung,West Java,Bandung,General Trade,PT Nusantara Supply,OUT7700,Supermarket,SP882,Nuts,Spicy Peanut Mix,SKU48821,25174,8,201392,0.1879,37841.56,163550.44,None,No,Credit Term,4
TRX2022951893,13/04/2022,Palembang,South Sumatra,Palembang,E-commerce,PT Nusantara Supply,OUT9063,Traditional Store,SP913,Beverages,Energy Cocoa Drink,SKU83417,48624,153,7439472,0.104,773705.09,6665766.91,,No,Credit Term,4
TRX2022473489,2022-01-28,Medan,North Sumatra,Medan,Modern Trade,PT Nusantara Supply,OUT2419,Minimarket,SP412,Nuts,Honey Roasted Peanut,SKU53773,35766,123,4399218,0.2352,1034696.07,3364521.93,Retail Discount,No,Cash,6
TRX2022799571,2022-04-18,Semarang,Central Java,Semarang,Distributor,,OUT5655,Traditional Store,SP624,Biscuits,Golden Cream Biscuit,SKU26283,43717,33,1442661,0.1775,256072.33,1186588.67,Bundle Promo,No,Transfer,12
TRX2022477702,09/01/2022,Yogyakarta,DI Yogyakarta,Yogyakarta,E-commerce,PT Sinar Distribusi,OUT7344,Minimarket,SP895,Snacks,Savory Chips,SKU55700,33768,193,6517224,0.1298,845935.68,5671288.32,,No,Credit Term,9
TRX2022757929,28/05/2022,Palembang,South Sumatra,Palembang,E-commerce,PT Sinar Distribusi,OUT9226,Traditional Store,SP897,Beverages,Choco Malt Drink,SKU83394,18718,92,1722056,0.088,151540.93,1570515.07,Seasonal Promo,No,Credit Term,13
TRX2022278167,15/10/2022,Medan,North Sumatra,Medan,General Trade,PT Maju Jaya Distribusi,OUT4214,Supermarket,SP925,Snacks,Savory Chips,SKU38920,33218,126,4185468,0.1797,752128.6,3433339.4,,No,Credit Term,3
TRX2022336754,23/09/2022,Semarang,Central Java,Semarang,Distributor,PT Sinar Distribusi,OUT2855,Supermarket,SP776,Candy,Mint Pop Candy,SKU59459,17414,142,2472788,0.086,212659.77,2260128.23,Retail Discount,No,Cash,9
TRX2022765673,01/03/2022,Makassar,South Sulawesi,Makassar,Modern Trade,PT Global Snack Dist,OUT9920,Traditional Store,SP637,Beverages,Choco Malt Drink,SKU35344,27641,186,5141226,0.2013,1034928.79,4106297.21,Bundle Promo,Yes,Credit Term,11
TRX2022980856,04/03/2022,Makassar,South Sulawesi,Makassar,Distributor,PT Maju Jaya Distribusi,OUT8978,Traditional Store,SP664,Beverages, Energy Cocoa Drink ,SKU64639,5045,143,721435,0.0822,59301.96,662133.04,None,No,Credit Term,11
TRX2022222514,02/10/2022,Makassar,South Sulawesi,Makassar,Distributor,PT Sinar Distribusi,OUT6528,Traditional Store,SP227,Beverages,Nutri Grain Drink,SKU80281,2133,136,290088,0.1345,39016.84,251071.16,Seasonal Promo,No,Cash,10
TRX2022542357,2022-11-09,Bandung,West Java,Bandung,Modern Trade,PT Sinar Distribusi,OUT5791,Online Store,SP410,Nuts,Honey Roasted Peanut,SKU94827,11236,15,168540,0.0912,15370.85,153169.15,None,No,Transfer,6
TRX2022936832,2022-08-14,Palembang,South Sumatra,Palembang,Modern Trade,,OUT5837,Minimarket,SP736,Candy,Mint Pop Candy,SKU54618,40496,42,1700832,0.0028,4762.33,1696069.67,Bundle Promo,No,Cash,9
TRX2022368935,2022-12-17,Yogyakarta,DI Yogyakarta,Yogyakarta,General Trade,PT Maju Jaya Distribusi,OUT1587,Traditional Store,SP383,Snacks,Crunchy Bite,SKU38150,3150,103,324450,0.0537,17422.97,307027.03,Retail Discount,No,Credit Term,3
TRX2022942829,06/08/2022,Surabaya,East Java,Surabaya,General Trade,PT Sinar Distribusi,OUT6061,Online Store,SP210,Nuts,Salted Cashew Mix,SKU27412,44607,39,1739673,0.0078,13569.45,1726103.55,Bundle Promo,No,Credit Term,7
TRX2022958186,2022-11-09,Yogyakarta,DI Yogyakarta,Yogyakarta,E-commerce,PT Maju Jaya Distribusi,OUT4158,Minimarket,SP643,Candy,Caramel Drop Candy,SKU21175,25246,130,3281980,0.0577,189370.25,3092609.75,,No,Credit Term,9
TRX2022578795,20/07/2022,Semarang,Central Java,Semarang,Modern Trade,PT Sinar Distribusi,OUT9210,Online Store,SP466,Biscuits,Choco Delight Biscuit,SKU47686,46139,23,1061197,0.1864,197807.12,863389.88,Bundle Promo,Yes,Credit Term,5
TRX2022586099,2022-04-03,Palembang,South Sumatra,Palembang,General Trade,PT Nusantara Supply,OUT7858,Online Store,SP145,Snacks,Savory Chips,SKU28954,8592,46,395232,0.1505,59482.42,335749.58,Seasonal Promo,No,Cash,12
TRX2022646880,18/05/2022,Yogyakarta,DI Yogyakarta,Yogyakarta,Distributor,PT Sinar Distribusi,OUT5830,Minimarket,SP883,Nuts,Honey Roasted Peanut,SKU97718,34375,20,687500,0.0995,68406.25,619093.75,Seasonal Promo,No,Credit Term,13
TRX2022575841,31/10/2022,Surabaya,East Java,Surabaya,E-commerce,PT Nusantara Supply,OUT2901,Traditional Store,SP168,Candy,Caramel Drop Candy,SKU53932,38787,13,504231,0.2423,122175.17,382055.83,None,No,Credit Term,5
TRX2022497619,2022-11-01,Jakarta,DKI Jakarta,Jakarta,Modern Trade,PT Sinar Distribusi,OUT5190,Traditional Store,SP475,Beverages,Energy Cocoa Drink,SKU43145,16001,71,1136071,0.0537,61007.01,1075063.99,None,No,Credit Term,14
TRX2022785979,18/10/2022,Yogyakarta,DI Yogyakarta,Yogyakarta,Modern Trade,PT Sinar Distribusi,OUT5937,Online Store,SP193,Nuts,Salted Cashew Mix,SKU36970,2883,40,115320,0.2063,23790.52,91529.48,Retail Discount,No,Cash,4
TRX2022356834,01/03/2022,Surabaya,East Java,Surabaya,Modern Trade,,OUT9656,Online Store,SP560,Beverages,Choco Malt Drink,SKU67750,40202,160,6432320,0.0017,10934.94,6421385.06,,Yes,Credit Term,1
TRX2022366125,2022-06-09,Yogyakarta,DI Yogyakarta,Yogyakarta,E-commerce,PT Global Snack Dist,OUT8959,Supermarket,SP409,Snacks,Spicy Curl,SKU40547,25580,19,486020,0.0992,48213.18,437806.82,Seasonal Promo,No,Cash,12
TRX2022542836,2022-07-26,Jakarta,DKI Jakarta,Jakarta,Distributor,PT Sinar Distribusi,OUT7202,Online Store,SP283,Candy,Caramel Drop Candy,SKU94788,41500,156,6474000,0.0993,642868.2,5831131.8,Bundle Promo,No,Cash,14
TRX2022919662,2022-01-12,Semarang,Central Java,Semarang,E-commerce,,OUT9694,Online Store,SP137,Candy,Caramel Drop Candy,SKU60292,12249,181,2217069,0.0376,83361.79,2133707.21,Retail Discount,No,Cash,3
TRX2022398477,24/12/2022,Jakarta,DKI Jakarta,Jakarta,Distributor,PT Maju Jaya Distribusi,OUT1190,Online Store,SP849,Candy,Fruit Jelly Candy,SKU55473,5099,59,300841,0.0714,21480.05,279360.95,Bundle Promo,No,Transfer,13
TRX2022713388,10/11/2022,Semarang,Central Java,Semarang,E-commerce,PT Sinar Distribusi,OUT8694,Minimarket,SP200,Nuts,Spicy Peanut Mix,SKU97847,33565,57,1913205,0.1734,331749.75,1581455.25,Retail Discount,No,Transfer,13
TRX2022952082,11/05/2022,Yogyakarta,DI Yogyakarta,Yogyakarta,E-commerce,PT Nusantara Supply,OUT3556,Online Store,SP100,Snacks,Crunchy Bite,SKU56157,9319,7,65233,0.012,782.8,64450.2,Retail Discount,No,Credit Term,2
TRX2022774854,11/01/2022,Yogyakarta,DI Yogyakarta,Yogyakarta,Distributor,PT Nusantara Supply,OUT6080,Online Store,SP660,Biscuits,Choco Delight Biscuit,SKU63581,26209,58,1520122,0.0942,143195.49,1376926.51,Seasonal Promo,No,Transfer,9
TRX2022546945,17/07/2022,Semarang,Central Java,Semarang,General Trade,PT Global Snack Dist,OUT6311,Minimarket,SP996,Nuts,Salted Cashew Mix,SKU80274,31373,185,5804005,0.0696,403958.75,5400046.25,None,No,Cash,10
TRX2022941014,2022-12-06,Makassar,South Sulawesi,Makassar,Modern Trade,PT Nusantara Supply,OUT3350,Traditional Store,SP122,Snacks,Savory Chips,SKU31213,38775,194,7522350,0.2366,1779788.01,5742561.99,,No,Cash,5
TRX2022899777,2022-05-04,Jakarta,DKI Jakarta,Jakarta,General Trade,,OUT2959,Traditional Store,SP460,Beverages,Energy Cocoa Drink,SKU19155,17481,56,978936,0.0095,9299.89,969636.11,Retail Discount,No,Credit Term,5
TRX2022317741,2022-04-21,Semarang,Central Java,Semarang,E-commerce,PT Nusantara Supply,OUT7382,Traditional Store,SP562,Nuts,Honey Roasted Peanut,SKU82983,38487,35,1347045,0.2098,282610.04,1064434.96,Bundle Promo,No,Credit Term,8
TRX2022429133,12/02/2022,Surabaya,East Java,Surabaya,E-commerce,PT Global Snack Dist,OUT5655,Supermarket,SP239,Nuts,Honey Roasted Peanut,SKU35149,27986,125,3498250,0.0212,74162.9,3424087.1,None,No,Credit Term,11
TRX2022908625,02/04/2022,Yogyakarta,DI Yogyakarta,Yogyakarta,E-commerce,PT Sinar Distribusi,OUT4840,Traditional Store,SP725,Nuts,Honey Roasted Peanut,SKU45049,10688,29,309952,0.1862,57713.06,252238.94,Retail Discount,No,Cash,8
TRX2022609531,2022-05-12,Medan,North Sumatra,Medan,Distributor,,OUT2529,Minimarket,SP325,Snacks,Savory Chips,SKU27802,38930,54,2102220,0.1466,308185.45,1794034.55,,No,Cash,12
TRX2022464480,2022-06-10,Yogyakarta,DI Yogyakarta,Yogyakarta,Modern Trade,PT Nusantara Supply,OUT5330,Online Store,SP955,Snacks,Crunchy Bite,SKU85433,47551,77,3661427,0.2303,843226.64,2818200.36,,No,Transfer,1
TRX2022788980,30/06/2022,Bandung,West Java,Bandung,General Trade,,OUT3616,Supermarket,SP842,Nuts,Honey Roasted Peanut,SKU88273,22096,155,3424880,0.0715,244878.92,3180001.08,Seasonal Promo,No,Cash,3
TRX2022599291,2022-07-24,Jakarta,DKI Jakarta,Jakarta,Distributor,PT Sinar Distribusi,OUT3298,Minimarket,SP877,Snacks,Savory Chips,SKU21264,13355,120,1602600,0.1491,238947.66,1363652.34,Seasonal Promo,No,Credit Term,12
TRX2022473613,2022-06-26,Medan,North Sumatra,Medan,Modern Trade,PT Global Snack Dist,OUT2125,Online Store,SP857,Beverages,Choco Malt Drink,SKU88733,20213,186,3759618,0.0743,279339.62,3480278.38,Retail Discount,No,Transfer,12
TRX2022416432,2022-12-26,Yogyakarta,DI Yogyakarta,Yogyakarta,General Trade,PT Maju Jaya Distribusi,OUT6603,Traditional Store,SP554,Beverages, Energy Cocoa Drink ,SKU63161,16242,136,2208912,0.1705,376619.5,1832292.5,Retail Discount,No,Credit Term,9
TRX2022173194,2022-08-13,Medan,North Sumatra,Medan,E-commerce,PT Nusantara Supply,OUT2031,Online Store,SP812,Nuts,Spicy Peanut Mix,SKU60032,38380,97,3722860,0.1227,456794.92,3266065.08,Seasonal Promo,No,Credit Term,8
TRX2022537191,26/06/2022,Bandung,West Java,Bandung,General Trade,PT Sinar Distribusi,OUT4618,Traditional Store,SP288,Beverages,Energy Cocoa Drink,SKU79066,46640,27,1259280,0.1797,226292.62,1032987.38,,No,Transfer,4
TRX2022868293,2022-04-08,Palembang,South Sumatra,Palembang,Modern Trade,PT Nusantara Supply,OUT4442,Online Store,SP556,Snacks, Savory Chips ,SKU82784,34937,1,34937,0.2383,8325.49,26611.51,Bundle Promo,No,Transfer,6
TRX2022692415,06/09/2022,Semarang,Central Java,Semarang,E-commerce,PT Sinar Distribusi,OUT8424,Online Store,SP884,Candy,Mint Pop Candy,SKU95373,47698,74,3529652,0.1714,604982.35,2924669.65,None,No,Credit Term,9
TRX2022174168,04/02/2022,Bandung,West Java,Bandung,Modern Trade,PT Maju Jaya Distribusi,OUT8547,Traditional Store,SP868,Snacks,Savory Chips,SKU50029,18771,123,2308833,0.1976,456225.4,1852607.6,Retail Discount,No,Cash,9
TRX2022493140,2022-06-24,Makassar,South Sulawesi,Makassar,General Trade,PT Sinar Distribusi,OUT2963,Supermarket,SP409,Candy,Caramel Drop Candy,SKU27632,49355,42,2072910,0.0429,88927.84,1983982.16,Retail Discount,No,Cash,13
TRX2022662030,03/05/2022,Medan,North Sumatra,Medan,Distributor,PT Sinar Distribusi,OUT8633,Online Store,SP557,Candy,Fruit Jelly Candy,SKU44099,47633,45,2143485,0.2391,512507.26,1630977.74,None,No,Transfer,2
TRX2022732273,18/10/2022,Surabaya,East Java,Surabaya,General Trade,PT Nusantara Supply,OUT3776,Supermarket,SP942,Beverages,Nutri Grain Drink,SKU13097,48710,155,7550050,0.0903,681769.52,6868280.49,Seasonal Promo,No,Cash,9
TRX2022537081,29/04/2022,Palembang,South Sumatra,Palembang,General Trade,PT Sinar Distribusi,OUT5169,Supermarket,SP409,Biscuits, Golden Cream Biscuit ,SKU30764,13853,89,1232917,0.1944,239679.06,993237.94,,Yes,Cash,10
TRX2022600768,04/12/2022,Bandung,West Java,Bandung,Distributor,PT Global Snack Dist,OUT3180,Online Store,SP182,Snacks,Spicy Curl,SKU77843,36611,151,5528261,0.0169,93427.61,5434833.39,Retail Discount,No,Credit Term,14
TRX2022318170,2022-04-28,Jakarta,DKI Jakarta,Jakarta,General Trade,PT Sinar Distribusi,OUT1710,Online Store,SP644,Beverages,Energy Cocoa Drink,SKU78603,12745,110,1401950,0.248,347683.6,1054266.4,Seasonal Promo,No,Cash,12
TRX2022130747,2022-02-25,Semarang,Central Java,Semarang,Distributor,PT Sinar Distribusi,OUT2139,Online Store,SP319,Biscuits, Choco Delight Biscuit ,SKU86310,35134,125,4391750,0.1889,829601.58,3562148.42,Retail Discount,No,Transfer,3
TRX2022428821,03/12/2022,Semarang,Central Java,Semarang,Modern Trade,PT Maju Jaya Distribusi,OUT3872,Traditional Store,SP938,Nuts,Spicy Peanut Mix,SKU91794,18179,95,1727005,0.0547,94467.17,1632537.83,None,No,Transfer,4
TRX2022631571,03/05/2022,Jakarta,DKI Jakarta,Jakarta,E-commerce,PT Sinar Distribusi,OUT2848,Online Store,SP325,Snacks,Spicy Curl,SKU10376,48879,100,4887900,0.2263,1106131.77,3781768.23,Bundle Promo,No,Credit Term,7
TRX2022919931,2022-10-05,Yogyakarta,DI Yogyakarta,Yogyakarta,E-commerce,PT Nusantara Supply,OUT2265,Minimarket,SP557,Snacks,Savory Chips,SKU23390,49375,130,6418750,0.2149,1379389.38,5039360.62,Bundle Promo,No,Credit Term,4
TRX2022376235,09/05/2022,Makassar,South Sulawesi,Makassar,General Trade,PT Maju Jaya Distribusi,OUT4765,Traditional Store,SP363,Candy, Fruit Jelly Candy ,SKU13804,20689,141,2917149,0.2027,591306.1,2325842.9,Bundle Promo,No,Cash,10
TRX2022997472,22/12/2022,Medan,North Sumatra,Medan,E-commerce,PT Maju Jaya Distribusi,OUT7689,Supermarket,SP893,Candy,Mint Pop Candy,SKU17277,22210,177,3931170,0.0157,61719.37,3869450.63,Seasonal Promo,Yes,Credit Term,4
TRX2022531168,2022-04-20,Surabaya,East Java,Surabaya,Modern Trade,PT Nusantara Supply,OUT5955,Online Store,SP344,Beverages,Energy Cocoa Drink,SKU67312,7422,35,259770,0.0454,11793.56,247976.44,Bundle Promo,No,Credit Term,1
TRX2022120468,04/07/2022,Jakarta,DKI Jakarta,Jakarta,E-commerce,PT Sinar Distribusi,OUT1419,Supermarket,SP188,Biscuits, Butter Crunch Biscuit ,SKU76788,20358,20,407160,0.1596,64982.74,342177.26,Seasonal Promo,No,Credit Term,14
TRX2022358214,16/10/2022,Palembang,South Sumatra,Palembang,E-commerce,PT Sinar Distribusi,OUT9484,Online Store,SP808,Candy,Mint Pop Candy,SKU18204,6491,195,1265745,0.1121,141890.01,1123854.99,None,No,Credit Term,5
TRX2022546988,01/06/2022,Semarang,Central Java,Semarang,Modern Trade,,OUT2677,Minimarket,SP368,Beverages,Choco Malt Drink,SKU20010,32004,77,2464308,0.0543,133811.92,2330496.08,,No,Transfer,4
TRX2022814059,18/02/2022,Bandung,West Java,Bandung,Distributor,,OUT7846,Online Store,SP934,Candy,Mint Pop Candy,SKU16248,39721,20,794420,0.2355,187085.91,607334.09,None,No,Transfer,6
TRX2022364360,2022-07-07,Jakarta,DKI Jakarta,Jakarta,General Trade,PT Nusantara Supply,OUT5336,Supermarket,SP892,Nuts,Spicy Peanut Mix,SKU14011,2638,29,76502,0.1495,11437.05,65064.95,,No,Credit Term,9
TRX2022887585,2022-03-05,Yogyakarta,DI Yogyakarta,Yogyakarta,Modern Trade,PT Sinar Distribusi,OUT2743,Supermarket,SP680,Beverages,Energy Cocoa Drink,SKU60172,40005,91,3640455,0.1318,479811.97,3160643.03,None,No,Transfer,6
TRX2022235176,23/02/2022,Yogyakarta,DI Yogyakarta,Yogyakarta,Distributor,PT Nusantara Supply,OUT1191,Supermarket,SP305,Beverages, Nutri Grain Drink ,SKU85142,42920,72,3090240,0.1003,309951.07,2780288.93,Retail Discount,No,Credit Term,2
TRX2022857497,2022-12-20,Makassar,South Sulawesi,Makassar,General Trade,PT Nusantara Supply,OUT7389,Supermarket,SP620,Beverages,Nutri Grain Drink,SKU40977,18617,66,1228722,0.1295,159119.5,1069602.5,None,No,Credit Term,8
TRX2022836804,06/05/2022,Medan,North Sumatra,Medan,E-commerce,PT Maju Jaya Distribusi,OUT3430,Online Store,SP325,Nuts, Salted Cashew Mix ,SKU51348,46776,95,4443720,0.1433,636785.08,3806934.92,Retail Discount,No,Cash,5
TRX2022347638,11/10/2022,Semarang,Central Java,Semarang,Modern Trade,PT Maju Jaya Distribusi,OUT6354,Traditional Store,SP601,Beverages, Nutri Grain Drink ,SKU75406,11143,170,1894310,0.2093,396479.08,1497830.92,None,No,Transfer,4
TRX2022509183,2022-05-26,Medan,North Sumatra,Medan,General Trade,PT Sinar Distribusi,OUT8937,Traditional Store,SP656,Nuts,Spicy Peanut Mix,SKU13380,16107,3,48321,0.0022,106.31,48214.69,Seasonal Promo,No,Cash,7
TRX2022395731,29/05/2022,Medan,North Sumatra,Medan,Modern Trade,PT Sinar Distribusi,OUT8398,Online Store,SP394,Nuts,Spicy Peanut Mix,SKU22439,10872,119,1293768,0.2246,290580.29,1003187.71,Seasonal Promo,No,Transfer,11
TRX2022172788,2022-02-13,Bandung,West Java,Bandung,Distributor,PT Sinar Distribusi,OUT6364,Minimarket,SP678,Snacks,Spicy Curl,SKU38482,6965,90,626850,0.0273,17113.01,609736.99,None,No,Cash,10
TRX2022677190,05/01/2022,Surabaya,East Java,Surabaya,Distributor,PT Nusantara Supply,OUT8241,Online Store,SP644,Biscuits, Choco Delight Biscuit ,SKU70843,35969,150,5395350,0.2235,1205860.73,4189489.27,None,No,Transfer,12
TRX2022679152,29/04/2022,Semarang,Central Java,Semarang,General Trade,PT Maju Jaya Distribusi,OUT2280,Minimarket,SP732,Biscuits,Butter Crunch Biscuit,SKU38243,14032,170,2385440,0.1645,392404.88,1993035.12,,No,Transfer,7
TRX2022125788,14/08/2022,Medan,North Sumatra,Medan,Modern Trade,PT Maju Jaya Distribusi,OUT4618,Supermarket,SP279,Biscuits,Butter Crunch Biscuit,SKU63670,45126,39,1759914,0.0499,87819.71,1672094.29,Seasonal Promo,No,Credit Term,9
TRX2022322009,2022-09-13,Semarang,Central Java,Semarang,Distributor,,OUT6850,Online Store,SP808,Biscuits, Choco Delight Biscuit ,SKU94935,19450,44,855800,0.0314,26872.12,828927.88,Seasonal Promo,No,Cash,12
TRX2022373657,2022-10-15,Yogyakarta,DI Yogyakarta,Yogyakarta,Modern Trade,,OUT5373,Traditional Store,SP204,Biscuits,Butter Crunch Biscuit,SKU96486,23489,99,2325411,0.0159,36974.03,2288436.97,,No,Credit Term,2
TRX2022205801,11/01/2022,Jakarta,DKI Jakarta,Jakarta,Distributor,PT Nusantara Supply,OUT4822,Traditional Store,SP501,Biscuits,Golden Cream Biscuit,SKU57874,28881,57,1646217,0.1894,311793.5,1334423.5,Bundle Promo,No,Transfer,12
TRX2022621317,2022-10-22,Jakarta,DKI Jakarta,Jakarta,Distributor,PT Sinar Distribusi,OUT2681,Minimarket,SP144,Nuts, Salted Cashew Mix ,SKU15492,31467,195,6136065,0.0553,339324.39,5796740.61,Retail Discount,No,Transfer,10
TRX2022121736,2022-08-13,Bandung,West Java,Bandung,Distributor,PT Nusantara Supply,OUT6041,Traditional Store,SP878,Beverages,Energy Cocoa Drink,SKU26463,16833,51,858483,0.0775,66532.43,791950.57,None,No,Transfer,3
TRX2022858441,04/08/2022,Makassar,South Sulawesi,Makassar,E-commerce,PT Sinar Distribusi,OUT2047,Minimarket,SP778,Beverages,Choco Malt Drink,SKU36458,17771,165,2932215,0.2319,679980.66,2252234.34,None,No,Credit Term,12
TRX2022188133,19/01/2022,Makassar,South Sulawesi,Makassar,E-commerce,PT Nusantara Supply,OUT1363,Traditional Store,SP110,Biscuits,Choco Delight Biscuit,SKU70627,6463,186,1202118,0.1861,223714.16,978403.84,Bundle Promo,No,Credit Term,12
TRX2022759560,2022-07-06,Semarang,Central Java,Semarang,Modern Trade,PT Nusantara Supply,OUT4835,Minimarket,SP722,Candy,Mint Pop Candy,SKU46766,40455,111,4490505,0.243,1091192.72,3399312.29,Bundle Promo,No,Transfer,1
TRX2022192354,05/08/2022,Semarang,Central Java,Semarang,Distributor,PT Sinar Distribusi,OUT8162,Supermarket,SP563,Beverages,Nutri Grain Drink,SKU61253,25497,112,2855664,0.0412,117653.36,2738010.64,None,No,Cash,11
TRX2022772955,2022-06-19,Yogyakarta,DI Yogyakarta,Yogyakarta,Distributor,PT Sinar Distribusi,OUT4984,Traditional Store,SP795,Beverages,Energy Cocoa Drink,SKU45567,42377,129,5466633,0.2308,1261698.9,4204934.1,None,No,Credit Term,14
TRX2022790704,05/01/2022,Semarang,Central Java,Semarang,Modern Trade,PT Nusantara Supply,OUT7975,Online Store,SP846,Biscuits, Butter Crunch Biscuit ,SKU31401,48139,14,673946,0.2016,135867.51,538078.49,Seasonal Promo,No,Credit Term,4
TRX2022402485,13/10/2022,Makassar,South Sulawesi,Makassar,E-commerce,PT Nusantara Supply,OUT9346,Supermarket,SP134,Snacks,Spicy Curl,SKU94205,29950,175,5241250,0.0327,171388.88,5069861.12,Seasonal Promo,No,Cash,4
TRX2022106111,30/09/2022,Yogyakarta,DI Yogyakarta,Yogyakarta,General Trade,PT Sinar Distribusi,OUT7140,Supermarket,SP109,Snacks,Crunchy Bite,SKU23401,4833,194,937602,0.1702,159579.86,778022.14,Bundle Promo,No,Credit Term,8
TRX2022624989,2022-03-12,Semarang,Central Java,Semarang,Distributor,PT Global Snack Dist,OUT8906,Online Store,SP483,Biscuits, Butter Crunch Biscuit ,SKU57353,29656,174,5160144,0.0221,114039.18,5046104.82,Bundle Promo,No,Transfer,5
TRX2022920798,14/04/2022,Jakarta,DKI Jakarta,Jakarta,General Trade,PT Global Snack Dist,OUT6387,Supermarket,SP724,Beverages, Choco Malt Drink ,SKU80536,10665,50,533250,0.1686,89905.95,443344.05,Retail Discount,No,Cash,1
TRX2022863623,2022-12-27,Medan,North Sumatra,Medan,Modern Trade,,OUT2960,Supermarket,SP718,Nuts,Spicy Peanut Mix,SKU77439,45742,151,6907042,0.1825,1260535.17,5646506.83,Retail Discount,No,Credit Term,11
TRX2022521118,2022-05-04,Jakarta,DKI Jakarta,Jakarta,E-commerce,PT Maju Jaya Distribusi,OUT1946,Online Store,SP939,Snacks,Savory Chips,SKU58482,35259,49,1727691,0.2233,385793.4,1341897.6,Bundle Promo,No,Credit Term,12
TRX2022417073,2022-09-27,Semarang,Central Java,Semarang,E-commerce,,OUT7749,Online Store,SP240,Biscuits,Golden Cream Biscuit,SKU31052,41906,40,1676240,0.0025,4190.6,1672049.4,Retail Discount,No,Credit Term,7
TRX2022443052,2022-02-04,Palembang,South Sumatra,Palembang,Modern Trade,PT Global Snack Dist,OUT7159,Supermarket,SP780,Beverages,Energy Cocoa Drink,SKU73072,18071,56,1011976,0.0521,52723.95,959252.05,Bundle Promo,No,Transfer,4
TRX2022701953,13/03/2022,Semarang,Central Java,Semarang,General Trade,PT Global Snack Dist,OUT7516,Online Store,SP735,Snacks,Spicy Curl,SKU34225,16733,115,1924295,0.1397,268824.01,1655470.99,,No,Credit Term,5
TRX2022563511,2022-03-06,Yogyakarta,DI Yogyakarta,Yogyakarta,Modern Trade,PT Global Snack Dist,OUT7072,Traditional Store,SP982,Beverages,Nutri Grain Drink,SKU76801,49193,81,3984633,0.0221,88060.39,3896572.61,Retail Discount,No,Transfer,5
TRX2022824455,2022-09-10,Medan,North Sumatra,Medan,Distributor,PT Sinar Distribusi,OUT7091,Supermarket,SP674,Biscuits, Butter Crunch Biscuit ,SKU17317,8181,4,32724,0.1759,5756.15,26967.85,Seasonal Promo,Yes,Cash,11
TRX2022397579,26/11/2022,Bandung,West Java,Bandung,E-commerce,,OUT5140,Online Store,SP224,Candy, Mint Pop Candy ,SKU30775,39964,173,6913772,0.0421,291069.8,6622702.2,Bundle Promo,No,Transfer,13
TRX2022943108,30/10/2022,Yogyakarta,DI Yogyakarta,Yogyakarta,Distributor,PT Nusantara Supply,OUT8325,Minimarket,SP720,Candy,Caramel Drop Candy,SKU33595,6714,46,308844,0.0688,21248.47,287595.53,,No,Credit Term,14
TRX2022592003,07/11/2022,Medan,North Sumatra,Medan,E-commerce,PT Nusantara Supply,OUT8727,Minimarket,SP225,Nuts,Spicy Peanut Mix,SKU22247,7229,66,477114,0.146,69658.64,407455.36,Retail Discount,No,Credit Term,4
TRX2022573412,2022-04-09,Bandung,West Java,Bandung,Modern Trade,PT Sinar Distribusi,OUT7671,Online Store,SP935,Biscuits,Butter Crunch Biscuit,SKU40240,8257,131,1081667,0.031,33531.68,1048135.32,Seasonal Promo,No,Cash,3
TRX2022446037,2022-09-08,Yogyakarta,DI Yogyakarta,Yogyakarta,E-commerce,PT Nusantara Supply,OUT4971,Supermarket,SP276,Snacks, Savory Chips ,SKU22069,3257,52,169364,0.2325,39377.13,129986.87,None,No,Transfer,6
TRX2022331324,2022-05-27,Makassar,South Sulawesi,Makassar,Modern Trade,PT Maju Jaya Distribusi,OUT4681,Minimarket,SP854,Biscuits,Choco Delight Biscuit,SKU70492,30476,90,2742840,0.1977,542259.47,2200580.53,,No,Cash,1
TRX2022244790,18/02/2022,Bandung,West Java,Bandung,Distributor,PT Sinar Distribusi,OUT8188,Online Store,SP580,Snacks,Crunchy Bite,SKU29860,22141,186,4118226,0.2475,1019260.93,3098965.06,None,No,Credit Term,8
TRX2022825603,2022-11-03,Semarang,Central Java,Semarang,General Trade,PT Global Snack Dist,OUT7412,Traditional Store,SP435,Biscuits,Choco Delight Biscuit,SKU72256,34675,8,277400,0.0378,10485.72,266914.28,Seasonal Promo,No,Transfer,7
TRX2022165883,2022-04-19,Jakarta,DKI Jakarta,Jakarta,E-commerce,,OUT5958,Minimarket,SP451,Snacks,Spicy Curl,SKU19872,8130,182,1479660,0.0203,30037.1,1449622.9,None,No,Transfer,6
TRX2022447334,2022-05-21,Jakarta,DKI Jakarta,Jakarta,E-commerce,PT Sinar Distribusi,OUT7102,Traditional Store,SP558,Snacks,Spicy Curl,SKU33535,42161,140,5902540,0.1726,1018778.4,4883761.6,Bundle Promo,No,Cash,11
TRX2022646133,22/12/2022,Yogyakarta,DI Yogyakarta,Yogyakarta,General Trade,PT Maju Jaya Distribusi,OUT1090,Supermarket,SP665,Snacks,Crunchy Bite,SKU66696,14671,102,1496442,0.1532,229254.91,1267187.09,Seasonal Promo,No,Cash,6
TRX2022682897,08/05/2022,Surabaya,East Java,Surabaya,E-commerce,PT Sinar Distribusi,OUT8511,Supermarket,SP352,Biscuits,Butter Crunch Biscuit,SKU45187,13090,173,2264570,0.0451,102132.11,2162437.89,Seasonal Promo,No,Transfer,14
TRX2022588315,2022-06-21,Makassar,South Sulawesi,Makassar,E-commerce,PT Maju Jaya Distribusi,OUT9893,Traditional Store,SP655,Nuts,Spicy Peanut Mix,SKU86082,48461,91,4409951,0.0137,60416.33,4349534.67,Bundle Promo,No,Transfer,13
TRX2022477379,2022-09-21,Jakarta,DKI Jakarta,Jakarta,E-commerce,,OUT2439,Online Store,SP844,Snacks,Savory Chips,SKU70344,20099,97,1949603,0.17,331432.51,1618170.49,Seasonal Promo,No,Cash,14
TRX2022406436,2022-07-24,Bandung,West Java,Bandung,General Trade,,OUT1351,Minimarket,SP606,Beverages,Energy Cocoa Drink,SKU60418,32423,129,4182567,0.0857,358445.99,3824121.01,,No,Credit Term,10
TRX2022394018,27/11/2022,Yogyakarta,DI Yogyakarta,Yogyakarta,General Trade,,OUT6075,Online Store,SP789,Candy,Caramel Drop Candy,SKU39469,39286,62,2435732,0.0803,195589.28,2240142.72,Retail Discount,No,Credit Term,2
TRX2022938553,07/06/2022,Semarang,Central Java,Semarang,Modern Trade,PT Sinar Distribusi,OUT9182,Supermarket,SP581,Nuts,Salted Cashew Mix,SKU22983,22543,105,2367015,0.1818,430323.33,1936691.67,Seasonal Promo,No,Transfer,14
TRX2022883586,2022-04-28,Makassar,South Sulawesi,Makassar,Distributor,,OUT9650,Minimarket,SP505,Biscuits,Butter Crunch Biscuit,SKU52276,5704,106,604624,0.1976,119473.7,485150.3,None,No,Cash,2
TRX2022835189,2022-12-18,Palembang,South Sumatra,Palembang,E-commerce,PT Nusantara Supply,OUT6641,Supermarket,SP795,Snacks,Spicy Curl,SKU56560,11079,159,1761561,0.2207,388776.51,1372784.49,,No,Transfer,8
TRX2022250033,2022-12-08,Palembang,South Sumatra,Palembang,E-commerce,PT Nusantara Supply,OUT9934,Traditional Store,SP658,Nuts,Salted Cashew Mix,SKU26123,25546,121,3091066,0.1288,398129.3,2692936.7,,No,Cash,2
TRX2022945150,25/06/2022,Bandung,West Java,Bandung,General Trade,,OUT6144,Minimarket,SP774,Candy,Fruit Jelly Candy,SKU54873,12528,22,275616,0.169,46579.1,229036.9,Bundle Promo,No,Credit Term,6
TRX2022142316,2022-08-31,Medan,North Sumatra,Medan,E-commerce,PT Maju Jaya Distribusi,OUT9926,Traditional Store,SP846,Biscuits,Butter Crunch Biscuit,SKU38997,34996,143,5004428,0.2176,1088963.53,3915464.47,Bundle Promo,Yes,Cash,4
TRX2022736722,21/08/2022,Jakarta,DKI Jakarta,Jakarta,Distributor,PT Maju Jaya Distribusi,OUT2973,Traditional Store,SP451,Nuts, Spicy Peanut Mix ,SKU82044,15074,17,256258,0.187,47920.25,208337.75,None,No,Credit Term,2
TRX2022661315,27/02/2022,Yogyakarta,DI Yogyakarta,Yogyakarta,E-commerce,PT Nusantara Supply,OUT7407,Minimarket,SP751,Beverages,Choco Malt Drink,SKU28872,45508,135,6143580,0.0613,376601.45,5766978.55,None,No,Transfer,10
TRX2022650531,25/02/2022,Bandung,West Java,Bandung,General Trade,PT Global Snack Dist,OUT8718,Supermarket,SP832,Beverages,Nutri Grain Drink,SKU60725,22508,148,3331184,0.0652,217193.2,3113990.8,Retail Discount,No,Credit Term,6
TRX2022920766,2022-02-01,Yogyakarta,DI Yogyakarta,Yogyakarta,General Trade,PT Sinar Distribusi,OUT7870,Traditional Store,SP831,Biscuits,Choco Delight Biscuit,SKU43100,19993,198,3958614,0.1205,477012.99,3481601.01,Bundle Promo,No,Cash,10
TRX2022754191,2022-04-21,Semarang,Central Java,Semarang,General Trade,,OUT1577,Supermarket,SP353,Snacks,Crunchy Bite,SKU36651,7211,157,1132127,0.1531,173328.64,958798.36,Retail Discount,No,Transfer,3
TRX2022402338,2022-02-12,Bandung,West Java,Bandung,Modern Trade,,OUT3569,Supermarket,SP314,Beverages,Choco Malt Drink,SKU11021,42359,84,3558156,0.0403,143393.69,3414762.31,Seasonal Promo,No,Credit Term,8
TRX2022740830,2022-12-11,Bandung,West Java,Bandung,Modern Trade,PT Sinar Distribusi,OUT1834,Minimarket,SP789,Biscuits,Choco Delight Biscuit,SKU31604,10898,1,10898,0.2172,2367.05,8530.95,None,No,Cash,7
TRX2022856560,2022-11-05,Surabaya,East Java,Surabaya,E-commerce,PT Maju Jaya Distribusi,OUT2131,Online Store,SP735,Biscuits,Choco Delight Biscuit,SKU19246,29696,198,5879808,0.0839,493315.89,5386492.11,None,No,Cash,5
TRX2022246265,2022-12-15,Surabaya,East Java,Surabaya,Modern Trade,PT Global Snack Dist,OUT8055,Supermarket,SP698,Beverages,Nutri Grain Drink,SKU47464,15895,96,1525920,0.2009,306557.33,1219362.67,Bundle Promo,No,Cash,13
TRX2022285775,23/03/2022,Semarang,Central Java,Semarang,Distributor,PT Nusantara Supply,OUT6853,Online Store,SP568,Snacks,Savory Chips,SKU44740,31098,187,5815326,0.1542,896723.27,4918602.73,Seasonal Promo,No,Credit Term,6
TRX2022580994,2022-10-27,Bandung,West Java,Bandung,E-commerce,,OUT8838,Minimarket,SP854,Snacks,Spicy Curl,SKU98210,24398,199,4855202,0.061,296167.32,4559034.68,Retail Discount,No,Credit Term,5
TRX2022711880,06/08/2022,Jakarta,DKI Jakarta,Jakarta,Distributor,PT Nusantara Supply,OUT4912,Traditional Store,SP119,Nuts, Honey Roasted Peanut ,SKU88689,38954,151,5882054,0.1762,1036417.91,4845636.09,Bundle Promo,No,Cash,13
TRX2022104112,2022-05-25,Yogyakarta,DI Yogyakarta,Yogyakarta,General Trade,PT Global Snack Dist,OUT5408,Supermarket,SP212,Beverages,Energy Cocoa Drink,SKU35490,48880,56,2737280,0.1844,504754.43,2232525.57,,No,Cash,13
TRX2022827581,05/03/2022,Yogyakarta,DI Yogyakarta,Yogyakarta,E-commerce,PT Nusantara Supply,OUT9678,Minimarket,SP140,Snacks,Savory Chips,SKU31209,12741,153,1949373,0.1287,250884.31,1698488.69,None,No,Credit Term,4
TRX2022334571,29/03/2022,Medan,North Sumatra,Medan,Modern Trade,PT Maju Jaya Distribusi,OUT2062,Minimarket,SP720,Beverages,Choco Malt Drink,SKU77086,29063,75,2179725,0.1055,229960.99,1949764.01,Seasonal Promo,No,Credit Term,7
TRX2022509113,2022-11-11,Palembang,South Sumatra,Palembang,Modern Trade,PT Global Snack Dist,OUT9549,Traditional Store,SP238,Candy,Mint Pop Candy,SKU54200,12933,35,452655,0.2474,111986.85,340668.15,Seasonal Promo,No,Transfer,2
TRX2022124096,2022-12-18,Surabaya,East Java,Surabaya,General Trade,PT Nusantara Supply,OUT8105,Traditional Store,SP922,Snacks,Spicy Curl,SKU16236,37983,70,2658810,0.0105,27917.51,2630892.5,Retail Discount,No,Transfer,2
TRX2022155733,2022-08-31,Palembang,South Sumatra,Palembang,E-commerce,PT Sinar Distribusi,OUT8244,Supermarket,SP177,Beverages,Nutri Grain Drink,SKU64994,20357,74,1506418,0.192,289232.26,1217185.74,Retail Discount,No,Cash,2
TRX2022635302,2022-06-14,Medan,North Sumatra,Medan,E-commerce,PT Sinar Distribusi,OUT9971,Minimarket,SP782,Biscuits,Golden Cream Biscuit,SKU70521,10540,56,590240,0.1544,91133.06,499106.94,Retail Discount,No,Credit Term,11
TRX2022646761,24/06/2022,Semarang,Central Java,Semarang,Distributor,PT Sinar Distribusi,OUT1670,Minimarket,SP612,Biscuits,Butter Crunch Biscuit,SKU39325,36308,46,1670168,0.2256,376789.9,1293378.1,Bundle Promo,No,Transfer,2
TRX2022151445,2022-10-03,Makassar,South Sulawesi,Makassar,Modern Trade,,OUT1504,Online Store,SP907,Nuts,Honey Roasted Peanut,SKU61686,7179,110,789690,0.1925,152015.33,637674.68,Retail Discount,No,Credit Term,9
TRX2022893504,20/09/2022,Yogyakarta,DI Yogyakarta,Yogyakarta,Modern Trade,PT Global Snack Dist,OUT1178,Online Store,SP513,Nuts,Honey Roasted Peanut,SKU55453,34527,29,1001283,0.2179,218179.57,783103.43,,No,Transfer,7
TRX2022149742,07/08/2022,Yogyakarta,DI Yogyakarta,Yogyakarta,Modern Trade,PT Maju Jaya Distribusi,OUT3516,Traditional Store,SP747,Beverages, Nutri Grain Drink ,SKU48942,24741,185,4577085,0.2262,1035336.63,3541748.37,Bundle Promo,No,Credit Term,14
TRX2022939866,2022-02-09,Makassar,South Sulawesi,Makassar,General Trade,,OUT6883,Minimarket,SP708,Nuts,Salted Cashew Mix,SKU13031,17523,158,2768634,0.0148,40975.78,2727658.22,,No,Transfer,14
TRX2022739970,2022-03-21,Semarang,Central Java,Semarang,General Trade,PT Nusantara Supply,OUT7481,Minimarket,SP788,Nuts,Salted Cashew Mix,SKU22162,12642,113,1428546,0.0914,130569.1,1297976.9,Seasonal Promo,No,Cash,7
TRX2022826257,08/07/2022,Makassar,South Sulawesi,Makassar,Modern Trade,PT Maju Jaya Distribusi,OUT7507,Traditional Store,SP863,Candy,Mint Pop Candy,SKU86227,4117,61,251137,0.133,33401.22,217735.78,None,No,Credit Term,2
TRX2022280306,2022-05-20,Medan,North Sumatra,Medan,E-commerce,PT Sinar Distribusi,OUT3505,Online Store,SP311,Biscuits,Choco Delight Biscuit,SKU90689,31897,34,1084498,0.2185,236962.81,847535.19,Seasonal Promo,No,Transfer,3
TRX2022259934,2022-02-17,Semarang,Central Java,Semarang,Modern Trade,PT Sinar Distribusi,OUT3714,Supermarket,SP443,Candy, Caramel Drop Candy ,SKU51637,31180,18,561240,0.1149,64486.48,496753.52,Bundle Promo,No,Transfer,14
TRX2022541670,2022-07-18,Jakarta,DKI Jakarta,Jakarta,General Trade,PT Global Snack Dist,OUT9946,Supermarket,SP976,Candy,Caramel Drop Candy,SKU15980,17602,34,598468,0.0918,54939.36,543528.64,Retail Discount,No,Cash,6
TRX2022712574,2022-05-15,Medan,North Sumatra,Medan,Modern Trade,PT Maju Jaya Distribusi,OUT1046,Online Store,SP860,Snacks,Savory Chips,SKU44847,33159,48,1591632,0.0989,157412.4,1434219.6,None,No,Cash,9
TRX2022626031,2022-03-07,Semarang,Central Java,Semarang,Distributor,PT Nusantara Supply,OUT5500,Minimarket,SP383,Biscuits,Butter Crunch Biscuit,SKU94256,32505,198,6435990,0.0984,633301.42,5802688.58,Seasonal Promo,No,Transfer,12
TRX2022241129,02/05/2022,Medan,North Sumatra,Medan,Distributor,PT Maju Jaya Distribusi,OUT7054,Supermarket,SP338,Biscuits,Butter Crunch Biscuit,SKU71298,40190,114,4581660,0.1555,712448.13,3869211.87,Bundle Promo,No,Transfer,2
TRX2022690077,15/08/2022,Bandung,West Java,Bandung,General Trade,,OUT4865,Supermarket,SP658,Snacks,Savory Chips,SKU83533,5430,47,255210,0.0862,21999.1,233210.9,Retail Discount,No,Credit Term,4
TRX2022319799,2022-06-13,Medan,North Sumatra,Medan,E-commerce,,OUT3523,Online Store,SP149,Biscuits,Golden Cream Biscuit,SKU14808,22806,38,866628,0.0314,27212.12,839415.88,None,No,Credit Term,1
TRX2022231702,2022-11-05,Palembang,South Sumatra,Palembang,General Trade,,OUT6472,Supermarket,SP703,Biscuits,Butter Crunch Biscuit,SKU68752,8872,123,1091256,0.1103,120365.54,970890.46,,No,Transfer,7
TRX2022361719,2022-03-01,Yogyakarta,DI Yogyakarta,Yogyakarta,Modern Trade,PT Sinar Distribusi,OUT8928,Supermarket,SP195,Snacks,Spicy Curl,SKU67803,27812,96,2669952,0.1158,309180.44,2360771.56,None,No,Cash,4
TRX2022388899,16/07/2022,Jakarta,DKI Jakarta,Jakarta,Distributor,PT Maju Jaya Distribusi,OUT2699,Supermarket,SP532,Snacks,Spicy Curl,SKU25687,36208,98,3548384,0.0101,35838.68,3512545.32,Bundle Promo,No,Credit Term,3
TRX2022263479,27/09/2022,Medan,North Sumatra,Medan,Distributor,PT Global Snack Dist,OUT8588,Supermarket,SP910,Biscuits,Butter Crunch Biscuit,SKU59196,19514,34,663476,0.1963,130240.34,533235.66,None,No,Cash,3
TRX2022645585,26/07/2022,Palembang,South Sumatra,Palembang,Distributor,PT Global Snack Dist,OUT7631,Online Store,SP465,Nuts,Salted Cashew Mix,SKU63689,4135,78,322530,0.0789,25447.62,297082.38,Retail Discount,No,Cash,5
TRX2022104215,2022-09-17,Medan,North Sumatra,Medan,E-commerce,PT Sinar Distribusi,OUT5926,Supermarket,SP119,Beverages,Nutri Grain Drink,SKU50338,12160,58,705280,0.1826,128784.13,576495.87,Bundle Promo,No,Credit Term,10
TRX2022456180,2022-06-18,Surabaya,East Java,Surabaya,Modern Trade,,OUT9161,Supermarket,SP215,Nuts,Salted Cashew Mix,SKU63524,38856,8,310848,0.2036,63288.65,247559.35,Retail Discount,Yes,Cash,12
TRX2022271617,03/03/2022,Makassar,South Sulawesi,Makassar,Distributor,PT Sinar Distribusi,OUT9057,Supermarket,SP183,Candy,Fruit Jelly Candy,SKU36146,48554,115,5583710,0.1893,1056996.3,4526713.7,Retail Discount,No,Transfer,3
TRX2022916984,2022-05-04,Bandung,West Java,Bandung,Modern Trade,PT Maju Jaya Distribusi,OUT3609,Minimarket,SP219,Snacks,Spicy Curl,SKU78490,20700,135,2794500,0.0299,83555.55,2710944.45,None,No,Transfer,14
TRX2022108240,02/01/2022,Jakarta,DKI Jakarta,Jakarta,Distributor,PT Maju Jaya Distribusi,OUT2033,Online Store,SP456,Biscuits,Golden Cream Biscuit,SKU15065,45761,88,4026968,0.0441,177589.29,3849378.71,Seasonal Promo,No,Cash,8
TRX2022433067,2022-12-01,Medan,North Sumatra,Medan,Modern Trade,PT Sinar Distribusi,OUT7071,Supermarket,SP867,Candy, Mint Pop Candy ,SKU42662,44971,8,359768,0.1939,69759.02,290008.98,Bundle Promo,No,Cash,11
TRX2022420277,08/12/2022,Medan,North Sumatra,Medan,General Trade,PT Sinar Distribusi,OUT3045,Minimarket,SP705,Snacks,Savory Chips,SKU65972,43077,190,8184630,0.1337,1094285.03,7090344.97,None,No,Transfer,8
TRX2022542789,01/09/2022,Surabaya,East Java,Surabaya,Modern Trade,PT Sinar Distribusi,OUT9216,Traditional Store,SP591,Beverages,Energy Cocoa Drink,SKU28973,33053,28,925484,0.2383,220542.84,704941.16,None,No,Transfer,5
TRX2022218706,2022-12-19,Medan,North Sumatra,Medan,Distributor,PT Maju Jaya Distribusi,OUT3302,Supermarket,SP853,Biscuits,Butter Crunch Biscuit,SKU71069,47238,175,8266650,0.0065,53733.22,8212916.78,Seasonal Promo,No,Transfer,9
TRX2022645685,2022-11-11,Yogyakarta,DI Yogyakarta,Yogyakarta,General Trade,PT Global Snack Dist,OUT1227,Online Store,SP647,Snacks, Savory Chips ,SKU77802,29417,187,5500979,0.2411,1326286.04,4174692.96,Bundle Promo,No,Cash,13
TRX2022480461,2022-07-06,Yogyakarta,DI Yogyakarta,Yogyakarta,Modern Trade,PT Maju Jaya Distribusi,OUT5704,Online Store,SP913,Snacks,Crunchy Bite,SKU53811,19013,2,38026,0.1603,6095.57,31930.43,,No,Transfer,2
TRX2022967301,2022-12-20,Yogyakarta,DI Yogyakarta,Yogyakarta,E-commerce,PT Global Snack Dist,OUT6202,Online Store,SP941,Biscuits,Butter Crunch Biscuit,SKU82225,29369,50,1468450,0.2285,335540.83,1132909.18,Retail Discount,No,Credit Term,1
TRX2022445474,2022-05-21,Yogyakarta,DI Yogyakarta,Yogyakarta,E-commerce,PT Nusantara Supply,OUT3846,Traditional Store,SP840,Snacks,Savory Chips,SKU11535,26946,193,5200578,0.0095,49405.49,5151172.51,,No,Cash,13
TRX2022152863,08/05/2022,Semarang,Central Java,Semarang,Distributor,PT Global Snack Dist,OUT7861,Traditional Store,SP451,Nuts,Salted Cashew Mix,SKU41016,32982,166,5475012,0.2255,1234615.21,4240396.79,Bundle Promo,No,Transfer,7
TRX2022539279,2022-01-17,Bandung,West Java,Bandung,Distributor,PT Maju Jaya Distribusi,OUT3074,Supermarket,SP303,Beverages,Energy Cocoa Drink,SKU66238,31093,44,1368092,0.0217,29687.6,1338404.4,,No,Credit Term,11
TRX2022199177,2022-03-21,Palembang,South Sumatra,Palembang,Modern Trade,,OUT6670,Supermarket,SP680,Beverages,Nutri Grain Drink,SKU21729,40314,173,6974322,0.2383,1661980.93,5312341.07,Retail Discount,No,Transfer,12
TRX2022733713,2022-01-03,Bandung,West Java,Bandung,Distributor,PT Sinar Distribusi,OUT3451,Minimarket,SP919,Snacks,Crunchy Bite,SKU94458,24193,114,2758002,0.0276,76120.86,2681881.14,Bundle Promo,No,Cash,7
TRX2022510950,03/09/2022,Makassar,South Sulawesi,Makassar,General Trade,PT Maju Jaya Distribusi,OUT5232,Minimarket,SP310,Nuts,Salted Cashew Mix,SKU85615,5425,170,922250,0.1222,112698.95,809551.05,Bundle Promo,No,Cash,13
TRX2022369154,25/11/2022,Surabaya,East Java,Surabaya,Distributor,PT Sinar Distribusi,OUT8005,Supermarket,SP658,Snacks,Spicy Curl,SKU42025,42857,34,1457138,0.058,84514.0,1372624.0,None,No,Cash,1
TRX2022313533,24/12/2022,Palembang,South Sumatra,Palembang,General Trade,PT Maju Jaya Distribusi,OUT4328,Online Store,SP271,Nuts,Salted Cashew Mix,SKU49430,15199,48,729552,0.1992,145326.76,584225.24,Bundle Promo,No,Cash,9
TRX2022635234,2022-08-17,Jakarta,DKI Jakarta,Jakarta,Modern Trade,PT Global Snack Dist,OUT1234,Online Store,SP311,Biscuits,Golden Cream Biscuit,SKU34201,38233,196,7493668,0.2,1498733.6,5994934.4,None,No,Transfer,3
TRX2022319207,2022-03-23,Surabaya,East Java,Surabaya,Distributor,,OUT7956,Minimarket,SP759,Nuts,Honey Roasted Peanut,SKU43901,4855,86,417530,0.112,46763.36,370766.64,Seasonal Promo,No,Credit Term,3
TRX2022246205,11/06/2022,Makassar,South Sulawesi,Makassar,General Trade,PT Global Snack Dist,OUT3572,Traditional Store,SP256,Snacks,Savory Chips,SKU50401,43268,76,3288368,0.1412,464317.56,2824050.44,None,No,Credit Term,5
TRX2022540690,2022-02-11,Makassar,South Sulawesi,Makassar,General Trade,PT Global Snack Dist,OUT6525,Supermarket,SP449,Snacks,Spicy Curl,SKU97335,47779,184,8791336,0.2033,1787278.61,7004057.39,None,No,Cash,12
TRX2022952924,2022-11-06,Jakarta,DKI Jakarta,Jakarta,E-commerce,PT Nusantara Supply,OUT7558,Traditional Store,SP313,Snacks, Crunchy Bite ,SKU83570,48035,180,8646300,0.0129,111537.27,8534762.73,None,No,Cash,9
TRX2022485739,2022-01-28,Medan,North Sumatra,Medan,Modern Trade,PT Sinar Distribusi,OUT7806,Online Store,SP308,Biscuits,Choco Delight Biscuit,SKU52274,41416,182,7537712,0.0471,355026.24,7182685.76,None,No,Transfer,4
TRX2022578141,22/03/2022,Jakarta,DKI Jakarta,Jakarta,General Trade,PT Maju Jaya Distribusi,OUT9154,Online Store,SP240,Candy, Caramel Drop Candy ,SKU54841,8153,23,187519,0.0896,16801.7,170717.3,Seasonal Promo,No,Transfer,1
TRX2022368453,2022-10-26,Surabaya,East Java,Surabaya,General Trade,PT Nusantara Supply,OUT6238,Minimarket,SP233,Nuts,Spicy Peanut Mix,SKU51647,33652,171,5754492,0.1036,596165.37,5158326.63,Retail Discount,No,Cash,8
TRX2022372630,2022-06-17,Jakarta,DKI Jakarta,Jakarta,General Trade,PT Nusantara Supply,OUT7142,Online Store,SP700,Nuts, Spicy Peanut Mix ,SKU13897,15086,145,2187470,0.2438,533305.19,1654164.81,Seasonal Promo,No,Cash,3
TRX2022902155,28/04/2022,Jakarta,DKI Jakarta,Jakarta,Distributor,PT Nusantara Supply,OUT3140,Traditional Store,SP867,Beverages,Choco Malt Drink,SKU67995,35008,184,6441472,0.0933,600989.34,5840482.66,None,No,Credit Term,1
TRX2022456609,18/06/2022,Bandung,West Java,Bandung,E-commerce,PT Maju Jaya Distribusi,OUT7323,Minimarket,SP911,Candy,Mint Pop Candy,SKU85244,2828,4,11312,0.1163,1315.59,9996.41,Seasonal Promo,No,Credit Term,13
TRX2022931876,11/09/2022,Medan,North Sumatra,Medan,Distributor,PT Sinar Distribusi,OUT2175,Supermarket,SP374,Snacks,Spicy Curl,SKU89610,43549,28,1219372,0.1066,129985.06,1089386.94,Retail Discount,No,Cash,6
TRX2022538287,2022-07-17,Palembang,South Sumatra,Palembang,E-commerce,PT Sinar Distribusi,OUT6057,Minimarket,SP528,Nuts,Salted Cashew Mix,SKU81321,10719,65,696735,0.174,121231.89,575503.11,Seasonal Promo,No,Transfer,9
TRX2022672179,2022-09-17,Jakarta,DKI Jakarta,Jakarta,E-commerce,,OUT1192,Minimarket,SP665,Snacks,Savory Chips,SKU73908,34748,171,5941908,0.2121,1260278.69,4681629.31,Bundle Promo,No,Transfer,9
TRX2022906963,25/02/2022,Palembang,South Sumatra,Palembang,Distributor,PT Nusantara Supply,OUT8976,Minimarket,SP803,Beverages,Nutri Grain Drink,SKU86380,43040,3,129120,0.1414,18257.57,110862.43,Retail Discount,No,Cash,4
TRX2022174782,2022-12-12,Palembang,South Sumatra,Palembang,E-commerce,PT Maju Jaya Distribusi,OUT7911,Online Store,SP701,Biscuits,Butter Crunch Biscuit,SKU76207,41238,187,7711506,0.1302,1004038.08,6707467.92,Seasonal Promo,No,Cash,12
TRX2022859077,26/01/2022,Surabaya,East Java,Surabaya,Distributor,PT Sinar Distribusi,OUT3605,Traditional Store,SP121,Beverages,Choco Malt Drink,SKU89365,19715,141,2779815,0.0993,276035.63,2503779.37,None,No,Credit Term,10
TRX2022582818,22/03/2022,Medan,North Sumatra,Medan,Modern Trade,PT Nusantara Supply,OUT6137,Traditional Store,SP281,Snacks,Savory Chips,SKU75395,47211,195,9206145,0.1176,1082642.65,8123502.35,None,No,Credit Term,9
TRX2022416865,05/07/2022,Medan,North Sumatra,Medan,E-commerce,PT Sinar Distribusi,OUT4314,Traditional Store,SP300,Snacks,Savory Chips,SKU42122,10758,137,1473846,0.0124,18275.69,1455570.31,,No,Credit Term,13
TRX2022810267,2022-05-12,Makassar,South Sulawesi,Makassar,E-commerce,PT Nusantara Supply,OUT6592,Online Store,SP233,Beverages,Choco Malt Drink,SKU42740,7705,170,1309850,0.2278,298383.83,1011466.17,Retail Discount,No,Cash,2
TRX2022623653,26/03/2022,Jakarta,DKI Jakarta,Jakarta,General Trade,PT Nusantara Supply,OUT8606,Supermarket,SP718,Candy,Mint Pop Candy,SKU56031,9348,87,813276,0.2444,198764.65,614511.35,Seasonal Promo,No,Cash,5
TRX2022869825,09/08/2022,Semarang,Central Java,Semarang,General Trade,PT Sinar Distribusi,OUT4401,Supermarket,SP565,Biscuits,Butter Crunch Biscuit,SKU32960,47372,111,5258292,0.0518,272379.53,4985912.47,Seasonal Promo,No,Cash,6
TRX2022171837,30/11/2022,Bandung,West Java,Bandung,Modern Trade,PT Global Snack Dist,OUT9869,Minimarket,SP581,Snacks,Spicy Curl,SKU25575,16487,103,1698161,0.1326,225176.15,1472984.85,,No,Credit Term,3
TRX2022394848,2022-04-25,Yogyakarta,DI Yogyakarta,Yogyakarta,E-commerce,PT Global Snack Dist,OUT9178,Traditional Store,SP820,Candy, Mint Pop Candy ,SKU98595,28491,165,4701015,0.2239,1052557.26,3648457.74,,No,Transfer,2
TRX2022630196,27/06/2022,Bandung,West Java,Bandung,Distributor,PT Nusantara Supply,OUT6715,Supermarket,SP374,Nuts,Spicy Peanut Mix,SKU85778,35463,173,6135099,0.1706,1046647.89,5088451.11,Retail Discount,No,Transfer,9
TRX2022914707,2022-09-21,Jakarta,DKI Jakarta,Jakarta,Modern Trade,PT Sinar Distribusi,OUT1187,Supermarket,SP470,Beverages,Nutri Grain Drink,SKU13830,47045,73,3434285,0.0727,249672.52,3184612.48,Seasonal Promo,No,Cash,1
TRX2022613460,15/01/2022,Jakarta,DKI Jakarta,Jakarta,General Trade,,OUT4473,Traditional Store,SP276,Snacks,Spicy Curl,SKU48262,44423,174,7729602,0.2426,1875201.45,5854400.55,Bundle Promo,No,Cash,7
TRX2022393737,2022-08-21,Makassar,South Sulawesi,Makassar,Distributor,PT Sinar Distribusi,OUT3972,Minimarket,SP576,Beverages,Choco Malt Drink,SKU32095,48350,163,7881050,0.1247,982766.94,6898283.06,None,No,Cash,1
TRX2022939113,09/12/2022,Jakarta,DKI Jakarta,Jakarta,E-commerce,PT Nusantara Supply,OUT6768,Traditional Store,SP989,Biscuits,Golden Cream Biscuit,SKU68854,22998,173,3978654,0.1217,484202.19,3494451.81,Seasonal Promo,No,Credit Term,13
TRX2022864422,14/05/2022,Jakarta,DKI Jakarta,Jakarta,General Trade,,OUT1996,Minimarket,SP198,Nuts,Salted Cashew Mix,SKU69905,7813,54,421902,0.1631,68812.22,353089.78,Seasonal Promo,No,Cash,4
TRX2022946935,22/02/2022,Jakarta,DKI Jakarta,Jakarta,Distributor,PT Maju Jaya Distribusi,OUT4971,Supermarket,SP152,Nuts,Honey Roasted Peanut,SKU89606,30045,141,4236345,0.2481,1051037.19,3185307.81,Seasonal Promo,No,Cash,11
TRX2022244462,2022-08-25,Yogyakarta,DI Yogyakarta,Yogyakarta,Distributor,PT Maju Jaya Distribusi,OUT8393,Supermarket,SP601,Biscuits, Butter Crunch Biscuit ,SKU95311,44617,194,8655698,0.1454,1258538.49,7397159.51,,No,Transfer,9
TRX2022482668,2022-10-23,Jakarta,DKI Jakarta,Jakarta,E-commerce,PT Nusantara Supply,OUT3783,Online Store,SP250,Biscuits,Golden Cream Biscuit,SKU48000,9001,1,9001,0.1626,1463.56,7537.44,None,No,Credit Term,8
TRX2022503740,10/09/2022,Jakarta,DKI Jakarta,Jakarta,Modern Trade,PT Nusantara Supply,OUT6445,Traditional Store,SP842,Snacks,Crunchy Bite,SKU74635,23583,131,3089373,0.2459,759676.82,2329696.18,None,No,Credit Term,3
TRX2022775471,2022-09-26,Jakarta,DKI Jakarta,Jakarta,E-commerce,PT Global Snack Dist,OUT9237,Traditional Store,SP661,Candy,Caramel Drop Candy,SKU67489,44265,78,3452670,0.1654,571071.62,2881598.38,None,No,Credit Term,8
TRX2022349562,22/04/2022,Bandung,West Java,Bandung,E-commerce,,OUT2457,Traditional Store,SP698,Snacks,Spicy Curl,SKU21589,23622,63,1488186,0.1431,212959.42,1275226.58,None,No,Credit Term,4
TRX2022375603,2022-08-07,Semarang,Central Java,Semarang,E-commerce,PT Global Snack Dist,OUT1308,Supermarket,SP171,Biscuits,Choco Delight Biscuit,SKU34913,4053,112,453936,0.0304,13799.65,440136.35,Seasonal Promo,No,Credit Term,13
TRX2022771090,2022-06-24,Yogyakarta,DI Yogyakarta,Yogyakarta,General Trade,PT Sinar Distribusi,OUT7646,Supermarket,SP580,Beverages,Choco Malt Drink,SKU23434,40372,76,3068272,0.2288,702020.63,2366251.37,Retail Discount,No,Cash,13
TRX2022964215,2022-04-01,Jakarta,DKI Jakarta,Jakarta,E-commerce,PT Maju Jaya Distribusi,OUT6970,Supermarket,SP363,Nuts,Spicy Peanut Mix,SKU20376,41712,199,8300688,0.1201,996912.63,7303775.37,Bundle Promo,No,Credit Term,7
TRX2022152444,2022-08-19,Semarang,Central Java,Semarang,E-commerce,PT Maju Jaya Distribusi,OUT8148,Traditional Store,SP537,Nuts, Honey Roasted Peanut ,SKU44503,43546,107,4659422,0.0168,78278.29,4581143.71,Bundle Promo,No,Transfer,1
TRX2022766780,2022-01-28,Semarang,Central Java,Semarang,Modern Trade,PT Global Snack Dist,OUT3574,Traditional Store,SP401,Biscuits,Choco Delight Biscuit,SKU34063,48468,94,4555992,0.17,774518.64,3781473.36,,No,Cash,7
TRX2022243123,2022-01-28,Medan,North Sumatra,Medan,General Trade,PT Nusantara Supply,OUT4075,Online Store,SP734,Nuts,Honey Roasted Peanut,SKU20416,34958,58,2027564,0.1196,242496.65,1785067.35,Bundle Promo,No,Cash,9
TRX2022475812,18/01/2022,Jakarta,DKI Jakarta,Jakarta,Modern Trade,PT Sinar Distribusi,OUT5665,Supermarket,SP645,Candy,Mint Pop Candy,SKU95495,46514,154,7163156,0.2174,1557270.11,5605885.89,,No,Cash,6
TRX2022430494,2022-10-06,Jakarta,DKI Jakarta,Jakarta,Modern Trade,PT Sinar Distribusi,OUT4509,Traditional Store,SP451,Snacks,Crunchy Bite,SKU91961,42399,122,5172678,0.0318,164491.16,5008186.84,None,No,Credit Term,2
TRX2022602701,2022-10-09,Palembang,South Sumatra,Palembang,Modern Trade,PT Sinar Distribusi,OUT1178,Online Store,SP572,Biscuits,Butter Crunch Biscuit,SKU64908,28283,84,2375772,0.0962,228549.27,2147222.73,Seasonal Promo,No,Cash,2
TRX2022268196,2022-04-12,Bandung,West Java,Bandung,Distributor,,OUT2104,Online Store,SP386,Beverages,Energy Cocoa Drink,SKU72999,31505,151,4757255,0.0371,176494.16,4580760.84,None,No,Cash,12
TRX2022975558,05/05/2022,Palembang,South Sumatra,Palembang,Distributor,,OUT5951,Supermarket,SP877,Beverages, Nutri Grain Drink ,SKU89145,10019,191,1913629,0.0859,164380.73,1749248.27,,No,Credit Term,12
TRX2022827255,2022-09-01,Yogyakarta,DI Yogyakarta,Yogyakarta,Distributor,PT Nusantara Supply,OUT6777,Minimarket,SP647,Snacks,Savory Chips,SKU24509,14222,179,2545738,0.1573,400444.59,2145293.41,Retail Discount,No,Cash,2
TRX2022739755,2022-12-02,Bandung,West Java,Bandung,Distributor,PT Nusantara Supply,OUT9411,Traditional Store,SP456,Beverages,Choco Malt Drink,SKU78031,49043,49,2403107,0.0307,73775.38,2329331.62,None,No,Transfer,11
TRX2022776101,2022-03-06,Surabaya,East Java,Surabaya,Distributor,,OUT3748,Supermarket,SP121,Snacks,Savory Chips,SKU87240,30402,6,182412,0.2104,38379.48,144032.52,Bundle Promo,No,Credit Term,10
TRX2022948490,2022-08-16,Yogyakarta,DI Yogyakarta,Yogyakarta,General Trade,PT Maju Jaya Distribusi,OUT7294,Online Store,SP273,Candy,Caramel Drop Candy,SKU41540,48831,191,9326721,0.0506,471932.08,8854788.92,Retail Discount,No,Cash,7
TRX2022819098,2022-01-14,Medan,North Sumatra,Medan,E-commerce,PT Global Snack Dist,OUT2605,Minimarket,SP357,Candy,Fruit Jelly Candy,SKU38405,4607,67,308669,0.1806,55745.62,252923.38,Bundle Promo,No,Transfer,3
TRX2022349297,13/10/2022,Semarang,Central Java,Semarang,Distributor,PT Global Snack Dist,OUT5564,Minimarket,SP574,Snacks,Spicy Curl,SKU43996,41429,98,4060042,0.1431,580992.01,3479049.99,Bundle Promo,No,Cash,3
TRX2022733110,08/05/2022,Medan,North Sumatra,Medan,Distributor,PT Nusantara Supply,OUT9739,Supermarket,SP166,Nuts,Spicy Peanut Mix,SKU69771,43513,104,4525352,0.2135,966162.65,3559189.35,None,No,Cash,1
TRX2022274469,2022-04-07,Semarang,Central Java,Semarang,Modern Trade,,OUT2785,Online Store,SP257,Candy,Fruit Jelly Candy,SKU90866,45034,30,1351020,0.2464,332891.33,1018128.67,Seasonal Promo,No,Cash,10
TRX2022269405,2022-05-31,Bandung,West Java,Bandung,General Trade,PT Nusantara Supply,OUT1286,Online Store,SP157,Candy,Fruit Jelly Candy,SKU85470,38294,154,5897276,0.152,896385.95,5000890.05,None,No,Cash,11
TRX2022236270,10/04/2022,Semarang,Central Java,Semarang,Modern Trade,PT Sinar Distribusi,OUT4309,Supermarket,SP783,Snacks,Spicy Curl,SKU87832,38986,16,623776,0.2477,154509.32,469266.68,Bundle Promo,No,Transfer,12
TRX2022530461,23/09/2022,Surabaya,East Java,Surabaya,Distributor,PT Nusantara Supply,OUT6940,Supermarket,SP877,Beverages,Choco Malt Drink,SKU11783,16128,122,1967616,0.2377,467702.32,1499913.68,Seasonal Promo,No,Cash,5
TRX2022754444,10/02/2022,Bandung,West Java,Bandung,Modern Trade,PT Maju Jaya Distribusi,OUT8642,Traditional Store,SP981,Snacks,Crunchy Bite,SKU70786,16635,156,2595060,0.1914,496694.48,2098365.52,Bundle Promo,No,Transfer,3
TRX2022681481,18/03/2022,Yogyakarta,DI Yogyakarta,Yogyakarta,Modern Trade,PT Nusantara Supply,OUT8345,Traditional Store,SP557,Nuts,Spicy Peanut Mix,SKU99690,45229,53,2397137,0.0183,43867.61,2353269.39,Retail Discount,No,Credit Term,7
TRX2022995565,05/06/2022,Semarang,Central Java,Semarang,Distributor,PT Maju Jaya Distribusi,OUT2970,Traditional Store,SP419,Biscuits,Golden Cream Biscuit,SKU22257,29675,122,3620350,0.2481,898208.83,2722141.17,,No,Credit Term,13
TRX2022824674,07/01/2022,Palembang,South Sumatra,Palembang,E-commerce,PT Nusantara Supply,OUT7725,Online Store,SP399,Nuts,Honey Roasted Peanut,SKU50063,8343,16,133488,0.1714,22879.84,110608.16,None,No,Transfer,2
TRX2022575725,2022-03-04,Jakarta,DKI Jakarta,Jakarta,Distributor,PT Global Snack Dist,OUT8918,Traditional Store,SP705,Nuts,Spicy Peanut Mix,SKU19102,3904,160,624640,0.0874,54593.54,570046.46,Seasonal Promo,No,Credit Term,4
TRX2022258006,2022-05-12,Surabaya,East Java,Surabaya,General Trade,PT Nusantara Supply,OUT7747,Minimarket,SP861,Snacks,Spicy Curl,SKU91297,21413,173,3704449,0.0975,361183.78,3343265.22,None,No,Cash,6
TRX2022748266,2022-07-09,Semarang,Central Java,Semarang,Modern Trade,,OUT2963,Traditional Store,SP745,Biscuits, Butter Crunch Biscuit ,SKU24098,19432,200,3886400,0.1063,413124.32,3473275.68,,No,Credit Term,1
TRX2022982025,28/04/2022,Palembang,South Sumatra,Palembang,Modern Trade,PT Sinar Distribusi,OUT7425,Online Store,SP416,Snacks, Spicy Curl ,SKU77419,33389,191,6377299,0.0692,441309.09,5935989.91,,No,Cash,4
TRX2022113208,2022-07-22,Yogyakarta,DI Yogyakarta,Yogyakarta,E-commerce,,OUT3663,Minimarket,SP310,Nuts,Salted Cashew Mix,SKU10423,27718,127,3520186,0.2418,851180.97,2669005.03,Retail Discount,No,Transfer,6
TRX2022367737,10/07/2022,Medan,North Sumatra,Medan,Modern Trade,PT Sinar Distribusi,OUT6319,Online Store,SP568,Snacks, Crunchy Bite ,SKU48450,23259,42,976878,0.0263,25691.89,951186.11,None,No,Credit Term,7
TRX2022802377,19/07/2022,Semarang,Central Java,Semarang,E-commerce,PT Nusantara Supply,OUT3534,Traditional Store,SP661,Snacks, Savory Chips ,SKU99316,45198,38,1717524,0.217,372702.71,1344821.29,Bundle Promo,No,Transfer,11
TRX2022218964,2022-06-03,Bandung,West Java,Bandung,Distributor,PT Sinar Distribusi,OUT4255,Supermarket,SP561,Biscuits,Golden Cream Biscuit,SKU12768,17250,73,1259250,0.0871,109680.68,1149569.32,Seasonal Promo,No,Transfer,3
TRX2022164122,2022-03-27,Palembang,South Sumatra,Palembang,General Trade,PT Maju Jaya Distribusi,OUT6885,Traditional Store,SP817,Snacks,Savory Chips,SKU99504,4281,176,753456,0.1514,114073.24,639382.76,Bundle Promo,No,Credit Term,14
TRX2022632692,2022-08-11,Medan,North Sumatra,Medan,General Trade,,OUT5170,Online Store,SP570,Snacks,Savory Chips,SKU45291,16501,93,1534593,0.0449,68903.23,1465689.77,Bundle Promo,No,Transfer,9
TRX2022994144,27/10/2022,Medan,North Sumatra,Medan,E-commerce,,OUT3427,Supermarket,SP928,Biscuits,Butter Crunch Biscuit,SKU28697,42661,137,5844557,0.0092,53769.92,5790787.08,Retail Discount,No,Cash,8
TRX2022521118,06/04/2022,Palembang,South Sumatra,Palembang,Modern Trade,PT Sinar Distribusi,OUT8372,Supermarket,SP653,Nuts,Spicy Peanut Mix,SKU55646,8800,85,748000,0.1214,90807.2,657192.8,None,No,Cash,11
TRX2022565732,01/04/2022,Palembang,South Sumatra,Palembang,Modern Trade,PT Global Snack Dist,OUT2343,Minimarket,SP360,Snacks,Spicy Curl,SKU82606,47772,102,4872744,0.153,745529.83,4127214.17,Seasonal Promo,No,Transfer,1
TRX2022144332,2022-12-22,Medan,North Sumatra,Medan,Distributor,PT Nusantara Supply,OUT1220,Supermarket,SP568,Beverages,Choco Malt Drink,SKU95528,21875,42,918750,0.1916,176032.5,742717.5,None,No,Credit Term,4
TRX2022530927,17/02/2022,Surabaya,East Java,Surabaya,General Trade,PT Sinar Distribusi,OUT1207,Minimarket,SP121,Snacks,Savory Chips,SKU37487,31202,186,5803572,0.1306,757946.5,5045625.5,None,No,Transfer,5
TRX2022715007,30/01/2022,Palembang,South Sumatra,Palembang,Distributor,PT Maju Jaya Distribusi,OUT4080,Traditional Store,SP500,Candy,Fruit Jelly Candy,SKU67002,10658,1,10658,0.1165,1241.66,9416.34,Seasonal Promo,No,Credit Term,1
TRX2022746741,2022-07-02,Bandung,West Java,Bandung,Modern Trade,PT Maju Jaya Distribusi,OUT9447,Online Store,SP451,Candy,Fruit Jelly Candy,SKU16990,33450,197,6589650,0.0035,23063.78,6566586.22,Seasonal Promo,No,Cash,14
TRX2022872320,11/09/2022,Semarang,Central Java,Semarang,Distributor,PT Maju Jaya Distribusi,OUT6892,Online Store,SP938,Snacks,Spicy Curl,SKU39939,14391,190,2734290,0.1381,377605.45,2356684.55,,No,Credit Term,9
TRX2022622774,2022-03-06,Makassar,South Sulawesi,Makassar,General Trade,PT Sinar Distribusi,OUT7426,Online Store,SP103,Candy,Mint Pop Candy,SKU32579,35666,91,3245606,0.0415,134692.65,3110913.35,,No,Transfer,7
TRX2022377957,2022-03-28,Medan,North Sumatra,Medan,Distributor,,OUT3622,Supermarket,SP578,Candy,Mint Pop Candy,SKU37892,44627,47,2097469,0.1519,318605.54,1778863.46,Retail Discount,No,Credit Term,6
TRX2022532038,2022-04-14,Surabaya,East Java,Surabaya,Distributor,PT Global Snack Dist,OUT5332,Supermarket,SP929,Beverages,Nutri Grain Drink,SKU46179,12712,121,1538152,0.0199,30609.22,1507542.78,Bundle Promo,No,Credit Term,1
TRX2022775367,2022-12-09,Medan,North Sumatra,Medan,E-commerce,PT Nusantara Supply,OUT5966,Traditional Store,SP628,Nuts,Spicy Peanut Mix,SKU54340,19387,34,659158,0.1895,124910.44,534247.56,None,No,Cash,13
TRX2022999314,2022-11-26,Makassar,South Sulawesi,Makassar,Modern Trade,,OUT6217,Supermarket,SP879,Beverages,Nutri Grain Drink,SKU28793,13607,25,340175,0.2161,73511.82,266663.18,None,Yes,Transfer,5
TRX2022743831,08/04/2022,Yogyakarta,DI Yogyakarta,Yogyakarta,Distributor,,OUT1613,Traditional Store,SP391,Beverages,Nutri Grain Drink,SKU83841,45143,33,1489719,0.0944,140629.47,1349089.53,None,No,Credit Term,12
TRX2022842504,2022-01-02,Surabaya,East Java,Surabaya,Modern Trade,,OUT2616,Supermarket,SP325,Snacks,Spicy Curl,SKU56015,26819,104,2789176,0.0929,259114.45,2530061.55,Retail Discount,No,Transfer,3
TRX2022634157,21/10/2022,Jakarta,DKI Jakarta,Jakarta,Distributor,,OUT8913,Traditional Store,SP806,Snacks,Savory Chips,SKU54266,18099,28,506772,0.0973,49308.92,457463.08,Retail Discount,No,Credit Term,3
TRX2022312688,17/12/2022,Medan,North Sumatra,Medan,Distributor,PT Maju Jaya Distribusi,OUT4905,Minimarket,SP186,Beverages,Nutri Grain Drink,SKU22746,31097,47,1461559,0.1435,209733.72,1251825.28,,No,Transfer,2
TRX2022173695,2022-04-09,Jakarta,DKI Jakarta,Jakarta,Distributor,PT Global Snack Dist,OUT4444,Traditional Store,SP308,Snacks,Spicy Curl,SKU92593,48821,199,9715379,0.1559,1514627.59,8200751.41,Bundle Promo,No,Transfer,13
TRX2022461686,2022-02-28,Makassar,South Sulawesi,Makassar,Modern Trade,PT Nusantara Supply,OUT6879,Supermarket,SP638,Nuts,Honey Roasted Peanut,SKU52882,14309,103,1473827,0.0577,85039.82,1388787.18,Retail Discount,No,Cash,5
TRX2022745854,2022-12-15,Surabaya,East Java,Surabaya,E-commerce,PT Sinar Distribusi,OUT9206,Traditional Store,SP561,Snacks,Spicy Curl,SKU75952,26910,200,5382000,0.2236,1203415.2,4178584.8,Retail Discount,Yes,Cash,12
TRX2022638000,2022-04-01,Jakarta,DKI Jakarta,Jakarta,Distributor,PT Maju Jaya Distribusi,OUT4868,Supermarket,SP861,Snacks, Savory Chips ,SKU75826,28333,19,538327,0.1112,59861.96,478465.04,Seasonal Promo,No,Cash,8
TRX2022914373,16/03/2022,Yogyakarta,DI Yogyakarta,Yogyakarta,Distributor,PT Maju Jaya Distribusi,OUT6019,Online Store,SP840,Nuts, Spicy Peanut Mix ,SKU49233,36193,80,2895440,0.1741,504096.1,2391343.9,Bundle Promo,No,Credit Term,11
TRX2022287676,2022-06-24,Medan,North Sumatra,Medan,Distributor,PT Maju Jaya Distribusi,OUT2101,Minimarket,SP632,Beverages,Choco Malt Drink,SKU87970,46379,160,7420640,0.1227,910512.53,6510127.47,Retail Discount,No,Credit Term,11
TRX2022719136,30/09/2022,Surabaya,East Java,Surabaya,Distributor,PT Sinar Distribusi,OUT6902,Traditional Store,SP355,Candy,Caramel Drop Candy,SKU38669,37152,4,148608,0.2288,34001.51,114606.49,Seasonal Promo,No,Transfer,6
TRX2022559543,2022-09-13,Bandung,West Java,Bandung,E-commerce,PT Maju Jaya Distribusi,OUT4217,Minimarket,SP835,Biscuits,Golden Cream Biscuit,SKU83032,29059,125,3632375,0.0717,260441.29,3371933.71,,No,Cash,12
TRX2022181245,05/07/2022,Jakarta,DKI Jakarta,Jakarta,E-commerce,PT Global Snack Dist,OUT1368,Online Store,SP194,Beverages,Nutri Grain Drink,SKU38019,13100,200,2620000,0.0989,259118.0,2360882.0,,No,Credit Term,7
TRX2022501752,2022-05-01,Palembang,South Sumatra,Palembang,E-commerce,PT Sinar Distribusi,OUT6125,Online Store,SP622,Nuts,Spicy Peanut Mix,SKU23794,49464,100,4946400,0.1065,526791.6,4419608.4,Seasonal Promo,No,Credit Term,5
TRX2022849037,2022-05-11,Bandung,West Java,Bandung,General Trade,PT Sinar Distribusi,OUT8669,Online Store,SP872,Candy,Mint Pop Candy,SKU83687,27688,187,5177656,0.1583,819622.94,4358033.06,Seasonal Promo,No,Credit Term,6
TRX2022300848,23/11/2022,Surabaya,East Java,Surabaya,Distributor,PT Nusantara Supply,OUT9862,Online Store,SP888,Biscuits,Butter Crunch Biscuit,SKU66730,30792,160,4926720,0.0156,76856.83,4849863.17,,No,Transfer,1
TRX2022773712,22/09/2022,Palembang,South Sumatra,Palembang,General Trade,PT Global Snack Dist,OUT2750,Minimarket,SP205,Snacks, Savory Chips ,SKU77954,19707,61,1202127,0.1136,136561.63,1065565.37,Retail Discount,No,Cash,3
TRX2022284291,2022-03-03,Palembang,South Sumatra,Palembang,E-commerce,PT Nusantara Supply,OUT6000,Traditional Store,SP556,Beverages,Choco Malt Drink,SKU99038,22383,23,514809,0.0206,10605.07,504203.93,,No,Transfer,14
TRX2022898581,2022-07-11,Medan,North Sumatra,Medan,E-commerce,PT Sinar Distribusi,OUT4652,Minimarket,SP110,Candy,Caramel Drop Candy,SKU37833,8008,146,1169168,0.1733,202616.81,966551.19,,No,Credit Term,11
TRX2022118011,19/01/2022,Medan,North Sumatra,Medan,Modern Trade,PT Nusantara Supply,OUT3321,Supermarket,SP548,Biscuits,Choco Delight Biscuit,SKU69561,24171,16,386736,0.204,78894.14,307841.86,Seasonal Promo,No,Credit Term,9
TRX2022521118,16/06/2022,Medan,North Sumatra,Medan,Distributor,PT Sinar Distribusi,OUT6471,Traditional Store,SP746,Beverages,Choco Malt Drink,SKU60403,11812,121,1429252,0.1298,185516.91,1243735.09,Seasonal Promo,Yes,Cash,11
TRX2022152284,2022-11-17,Makassar,South Sulawesi,Makassar,E-commerce,PT Maju Jaya Distribusi,OUT1770,Supermarket,SP455,Beverages,Nutri Grain Drink,SKU75857,41001,171,7011171,0.2207,1547365.44,5463805.56,Seasonal Promo,No,Transfer,11
TRX2022477741,2022-12-26,Semarang,Central Java,Semarang,Distributor,PT Maju Jaya Distribusi,OUT6775,Online Store,SP704,Nuts,Salted Cashew Mix,SKU43578,36120,103,3720360,0.1006,374268.22,3346091.78,,No,Cash,7
TRX2022131559,28/03/2022,Yogyakarta,DI Yogyakarta,Yogyakarta,Modern Trade,PT Global Snack Dist,OUT9149,Traditional Store,SP800,Snacks,Crunchy Bite,SKU33475,21885,21,459585,0.0734,33733.54,425851.46,None,No,Transfer,1
TRX2022182852,23/10/2022,Bandung,West Java,Bandung,E-commerce,PT Maju Jaya Distribusi,OUT6340,Online Store,SP944,Nuts,Spicy Peanut Mix,SKU43241,10273,135,1386855,0.2301,319115.34,1067739.66,Retail Discount,No,Cash,3
TRX2022942215,2022-02-12,Bandung,West Java,Bandung,E-commerce,,OUT4495,Online Store,SP347,Beverages,Energy Cocoa Drink,SKU41017,30738,87,2674206,0.0674,180241.48,2493964.52,Bundle Promo,No,Transfer,6
TRX2022199354,01/12/2022,Yogyakarta,DI Yogyakarta,Yogyakarta,Modern Trade,PT Maju Jaya Distribusi,OUT8815,Minimarket,SP413,Snacks,Spicy Curl,SKU92803,3911,133,520163,0.2362,122862.5,397300.5,Bundle Promo,No,Transfer,9
TRX2022194616,09/07/2022,Bandung,West Java,Bandung,General Trade,PT Maju Jaya Distribusi,OUT5919,Supermarket,SP506,Nuts,Honey Roasted Peanut,SKU14847,31424,11,345664,0.2041,70550.02,275113.98,Seasonal Promo,No,Cash,11
TRX2022484281,03/10/2022,Bandung,West Java,Bandung,E-commerce,PT Maju Jaya Distribusi,OUT7258,Supermarket,SP980,Biscuits,Golden Cream Biscuit,SKU93160,2062,108,222696,0.078,17370.29,205325.71,Seasonal Promo,No,Credit Term,7
TRX2022193979,18/09/2022,Bandung,West Java,Bandung,E-commerce,PT Nusantara Supply,OUT8716,Traditional Store,SP593,Snacks,Savory Chips,SKU60389,44399,144,6393456,0.2033,1299789.6,5093666.4,Bundle Promo,No,Cash,14
TRX2022128375,2022-03-03,Semarang,Central Java,Semarang,E-commerce,PT Sinar Distribusi,OUT3456,Traditional Store,SP963,Nuts,Honey Roasted Peanut,SKU11098,18877,166,3133582,0.1832,574072.22,2559509.78,None,No,Cash,1
TRX2022421907,2022-05-01,Jakarta,DKI Jakarta,Jakarta,E-commerce,PT Nusantara Supply,OUT5102,Supermarket,SP406,Biscuits,Choco Delight Biscuit,SKU79142,12311,66,812526,0.0264,21450.69,791075.31,Bundle Promo,No,Transfer,6
TRX2022408949,2022-11-27,Semarang,Central Java,Semarang,Distributor,PT Global Snack Dist,OUT6246,Supermarket,SP333,Biscuits,Golden Cream Biscuit,SKU57328,31377,145,4549665,0.0816,371252.66,4178412.34,,No,Cash,3
TRX2022254891,2022-05-27,Bandung,West Java,Bandung,E-commerce,PT Sinar Distribusi,OUT5844,Minimarket,SP963,Biscuits,Golden Cream Biscuit,SKU78196,8335,157,1308595,0.1948,254914.31,1053680.69,Retail Discount,No,Cash,12
TRX2022940281,2022-06-27,Bandung,West Java,Bandung,E-commerce,,OUT3870,Minimarket,SP320,Beverages,Choco Malt Drink,SKU75150,36955,31,1145605,0.2373,271852.07,873752.93,None,No,Transfer,5
TRX2022542513,2022-07-02,Surabaya,East Java,Surabaya,E-commerce,PT Global Snack Dist,OUT9266,Traditional Store,SP529,Biscuits,Choco Delight Biscuit,SKU16159,13289,23,305647,0.0388,11859.1,293787.9,Bundle Promo,No,Cash,14
TRX2022387857,2022-01-15,Semarang,Central Java,Semarang,General Trade,PT Global Snack Dist,OUT2478,Minimarket,SP703,Nuts,Spicy Peanut Mix,SKU11195,19289,109,2102501,0.1359,285729.89,1816771.11,,No,Credit Term,8
TRX2022425230,12/08/2022,Surabaya,East Java,Surabaya,Distributor,PT Global Snack Dist,OUT8404,Minimarket,SP453,Snacks,Savory Chips,SKU15425,16022,11,176242,0.1349,23775.05,152466.95,Seasonal Promo,No,Transfer,10
TRX2022836308,03/04/2022,Bandung,West Java,Bandung,Distributor,PT Nusantara Supply,OUT8414,Online Store,SP570,Snacks,Crunchy Bite,SKU55130,14413,12,172956,0.0672,11622.64,161333.36,Seasonal Promo,No,Credit Term,10
TRX2022688958,2022-08-20,Palembang,South Sumatra,Palembang,E-commerce,PT Nusantara Supply,OUT1800,Supermarket,SP539,Biscuits,Golden Cream Biscuit,SKU55226,41633,138,5745354,0.1416,813542.13,4931811.87,Seasonal Promo,No,Credit Term,13
TRX2022274551,02/06/2022,Medan,North Sumatra,Medan,Distributor,PT Nusantara Supply,OUT4035,Minimarket,SP293,Biscuits,Choco Delight Biscuit,SKU39442,49127,109,5354843,0.0228,122090.42,5232752.58,Retail Discount,No,Credit Term,4
TRX2022902098,01/10/2022,Palembang,South Sumatra,Palembang,Distributor,PT Sinar Distribusi,OUT2507,Supermarket,SP240,Snacks, Savory Chips ,SKU41812,29428,155,4561340,0.0473,215751.38,4345588.62,,No,Cash,11
TRX2022850897,2022-11-02,Surabaya,East Java,Surabaya,General Trade,PT Sinar Distribusi,OUT1940,Online Store,SP723,Biscuits, Golden Cream Biscuit ,SKU71172,21003,88,1848264,0.0984,181869.18,1666394.82,Bundle Promo,No,Transfer,7
TRX2022292070,21/06/2022,Semarang,Central Java,Semarang,E-commerce,PT Maju Jaya Distribusi,OUT3040,Traditional Store,SP720,Beverages, Nutri Grain Drink ,SKU52596,8880,151,1340880,0.1346,180482.45,1160397.55,Bundle Promo,No,Credit Term,7
TRX2022723309,12/01/2022,Makassar,South Sulawesi,Makassar,General Trade,PT Maju Jaya Distribusi,OUT1934,Supermarket,SP446,Nuts,Salted Cashew Mix,SKU47801,10648,143,1522664,0.1797,273622.72,1249041.28,Retail Discount,No,Cash,8
TRX2022708231,31/07/2022,Jakarta,DKI Jakarta,Jakarta,General Trade,PT Maju Jaya Distribusi,OUT8805,Supermarket,SP340,Nuts,Spicy Peanut Mix,SKU63136,2531,187,473297,0.088,41650.14,431646.86,,No,Transfer,1
TRX2022477886,30/09/2022,Semarang,Central Java,Semarang,Distributor,PT Global Snack Dist,OUT9060,Supermarket,SP127,Biscuits,Golden Cream Biscuit,SKU76932,38742,131,5075202,0.0774,392820.63,4682381.37,,No,Transfer,14
TRX2022153962,30/11/2022,Palembang,South Sumatra,Palembang,E-commerce,PT Maju Jaya Distribusi,OUT7433,Minimarket,SP747,Beverages,Energy Cocoa Drink,SKU54261,8666,108,935928,0.2434,227804.88,708123.12,None,No,Cash,13
TRX2022147640,25/11/2022,Semarang,Central Java,Semarang,Modern Trade,PT Maju Jaya Distribusi,OUT5172,Minimarket,SP329,Beverages,Energy Cocoa Drink,SKU88835,18850,119,2243150,0.1938,434722.47,1808427.53,Seasonal Promo,No,Transfer,7
TRX2022515350,02/12/2022,Bandung,West Java,Bandung,Distributor,PT Maju Jaya Distribusi,OUT3438,Online Store,SP843,Snacks,Crunchy Bite,SKU92565,22611,153,3459483,0.0454,157060.53,3302422.47,Bundle Promo,No,Credit Term,8
TRX2022173520,2022-06-02,Jakarta,DKI Jakarta,Jakarta,General Trade,,OUT2499,Online Store,SP239,Biscuits,Golden Cream Biscuit,SKU87221,46076,50,2303800,0.0262,60359.56,2243440.44,None,No,Cash,6
TRX2022741655,2022-05-21,Surabaya,East Java,Surabaya,Distributor,PT Maju Jaya Distribusi,OUT2720,Minimarket,SP363,Biscuits,Butter Crunch Biscuit,SKU70546,11468,60,688080,0.0962,66193.3,621886.7,Retail Discount,No,Cash,9
TRX2022338348,2022-06-03,Makassar,South Sulawesi,Makassar,General Trade,PT Maju Jaya Distribusi,OUT3034,Minimarket,SP911,Beverages, Energy Cocoa Drink ,SKU96128,47186,99,4671414,0.2178,1017433.97,3653980.03,Bundle Promo,No,Cash,4
TRX2022434660,2022-10-23,Bandung,West Java,Bandung,General Trade,,OUT1094,Traditional Store,SP894,Snacks,Crunchy Bite,SKU78969,29706,49,1455594,0.0863,125617.76,1329976.24,Retail Discount,No,Cash,6
TRX2022260831,30/03/2022,Bandung,West Java,Bandung,Distributor,PT Maju Jaya Distribusi,OUT5921,Online Store,SP693,Snacks, Spicy Curl ,SKU69388,21489,60,1289340,0.2221,286362.41,1002977.59,None,No,Transfer,13
TRX2022740552,23/07/2022,Surabaya,East Java,Surabaya,Distributor,PT Nusantara Supply,OUT4894,Online Store,SP496,Nuts,Salted Cashew Mix,SKU82326,13073,162,2117826,0.15,317673.9,1800152.1,Retail Discount,No,Cash,14
TRX2022316653,2022-09-08,Makassar,South Sulawesi,Makassar,Modern Trade,PT Sinar Distribusi,OUT6516,Online Store,SP729,Beverages,Energy Cocoa Drink,SKU82262,22493,116,2609188,0.2102,548451.32,2060736.68,None,No,Credit Term,13
TRX2022988203,2022-03-29,Makassar,South Sulawesi,Makassar,E-commerce,PT Global Snack Dist,OUT5533,Online Store,SP733,Beverages,Energy Cocoa Drink,SKU20578,47521,30,1425630,0.1254,178774.0,1246856.0,Bundle Promo,No,Transfer,3
TRX2022397571,2022-06-07,Surabaya,East Java,Surabaya,Modern Trade,PT Nusantara Supply,OUT4398,Traditional Store,SP671,Nuts,Spicy Peanut Mix,SKU90874,21239,80,1699120,0.2451,416454.31,1282665.69,Retail Discount,No,Credit Term,5
TRX2022351145,21/03/2022,Bandung,West Java,Bandung,General Trade,PT Maju Jaya Distribusi,OUT4551,Supermarket,SP884,Beverages,Choco Malt Drink,SKU95758,36728,148,5435744,0.229,1244785.38,4190958.62,,No,Cash,5
TRX2022704921,2022-06-06,Makassar,South Sulawesi,Makassar,Distributor,PT Sinar Distribusi,OUT7091,Supermarket,SP512,Snacks,Spicy Curl,SKU76082,48066,130,6248580,0.2483,1551522.41,4697057.59,Seasonal Promo,No,Cash,13
TRX2022997375,07/12/2022,Makassar,South Sulawesi,Makassar,Distributor,,OUT1671,Traditional Store,SP334,Beverages,Choco Malt Drink,SKU65635,26327,110,2895970,0.1382,400223.05,2495746.95,None,No,Cash,12
TRX2022121578,2022-08-02,Makassar,South Sulawesi,Makassar,General Trade,PT Sinar Distribusi,OUT5216,Supermarket,SP734,Snacks,Crunchy Bite,SKU79129,36435,102,3716370,0.1368,508399.42,3207970.58,,No,Transfer,5
TRX2022950219,28/03/2022,Surabaya,East Java,Surabaya,General Trade,PT Global Snack Dist,OUT9924,Traditional Store,SP873,Nuts,Salted Cashew Mix,SKU17201,30179,77,2323783,0.0988,229589.76,2094193.24,Seasonal Promo,No,Cash,12
TRX2022744936,04/11/2022,Palembang,South Sumatra,Palembang,Distributor,PT Global Snack Dist,OUT9672,Online Store,SP224,Beverages,Choco Malt Drink,SKU41010,35512,1,35512,0.1378,4893.55,30618.45,Retail Discount,No,Transfer,8
TRX2022275041,2022-12-04,Surabaya,East Java,Surabaya,Distributor,,OUT9828,Supermarket,SP515,Candy,Fruit Jelly Candy,SKU99921,28020,123,3446460,0.0964,332238.74,3114221.26,Bundle Promo,No,Cash,6
TRX2022767177,30/05/2022,Yogyakarta,DI Yogyakarta,Yogyakarta,Distributor,PT Sinar Distribusi,OUT1701,Supermarket,SP529,Snacks,Savory Chips,SKU83644,42031,130,5464030,0.2497,1364368.29,4099661.71,Bundle Promo,No,Credit Term,10
TRX2022986886,2022-03-15,Bandung,West Java,Bandung,Distributor,PT Sinar Distribusi,OUT8983,Online Store,SP204,Candy,Caramel Drop Candy,SKU94998,13655,108,1474740,0.21,309695.4,1165044.6,Bundle Promo,No,Credit Term,3
TRX2022155272,27/07/2022,Semarang,Central Java,Semarang,Modern Trade,PT Nusantara Supply,OUT5091,Online Store,SP134,Nuts,Spicy Peanut Mix,SKU89661,24934,69,1720446,0.1323,227615.01,1492830.99,Seasonal Promo,No,Transfer,8
TRX2022761865,2022-04-23,Semarang,Central Java,Semarang,General Trade,,OUT6639,Traditional Store,SP498,Biscuits, Butter Crunch Biscuit ,SKU88101,16421,147,2413887,0.0896,216284.28,2197602.72,,No,Cash,1
TRX2022532311,26/10/2022,Medan,North Sumatra,Medan,General Trade,PT Global Snack Dist,OUT2005,Traditional Store,SP322,Snacks,Spicy Curl,SKU71777,4727,8,37816,0.0472,1784.92,36031.08,Bundle Promo,No,Cash,12
TRX2022954959,19/05/2022,Makassar,South Sulawesi,Makassar,General Trade,PT Nusantara Supply,OUT1913,Traditional Store,SP407,Snacks,Crunchy Bite,SKU51055,11886,172,2044392,0.2475,505987.02,1538404.98,Seasonal Promo,No,Transfer,9
TRX2022629679,2022-01-05,Bandung,West Java,Bandung,Modern Trade,PT Nusantara Supply,OUT4857,Supermarket,SP593,Biscuits, Butter Crunch Biscuit ,SKU46225,47221,80,3777680,0.2308,871888.54,2905791.46,Seasonal Promo,No,Transfer,2
TRX2022379538,06/06/2022,Jakarta,DKI Jakarta,Jakarta,Distributor,PT Nusantara Supply,OUT5462,Supermarket,SP188,Candy,Caramel Drop Candy,SKU38601,25881,158,4089198,0.114,466168.57,3623029.43,None,No,Credit Term,7
TRX2022675730,03/06/2022,Jakarta,DKI Jakarta,Jakarta,E-commerce,PT Nusantara Supply,OUT7366,Traditional Store,SP871,Candy,Mint Pop Candy,SKU14793,34177,120,4101240,0.2108,864541.39,3236698.61,Retail Discount,No,Cash,12
TRX2022665191,25/07/2022,Semarang,Central Java,Semarang,E-commerce,,OUT7777,Supermarket,SP641,Snacks,Savory Chips,SKU91270,36711,183,6718113,0.0792,532074.55,6186038.45,Seasonal Promo,No,Credit Term,3
TRX2022502611,02/04/2022,Bandung,West Java,Bandung,General Trade,,OUT7747,Traditional Store,SP133,Biscuits,Butter Crunch Biscuit,SKU98204,29606,188,5565928,0.1565,871067.73,4694860.27,Bundle Promo,No,Cash,2
TRX2022635291,27/08/2022,Yogyakarta,DI Yogyakarta,Yogyakarta,E-commerce,PT Nusantara Supply,OUT8379,Minimarket,SP633,Snacks,Crunchy Bite,SKU35248,34670,62,2149540,0.0301,64701.15,2084838.85,None,Yes,Credit Term,7
TRX2022155444,26/08/2022,Surabaya,East Java,Surabaya,Distributor,PT Sinar Distribusi,OUT3740,Online Store,SP990,Beverages,Choco Malt Drink,SKU39919,32139,125,4017375,0.1661,667285.99,3350089.01,Retail Discount,No,Cash,8
TRX2022476795,2022-12-29,Yogyakarta,DI Yogyakarta,Yogyakarta,Modern Trade,,OUT8017,Traditional Store,SP639,Biscuits,Butter Crunch Biscuit,SKU65656,33098,108,3574584,0.193,689894.71,2884689.29,,Yes,Transfer,7
TRX2022579102,08/12/2022,Jakarta,DKI Jakarta,Jakarta,Modern Trade,,OUT9859,Online Store,SP632,Snacks, Savory Chips ,SKU11348,23192,16,371072,0.0247,9165.48,361906.52,Bundle Promo,No,Transfer,14
TRX2022520488,16/04/2022,Bandung,West Java,Bandung,General Trade,,OUT1078,Minimarket,SP681,Nuts,Salted Cashew Mix,SKU11518,6737,69,464853,0.1778,82650.86,382202.14,,No,Credit Term,8
TRX2022169596,20/05/2022,Semarang,Central Java,Semarang,General Trade,PT Maju Jaya Distribusi,OUT9877,Traditional Store,SP299,Snacks,Crunchy Bite,SKU95844,29714,12,356568,0.2171,77410.91,279157.09,Bundle Promo,No,Transfer,3
TRX2022267131,18/01/2022,Jakarta,DKI Jakarta,Jakarta,General Trade,PT Sinar Distribusi,OUT6284,Traditional Store,SP955,Candy,Caramel Drop Candy,SKU46094,29881,173,5169413,0.1464,756802.06,4412610.94,,No,Transfer,6
TRX2022743995,31/08/2022,Medan,North Sumatra,Medan,General Trade,,OUT2912,Traditional Store,SP404,Snacks,Spicy Curl,SKU95678,33976,100,3397600,0.0917,311559.92,3086040.08,Bundle Promo,No,Cash,12
TRX2022605650,2022-02-23,Makassar,South Sulawesi,Makassar,Modern Trade,,OUT5323,Supermarket,SP200,Snacks,Savory Chips,SKU45162,5058,10,50580,0.0803,4061.57,46518.43,,No,Transfer,5
TRX2022509753,2022-12-16,Surabaya,East Java,Surabaya,Distributor,,OUT1972,Traditional Store,SP178,Nuts,Salted Cashew Mix,SKU44103,44940,59,2651460,0.2263,600025.4,2051434.6,,No,Credit Term,7
TRX2022126271,2022-05-30,Surabaya,East Java,Surabaya,E-commerce,PT Nusantara Supply,OUT7357,Minimarket,SP512,Beverages,Energy Cocoa Drink,SKU60372,20186,119,2402134,0.2375,570506.82,1831627.18,,No,Transfer,7
TRX2022636780,2022-02-20,Makassar,South Sulawesi,Makassar,Distributor,,OUT8987,Supermarket,SP660,Candy,Fruit Jelly Candy,SKU47531,6599,40,263960,0.0118,3114.73,260845.27,,No,Cash,13
TRX2022469243,12/09/2022,Palembang,South Sumatra,Palembang,E-commerce,PT Global Snack Dist,OUT4602,Online Store,SP336,Snacks,Crunchy Bite,SKU33063,19186,143,2743598,0.2191,601122.32,2142475.68,,Yes,Credit Term,8
TRX2022828229,2022-12-24,Makassar,South Sulawesi,Makassar,Modern Trade,,OUT7188,Supermarket,SP734,Beverages, Energy Cocoa Drink ,SKU16514,47068,3,141204,0.2014,28438.49,112765.51,Retail Discount,No,Cash,13
TRX2022772110,2022-01-02,Surabaya,East Java,Surabaya,Modern Trade,PT Nusantara Supply,OUT7371,Online Store,SP750,Beverages, Energy Cocoa Drink ,SKU10116,38870,186,7229820,0.0326,235692.13,6994127.87,Retail Discount,No,Cash,3
TRX2022146266,2022-10-28,Makassar,South Sulawesi,Makassar,E-commerce,PT Nusantara Supply,OUT7636,Supermarket,SP626,Candy,Caramel Drop Candy,SKU65157,17655,44,776820,0.225,174784.5,602035.5,,No,Transfer,3
TRX2022917797,2022-11-08,Palembang,South Sumatra,Palembang,E-commerce,,OUT1210,Traditional Store,SP991,Snacks,Spicy Curl,SKU70260,35357,59,2086063,0.1802,375908.55,1710154.45,Retail Discount,No,Cash,11
TRX2022163544,2022-07-24,Makassar,South Sulawesi,Makassar,Modern Trade,PT Global Snack Dist,OUT5284,Online Store,SP462,Nuts,Spicy Peanut Mix,SKU30437,13979,164,2292556,0.0761,174463.51,2118092.49,Bundle Promo,No,Credit Term,4
TRX2022626734,2022-03-09,Medan,North Sumatra,Medan,Modern Trade,,OUT4853,Supermarket,SP744,Biscuits,Choco Delight Biscuit,SKU90853,16395,131,2147745,0.2125,456395.81,1691349.19,Bundle Promo,No,Transfer,9
TRX2022295955,2022-04-16,Yogyakarta,DI Yogyakarta,Yogyakarta,Distributor,PT Sinar Distribusi,OUT1666,Minimarket,SP790,Beverages,Energy Cocoa Drink,SKU53418,12466,1,12466,0.0156,194.47,12271.53,None,No,Credit Term,14
TRX2022167040,2022-10-27,Makassar,South Sulawesi,Makassar,E-commerce,PT Nusantara Supply,OUT6854,Minimarket,SP119,Nuts,Honey Roasted Peanut,SKU54292,5796,56,324576,0.0433,14054.14,310521.86,None,No,Cash,6
TRX2022181173,30/07/2022,Yogyakarta,DI Yogyakarta,Yogyakarta,General Trade,,OUT7132,Online Store,SP291,Beverages,Choco Malt Drink,SKU20197,21101,183,3861483,0.0587,226669.05,3634813.95,Seasonal Promo,No,Cash,6
TRX2022217360,10/07/2022,Surabaya,East Java,Surabaya,General Trade,PT Global Snack Dist,OUT4567,Traditional Store,SP861,Snacks,Savory Chips,SKU92433,23320,186,4337520,0.0644,279336.29,4058183.71,Retail Discount,No,Transfer,11
TRX2022418401,05/12/2022,Bandung,West Java,Bandung,E-commerce,PT Global Snack Dist,OUT9758,Supermarket,SP221,Biscuits,Golden Cream Biscuit,SKU11958,49424,74,3657376,0.1819,665276.69,2992099.31,,No,Credit Term,9
TRX2022332194,26/04/2022,Medan,North Sumatra,Medan,Modern Trade,PT Nusantara Supply,OUT1282,Online Store,SP603,Beverages,Choco Malt Drink,SKU90978,7864,11,86504,0.1251,10821.65,75682.35,Bundle Promo,No,Credit Term,10
TRX2022959495,2022-04-09,Surabaya,East Java,Surabaya,General Trade,,OUT8656,Traditional Store,SP422,Candy,Fruit Jelly Candy,SKU15219,43711,62,2710082,0.061,165315.0,2544767.0,Retail Discount,No,Cash,12
TRX2022539424,13/02/2022,Palembang,South Sumatra,Palembang,Modern Trade,PT Maju Jaya Distribusi,OUT6385,Supermarket,SP838,Beverages,Nutri Grain Drink,SKU56166,48487,137,6642719,0.0542,360035.37,6282683.63,,No,Cash,10
TRX2022120755,2022-04-19,Jakarta,DKI Jakarta,Jakarta,Distributor,,OUT7581,Minimarket,SP825,Candy, Fruit Jelly Candy ,SKU47201,16471,76,1251796,0.0302,37804.24,1213991.76,Seasonal Promo,No,Credit Term,4
TRX2022932788,15/04/2022,Makassar,South Sulawesi,Makassar,Distributor,PT Maju Jaya Distribusi,OUT2574,Traditional Store,SP493,Beverages,Energy Cocoa Drink,SKU47822,43325,167,7235275,0.2015,1457907.91,5777367.09,None,No,Transfer,5
TRX2022952732,2022-09-30,Makassar,South Sulawesi,Makassar,E-commerce,PT Sinar Distribusi,OUT7490,Online Store,SP408,Beverages,Choco Malt Drink,SKU54998,7301,77,562177,0.1082,60827.55,501349.45,,No,Cash,11
TRX2022861394,2022-03-31,Yogyakarta,DI Yogyakarta,Yogyakarta,Modern Trade,PT Maju Jaya Distribusi,OUT6492,Supermarket,SP418,Snacks,Spicy Curl,SKU72550,42304,8,338432,0.0707,23927.14,314504.86,,No,Credit Term,12
TRX2022763152,13/07/2022,Bandung,West Java,Bandung,Modern Trade,PT Maju Jaya Distribusi,OUT2658,Supermarket,SP573,Candy,Mint Pop Candy,SKU24961,18432,190,3502080,0.0809,283318.27,3218761.73,,No,Credit Term,12
TRX2022697927,12/01/2022,Surabaya,East Java,Surabaya,E-commerce,PT Maju Jaya Distribusi,OUT7987,Online Store,SP641,Nuts,Spicy Peanut Mix,SKU24926,36295,110,3992450,0.1546,617232.77,3375217.23,Retail Discount,No,Credit Term,9
TRX2022322100,2022-09-21,Semarang,Central Java,Semarang,General Trade,PT Maju Jaya Distribusi,OUT7378,Supermarket,SP713,Candy,Caramel Drop Candy,SKU37684,19842,32,634944,0.229,145402.18,489541.82,Seasonal Promo,No,Cash,7
TRX2022843074,2022-10-14,Semarang,Central Java,Semarang,E-commerce,PT Global Snack Dist,OUT1960,Traditional Store,SP916,Candy,Mint Pop Candy,SKU84303,11525,65,749125,0.1911,143157.79,605967.21,Bundle Promo,No,Cash,11
TRX2022121042,05/04/2022,Medan,North Sumatra,Medan,General Trade,,OUT5422,Traditional Store,SP639,Beverages,Nutri Grain Drink,SKU31050,8645,50,432250,0.0636,27491.1,404758.9,Seasonal Promo,No,Credit Term,10
TRX2022853011,2022-09-11,Surabaya,East Java,Surabaya,E-commerce,PT Maju Jaya Distribusi,OUT3162,Traditional Store,SP105,Snacks,Spicy Curl,SKU21466,11938,35,417830,0.0444,18551.65,399278.35,Seasonal Promo,No,Credit Term,12
TRX2022836340,2022-07-06,Semarang,Central Java,Semarang,General Trade,PT Sinar Distribusi,OUT7283,Online Store,SP441,Biscuits,Butter Crunch Biscuit,SKU32432,11160,62,691920,0.224,154990.08,536929.92,,No,Transfer,6
TRX2022196067,2022-04-17,Makassar,South Sulawesi,Makassar,E-commerce,PT Global Snack Dist,OUT5236,Minimarket,SP502,Snacks, Spicy Curl ,SKU89220,29749,74,2201426,0.0136,29939.39,2171486.61,Seasonal Promo,No,Credit Term,7
TRX2022154738,28/05/2022,Surabaya,East Java,Surabaya,Modern Trade,,OUT7025,Minimarket,SP322,Biscuits,Butter Crunch Biscuit,SKU69445,45624,188,8577312,0.0462,396271.81,8181040.19,None,No,Cash,4
TRX2022827614,2022-09-23,Semarang,Central Java,Semarang,General Trade,PT Sinar Distribusi,OUT8729,Supermarket,SP757,Beverages,Energy Cocoa Drink,SKU23045,2648,26,68848,0.1605,11050.1,57797.9,Bundle Promo,No,Transfer,4
TRX2022930420,18/05/2022,Makassar,South Sulawesi,Makassar,E-commerce,PT Global Snack Dist,OUT9230,Supermarket,SP938,Beverages,Energy Cocoa Drink,SKU52658,19994,17,339898,0.1043,35451.36,304446.64,None,No,Transfer,3
TRX2022534056,24/02/2022,Semarang,Central Java,Semarang,E-commerce,,OUT1235,Online Store,SP510,Candy,Caramel Drop Candy,SKU94126,37450,42,1572900,0.1989,312849.81,1260050.19,Seasonal Promo,No,Credit Term,7
TRX2022835342,2022-03-14,Semarang,Central Java,Semarang,General Trade,PT Maju Jaya Distribusi,OUT2501,Online Store,SP632,Snacks, Savory Chips ,SKU27734,38530,115,4430950,0.0318,140904.21,4290045.79,Seasonal Promo,No,Transfer,7
TRX2022857424,27/02/2022,Bandung,West Java,Bandung,Distributor,,OUT1525,Supermarket,SP482,Nuts,Salted Cashew Mix,SKU93070,18204,109,1984236,0.1579,313310.86,1670925.14,None,No,Transfer,1
TRX2022987793,17/10/2022,Palembang,South Sumatra,Palembang,E-commerce,PT Nusantara Supply,OUT6097,Supermarket,SP255,Biscuits,Butter Crunch Biscuit,SKU62356,38487,108,4156596,0.1582,657573.49,3499022.51,Retail Discount,No,Cash,5
TRX2022842799,11/09/2022,Bandung,West Java,Bandung,Modern Trade,,OUT6051,Traditional Store,SP434,Candy,Caramel Drop Candy,SKU70350,8039,176,1414864,0.1809,255948.9,1158915.1,Bundle Promo,No,Cash,3
TRX2022659651,24/01/2022,Jakarta,DKI Jakarta,Jakarta,General Trade,PT Maju Jaya Distribusi,OUT6416,Minimarket,SP406,Nuts,Salted Cashew Mix,SKU79948,43543,104,4528472,0.0334,151250.96,4377221.04,Bundle Promo,No,Credit Term,11
TRX2022681491,30/09/2022,Makassar,South Sulawesi,Makassar,E-commerce,PT Nusantara Supply,OUT9676,Supermarket,SP886,Biscuits,Golden Cream Biscuit,SKU33820,10988,48,527424,0.0666,35126.44,492297.56,Bundle Promo,No,Transfer,7
TRX2022684832,2022-10-13,Bandung,West Java,Bandung,E-commerce,PT Maju Jaya Distribusi,OUT8089,Minimarket,SP423,Nuts,Spicy Peanut Mix,SKU40577,41052,36,1477872,0.1892,279613.38,1198258.62,None,No,Credit Term,2
TRX2022623902,2022-04-11,Bandung,West Java,Bandung,Modern Trade,PT Sinar Distribusi,OUT7164,Traditional Store,SP409,Snacks,Crunchy Bite,SKU39970,5613,161,903693,0.0633,57203.77,846489.23,,Yes,Credit Term,10
TRX2022671914,08/05/2022,Yogyakarta,DI Yogyakarta,Yogyakarta,Modern Trade,PT Global Snack Dist,OUT7671,Supermarket,SP786,Nuts,Honey Roasted Peanut,SKU91686,21986,112,2462432,0.2159,531639.07,1930792.93,Bundle Promo,No,Transfer,10
TRX2022935963,25/06/2022,Bandung,West Java,Bandung,General Trade,PT Sinar Distribusi,OUT4866,Minimarket,SP120,Candy,Caramel Drop Candy,SKU32262,43609,116,5058644,0.2123,1073950.12,3984693.88,Bundle Promo,No,Credit Term,2
TRX2022268282,2022-12-27,Palembang,South Sumatra,Palembang,Distributor,PT Maju Jaya Distribusi,OUT2179,Online Store,SP179,Biscuits,Golden Cream Biscuit,SKU46825,48594,83,4033302,0.1169,471493.0,3561809.0,Seasonal Promo,No,Cash,10
TRX2022349198,20/08/2022,Medan,North Sumatra,Medan,E-commerce,PT Sinar Distribusi,OUT7884,Supermarket,SP866,Snacks,Crunchy Bite,SKU40687,34677,122,4230594,0.0911,385407.11,3845186.89,None,No,Cash,14
TRX2022241085,2022-06-29,Semarang,Central Java,Semarang,E-commerce,,OUT8540,Online Store,SP549,Beverages,Energy Cocoa Drink,SKU59374,34685,14,485590,0.0845,41032.36,444557.65,Retail Discount,No,Cash,4
TRX2022152425,2022-05-05,Palembang,South Sumatra,Palembang,Modern Trade,PT Sinar Distribusi,OUT8401,Minimarket,SP393,Candy, Mint Pop Candy ,SKU47128,45619,144,6569136,0.1595,1047777.19,5521358.81,Seasonal Promo,Yes,Cash,9
TRX2022949176,21/08/2022,Palembang,South Sumatra,Palembang,Modern Trade,PT Nusantara Supply,OUT4659,Supermarket,SP564,Nuts,Salted Cashew Mix,SKU97467,36999,193,7140807,0.0524,374178.29,6766628.71,Bundle Promo,No,Cash,9
TRX2022893170,2022-09-17,Bandung,West Java,Bandung,Modern Trade,PT Maju Jaya Distribusi,OUT5548,Traditional Store,SP508,Candy,Fruit Jelly Candy,SKU57814,43005,83,3569415,0.0597,213094.08,3356320.92,Retail Discount,No,Credit Term,5
TRX2022611495,2022-08-29,Semarang,Central Java,Semarang,Modern Trade,PT Nusantara Supply,OUT3674,Traditional Store,SP254,Biscuits,Choco Delight Biscuit,SKU54860,12679,182,2307578,0.1917,442362.7,1865215.3,,No,Credit Term,6
TRX2022723133,2022-08-25,Palembang,South Sumatra,Palembang,Modern Trade,PT Maju Jaya Distribusi,OUT4170,Online Store,SP228,Nuts,Honey Roasted Peanut,SKU71635,29961,114,3415554,0.1084,370246.05,3045307.95,Bundle Promo,No,Transfer,8
TRX2022521118,2022-07-01,Jakarta,DKI Jakarta,Jakarta,Distributor,,OUT4960,Traditional Store,SP235,Beverages,Energy Cocoa Drink,SKU35017,43562,16,696992,0.0604,42098.32,654893.68,Bundle Promo,No,Credit Term,2
TRX2022819047,23/07/2022,Medan,North Sumatra,Medan,Distributor,,OUT8556,Traditional Store,SP293,Nuts,Salted Cashew Mix,SKU48118,28479,9,256311,0.1645,42163.16,214147.84,Bundle Promo,No,Credit Term,14
TRX2022831115,2022-10-14,Yogyakarta,DI Yogyakarta,Yogyakarta,Distributor,PT Maju Jaya Distribusi,OUT3642,Supermarket,SP842,Nuts,Honey Roasted Peanut,SKU22451,13528,80,1082240,0.1018,110172.03,972067.97,None,No,Transfer,1
TRX2022470692,2022-05-20,Medan,North Sumatra,Medan,E-commerce,PT Nusantara Supply,OUT6632,Minimarket,SP766,Nuts, Spicy Peanut Mix ,SKU66564,26085,145,3782325,0.1083,409625.8,3372699.2,Bundle Promo,No,Cash,11
TRX2022302174,20/11/2022,Semarang,Central Java,Semarang,E-commerce,PT Nusantara Supply,OUT4636,Supermarket,SP346,Biscuits,Butter Crunch Biscuit,SKU55066,5342,65,347230,0.1098,38125.85,309104.15,Bundle Promo,No,Transfer,13
TRX2022876721,09/05/2022,Medan,North Sumatra,Medan,Distributor,PT Maju Jaya Distribusi,OUT5173,Traditional Store,SP285,Biscuits,Choco Delight Biscuit,SKU97707,10343,156,1613508,0.1272,205238.22,1408269.78,Bundle Promo,No,Credit Term,7
TRX2022843845,2022-12-06,Yogyakarta,DI Yogyakarta,Yogyakarta,Distributor,PT Sinar Distribusi,OUT2754,Minimarket,SP792,Snacks,Crunchy Bite,SKU39022,29121,198,5765958,0.0695,400734.08,5365223.92,None,No,Transfer,8
TRX2022379853,2022-10-25,Makassar,South Sulawesi,Makassar,General Trade,PT Sinar Distribusi,OUT9361,Minimarket,SP961,Candy, Mint Pop Candy ,SKU83635,20698,118,2442364,0.0176,42985.61,2399378.39,None,No,Credit Term,10
TRX2022224419,2022-08-26,Jakarta,DKI Jakarta,Jakarta,Distributor,PT Nusantara Supply,OUT9520,Minimarket,SP425,Candy, Fruit Jelly Candy ,SKU26513,9044,171,1546524,0.1926,297860.52,1248663.48,Retail Discount,No,Cash,12
TRX2022679305,25/08/2022,Medan,North Sumatra,Medan,Modern Trade,PT Global Snack Dist,OUT4757,Minimarket,SP773,Candy,Fruit Jelly Candy,SKU87898,20097,200,4019400,0.2373,953803.62,3065596.38,Bundle Promo,No,Credit Term,8
TRX2022834266,2022-04-27,Bandung,West Java,Bandung,General Trade,PT Sinar Distribusi,OUT7310,Traditional Store,SP278,Biscuits,Golden Cream Biscuit,SKU99086,40305,78,3143790,0.2073,651707.67,2492082.33,,Yes,Transfer,6
TRX2022768441,2022-08-15,Medan,North Sumatra,Medan,General Trade,PT Sinar Distribusi,OUT1226,Traditional Store,SP578,Nuts,Honey Roasted Peanut,SKU14947,31175,82,2556350,0.0688,175876.88,2380473.12,Seasonal Promo,No,Transfer,7
TRX2022624211,2022-11-20,Bandung,West Java,Bandung,Modern Trade,,OUT2815,Minimarket,SP576,Beverages,Choco Malt Drink,SKU95530,3206,19,60914,0.235,14314.79,46599.21,,No,Credit Term,9
TRX2022870130,2022-12-04,Jakarta,DKI Jakarta,Jakarta,E-commerce,PT Maju Jaya Distribusi,OUT9203,Traditional Store,SP934,Snacks,Savory Chips,SKU10347,25827,114,2944278,0.1747,514365.37,2429912.63,None,No,Transfer,11
TRX2022492595,28/10/2022,Makassar,South Sulawesi,Makassar,E-commerce,PT Global Snack Dist,OUT4719,Supermarket,SP138,Snacks, Savory Chips ,SKU84208,20038,75,1502850,0.1666,250374.81,1252475.19,Bundle Promo,No,Cash,1
TRX2022651022,20/05/2022,Yogyakarta,DI Yogyakarta,Yogyakarta,E-commerce,PT Sinar Distribusi,OUT6157,Supermarket,SP328,Biscuits,Butter Crunch Biscuit,SKU76550,8019,18,144342,0.2447,35320.49,109021.51,Bundle Promo,No,Transfer,4
TRX2022691258,2022-07-03,Semarang,Central Java,Semarang,General Trade,PT Sinar Distribusi,OUT7279,Traditional Store,SP864,Snacks,Savory Chips,SKU48632,37482,195,7308990,0.1758,1284920.44,6024069.56,Seasonal Promo,No,Credit Term,10
TRX2022881714,2022-05-09,Semarang,Central Java,Semarang,General Trade,PT Maju Jaya Distribusi,OUT8957,Online Store,SP599,Nuts,Salted Cashew Mix,SKU38079,3845,165,634425,0.1829,116036.33,518388.67,Seasonal Promo,No,Transfer,7
TRX2022467418,09/09/2022,Medan,North Sumatra,Medan,Modern Trade,PT Nusantara Supply,OUT1419,Minimarket,SP807,Nuts,Spicy Peanut Mix,SKU96897,28851,120,3462120,0.1879,650532.35,2811587.65,Retail Discount,No,Transfer,5
TRX2022849880,03/07/2022,Bandung,West Java,Bandung,Distributor,PT Global Snack Dist,OUT9141,Supermarket,SP142,Nuts,Salted Cashew Mix,SKU53334,26330,137,3607210,0.1149,414468.43,3192741.57,Retail Discount,No,Transfer,8
TRX2022309152,2022-01-30,Palembang,South Sumatra,Palembang,General Trade,PT Sinar Distribusi,OUT2386,Online Store,SP231,Nuts,Salted Cashew Mix,SKU25221,41928,180,7547040,0.0734,553952.74,6993087.26,Seasonal Promo,No,Credit Term,10
TRX2022562068,2022-10-17,Yogyakarta,DI Yogyakarta,Yogyakarta,Modern Trade,,OUT9133,Online Store,SP307,Nuts,Salted Cashew Mix,SKU54839,38535,179,6897765,0.1524,1051219.39,5846545.61,Bundle Promo,No,Credit Term,6
TRX2022630382,02/06/2022,Bandung,West Java,Bandung,Distributor,PT Global Snack Dist,OUT6184,Traditional Store,SP498,Biscuits,Butter Crunch Biscuit,SKU47975,21056,42,884352,0.1161,102673.27,781678.73,Seasonal Promo,No,Cash,1
TRX2022169321,03/06/2022,Makassar,South Sulawesi,Makassar,General Trade,PT Global Snack Dist,OUT2617,Supermarket,SP374,Candy,Fruit Jelly Candy,SKU64824,45705,198,9049590,0.0885,800888.71,8248701.29,Bundle Promo,No,Cash,3
TRX2022584274,14/02/2022,Yogyakarta,DI Yogyakarta,Yogyakarta,E-commerce,PT Sinar Distribusi,OUT3811,Supermarket,SP405,Snacks,Savory Chips,SKU23206,32760,54,1769040,0.1004,177611.62,1591428.38,None,No,Transfer,9
TRX2022417070,2022-02-07,Semarang,Central Java,Semarang,E-commerce,PT Global Snack Dist,OUT9664,Traditional Store,SP151,Snacks,Crunchy Bite,SKU28718,10214,2,20428,0.1451,2964.1,17463.9,Retail Discount,No,Credit Term,9
TRX2022316695,07/10/2022,Surabaya,East Java,Surabaya,Distributor,,OUT4461,Minimarket,SP132,Snacks,Savory Chips,SKU10553,34854,118,4112772,0.2279,937300.74,3175471.26,Bundle Promo,No,Cash,3
TRX2022927365,2022-11-04,Bandung,West Java,Bandung,General Trade,PT Sinar Distribusi,OUT9334,Online Store,SP633,Beverages,Nutri Grain Drink,SKU56961,16150,146,2357900,0.2246,529584.34,1828315.66,Bundle Promo,No,Credit Term,7
TRX2022873265,2022-07-13,Yogyakarta,DI Yogyakarta,Yogyakarta,General Trade,PT Maju Jaya Distribusi,OUT1701,Supermarket,SP596,Candy,Caramel Drop Candy,SKU73615,3344,14,46816,0.0563,2635.74,44180.26,None,No,Transfer,8
TRX2022472099,2022-07-06,Palembang,South Sumatra,Palembang,E-commerce,PT Nusantara Supply,OUT9327,Minimarket,SP736,Candy,Fruit Jelly Candy,SKU41418,18609,30,558270,0.1174,65540.9,492729.1,Seasonal Promo,No,Cash,7
TRX2022172757,2022-05-29,Jakarta,DKI Jakarta,Jakarta,General Trade,,OUT4400,Online Store,SP274,Nuts,Honey Roasted Peanut,SKU99597,29400,22,646800,0.1874,121210.32,525589.68,Retail Discount,No,Transfer,6
TRX2022844391,2022-01-16,Makassar,South Sulawesi,Makassar,Modern Trade,PT Global Snack Dist,OUT7723,Traditional Store,SP144,Biscuits,Butter Crunch Biscuit,SKU93924,6662,27,179874,0.1776,31945.62,147928.38,Retail Discount,No,Transfer,8
TRX2022879190,2022-06-18,Surabaya,East Java,Surabaya,General Trade,PT Maju Jaya Distribusi,OUT7732,Minimarket,SP370,Candy,Mint Pop Candy,SKU42580,23340,178,4154520,0.1975,820517.7,3334002.3,None,No,Transfer,9
TRX2022911368,2022-06-22,Yogyakarta,DI Yogyakarta,Yogyakarta,E-commerce,,OUT6736,Minimarket,SP513,Candy,Caramel Drop Candy,SKU31079,42472,178,7560016,0.0007,5292.01,7554723.99,Seasonal Promo,No,Transfer,4
TRX2022705153,2022-12-09,Bandung,West Java,Bandung,General Trade,PT Global Snack Dist,OUT5355,Online Store,SP899,Snacks,Spicy Curl,SKU35675,30633,37,1133421,0.1605,181914.07,951506.93,Retail Discount,No,Cash,14
TRX2022480331,29/05/2022,Palembang,South Sumatra,Palembang,General Trade,,OUT3172,Traditional Store,SP992,Candy,Caramel Drop Candy,SKU10164,11556,2,23112,0.0648,1497.66,21614.34,,No,Cash,13
TRX2022133369,2022-08-31,Bandung,West Java,Bandung,General Trade,PT Nusantara Supply,OUT8787,Supermarket,SP792,Snacks,Savory Chips,SKU47860,4590,114,523260,0.0997,52169.02,471090.98,Retail Discount,No,Cash,10
TRX2022740865,19/07/2022,Yogyakarta,DI Yogyakarta,Yogyakarta,Distributor,PT Maju Jaya Distribusi,OUT7149,Online Store,SP200,Snacks,Spicy Curl,SKU90508,46505,105,4883025,0.0607,296399.62,4586625.38,None,No,Credit Term,1
TRX2022867744,04/02/2022,Palembang,South Sumatra,Palembang,Modern Trade,PT Maju Jaya Distribusi,OUT8942,Minimarket,SP978,Candy,Caramel Drop Candy,SKU24283,17579,20,351580,0.2398,84308.88,267271.12,,No,Cash,12
TRX2022521118,2022-04-16,Bandung,West Java,Bandung,E-commerce,PT Global Snack Dist,OUT6277,Minimarket,SP816,Snacks,Crunchy Bite,SKU93178,5207,155,807085,0.1486,119932.83,687152.17,Seasonal Promo,No,Cash,7
TRX2022983145,18/01/2022,Surabaya,East Java,Surabaya,E-commerce,PT Nusantara Supply,OUT8592,Supermarket,SP101,Beverages,Choco Malt Drink,SKU86184,32069,124,3976556,0.1977,786165.12,3190390.88,,Yes,Credit Term,13
TRX2022927398,2022-06-28,Yogyakarta,DI Yogyakarta,Yogyakarta,General Trade,,OUT1694,Traditional Store,SP159,Snacks,Savory Chips,SKU71533,7593,70,531510,0.1394,74092.49,457417.51,None,No,Transfer,1
TRX2022143323,2022-12-10,Bandung,West Java,Bandung,General Trade,PT Sinar Distribusi,OUT8772,Supermarket,SP674,Snacks,Crunchy Bite,SKU36781,27208,21,571368,0.1151,65764.46,505603.54,None,No,Credit Term,10
TRX2022647321,2022-11-27,Makassar,South Sulawesi,Makassar,E-commerce,,OUT6299,Traditional Store,SP445,Snacks,Savory Chips,SKU35758,24425,172,4201100,0.1211,508753.21,3692346.79,None,No,Cash,9
TRX2022108674,2022-10-27,Medan,North Sumatra,Medan,E-commerce,PT Global Snack Dist,OUT2307,Minimarket,SP422,Candy,Caramel Drop Candy,SKU36201,31150,65,2024750,0.2314,468527.15,1556222.85,Seasonal Promo,No,Transfer,1
TRX2022187403,24/01/2022,Surabaya,East Java,Surabaya,Modern Trade,PT Maju Jaya Distribusi,OUT1324,Supermarket,SP290,Candy, Fruit Jelly Candy ,SKU55702,14879,52,773708,0.1432,110794.99,662913.01,Retail Discount,No,Credit Term,9
TRX2022713820,2022-11-15,Medan,North Sumatra,Medan,Modern Trade,PT Global Snack Dist,OUT6994,Minimarket,SP495,Nuts,Honey Roasted Peanut,SKU17860,21703,20,434060,0.1844,80040.66,354019.34,Bundle Promo,No,Transfer,9
TRX2022986651,2022-02-26,Yogyakarta,DI Yogyakarta,Yogyakarta,Modern Trade,PT Maju Jaya Distribusi,OUT3789,Online Store,SP317,Candy,Fruit Jelly Candy,SKU55063,24052,56,1346912,0.1014,136576.88,1210335.12,Seasonal Promo,No,Credit Term,3
TRX2022538607,11/05/2022,Palembang,South Sumatra,Palembang,General Trade,PT Nusantara Supply,OUT2548,Minimarket,SP468,Candy,Mint Pop Candy,SKU73444,26282,8,210256,0.0501,10533.83,199722.17,,No,Cash,14
TRX2022980891,2022-08-18,Palembang,South Sumatra,Palembang,Modern Trade,PT Global Snack Dist,OUT4379,Supermarket,SP518,Beverages,Nutri Grain Drink,SKU71004,20637,41,846117,0.1139,96372.73,749744.27,,No,Cash,13
TRX2022262238,01/07/2022,Yogyakarta,DI Yogyakarta,Yogyakarta,E-commerce,PT Sinar Distribusi,OUT4119,Traditional Store,SP862,Candy,Fruit Jelly Candy,SKU82739,18313,84,1538292,0.2447,376420.05,1161871.95,Bundle Promo,No,Transfer,3
TRX2022403733,01/05/2022,Medan,North Sumatra,Medan,Modern Trade,PT Sinar Distribusi,OUT4535,Minimarket,SP867,Snacks,Crunchy Bite,SKU88119,34386,17,584562,0.0161,9411.45,575150.55,Bundle Promo,No,Credit Term,1
TRX2022933509,2022-05-27,Medan,North Sumatra,Medan,Distributor,PT Sinar Distribusi,OUT9637,Supermarket,SP370,Candy,Mint Pop Candy,SKU71683,45273,108,4889484,0.1054,515351.61,4374132.39,,No,Credit Term,14
TRX2022382752,2022-07-18,Palembang,South Sumatra,Palembang,Distributor,PT Maju Jaya Distribusi,OUT8332,Minimarket,SP299,Beverages,Choco Malt Drink,SKU90802,2775,123,341325,0.2362,80620.96,260704.04,Bundle Promo,No,Transfer,1
TRX2022156404,2022-07-10,Bandung,West Java,Bandung,Distributor,PT Maju Jaya Distribusi,OUT1510,Supermarket,SP132,Beverages,Nutri Grain Drink,SKU56857,11045,84,927780,0.2188,202998.26,724781.74,Bundle Promo,Yes,Transfer,14
TRX2022849935,24/04/2022,Bandung,West Java,Bandung,E-commerce,PT Nusantara Supply,OUT9461,Supermarket,SP734,Nuts,Spicy Peanut Mix,SKU51160,45392,170,7716640,0.1024,790183.94,6926456.06,,No,Transfer,2
TRX2022229775,2022-08-16,Palembang,South Sumatra,Palembang,General Trade,PT Global Snack Dist,OUT1398,Traditional Store,SP748,Beverages,Energy Cocoa Drink,SKU87893,14686,6,88116,0.0935,8238.85,79877.15,Seasonal Promo,Yes,Credit Term,4
TRX2022823873,2022-06-29,Semarang,Central Java,Semarang,Distributor,,OUT3848,Minimarket,SP751,Biscuits,Choco Delight Biscuit,SKU11689,35459,173,6134407,0.1345,825077.74,5309329.26,Seasonal Promo,No,Cash,6
TRX2022272865,05/08/2022,Jakarta,DKI Jakarta,Jakarta,General Trade,,OUT3475,Traditional Store,SP390,Nuts,Honey Roasted Peanut,SKU50132,48733,156,7602348,0.077,585380.8,7016967.2,None,No,Transfer,5
TRX2022993076,04/09/2022,Medan,North Sumatra,Medan,General Trade,PT Nusantara Supply,OUT9272,Traditional Store,SP466,Snacks,Crunchy Bite,SKU70398,37123,64,2375872,0.0755,179378.34,2196493.66,,No,Transfer,7
TRX2022106881,2022-08-11,Medan,North Sumatra,Medan,Distributor,PT Global Snack Dist,OUT6198,Supermarket,SP763,Beverages, Choco Malt Drink ,SKU78437,5302,124,657448,0.1908,125441.08,532006.92,None,No,Credit Term,10
TRX2022934765,07/05/2022,Palembang,South Sumatra,Palembang,General Trade,PT Nusantara Supply,OUT9389,Online Store,SP721,Candy, Fruit Jelly Candy ,SKU99070,3916,196,767536,0.1512,116051.44,651484.56,None,Yes,Cash,11
TRX2022367694,09/09/2022,Yogyakarta,DI Yogyakarta,Yogyakarta,E-commerce,PT Global Snack Dist,OUT6391,Supermarket,SP477,Beverages,Nutri Grain Drink,SKU49156,32103,99,3178197,0.1676,532665.82,2645531.18,,Yes,Cash,13
TRX2022790409,2022-02-01,Bandung,West Java,Bandung,Modern Trade,,OUT5716,Traditional Store,SP333,Candy,Mint Pop Candy,SKU24986,11551,58,669958,0.0192,12863.19,657094.81,None,No,Credit Term,9
TRX2022234640,21/08/2022,Jakarta,DKI Jakarta,Jakarta,E-commerce,PT Sinar Distribusi,OUT4009,Supermarket,SP804,Nuts,Honey Roasted Peanut,SKU51389,30289,27,817803,0.1976,161597.87,656205.13,Bundle Promo,No,Cash,7
TRX2022672801,13/02/2022,Makassar,South Sulawesi,Makassar,Modern Trade,PT Sinar Distribusi,OUT3827,Online Store,SP528,Snacks,Spicy Curl,SKU33227,29849,196,5850404,0.0339,198328.7,5652075.3,,No,Transfer,4
TRX2022163638,2022-03-27,Makassar,South Sulawesi,Makassar,General Trade,PT Global Snack Dist,OUT5159,Supermarket,SP914,Snacks,Crunchy Bite,SKU58215,35764,20,715280,0.0232,16594.5,698685.5,,No,Transfer,6
TRX2022601554,2022-04-18,Makassar,South Sulawesi,Makassar,General Trade,PT Nusantara Supply,OUT5040,Supermarket,SP679,Snacks,Savory Chips,SKU21578,45095,27,1217565,0.0984,119808.4,1097756.6,Retail Discount,No,Transfer,8
TRX2022388329,2022-09-25,Bandung,West Java,Bandung,General Trade,PT Global Snack Dist,OUT5100,Minimarket,SP603,Nuts,Salted Cashew Mix,SKU39725,2727,112,305424,0.013,3970.51,301453.49,Retail Discount,No,Cash,1
TRX2022408389,01/12/2022,Yogyakarta,DI Yogyakarta,Yogyakarta,General Trade,,OUT5709,Traditional Store,SP397,Biscuits, Choco Delight Biscuit ,SKU98327,43412,62,2691544,0.0385,103624.44,2587919.56,Bundle Promo,No,Cash,13
TRX2022571295,01/02/2022,Yogyakarta,DI Yogyakarta,Yogyakarta,Modern Trade,,OUT2744,Traditional Store,SP699,Biscuits,Butter Crunch Biscuit,SKU92352,34303,78,2675634,0.0567,151708.45,2523925.55,Retail Discount,No,Transfer,2
TRX2022704572,14/05/2022,Makassar,South Sulawesi,Makassar,E-commerce,PT Maju Jaya Distribusi,OUT5602,Traditional Store,SP273,Biscuits,Golden Cream Biscuit,SKU80010,22018,137,3016466,0.1434,432561.22,2583904.78,Bundle Promo,No,Credit Term,11
TRX2022524002,12/04/2022,Bandung,West Java,Bandung,General Trade,,OUT2215,Supermarket,SP237,Candy,Mint Pop Candy,SKU20572,45755,147,6725985,0.1273,856217.89,5869767.11,None,No,Credit Term,4
TRX2022325778,23/01/2022,Palembang,South Sumatra,Palembang,E-commerce,,OUT2127,Online Store,SP982,Candy,Mint Pop Candy,SKU42057,7336,169,1239784,0.2206,273496.35,966287.65,Retail Discount,No,Credit Term,4
TRX2022281554,2022-04-24,Semarang,Central Java,Semarang,Distributor,PT Global Snack Dist,OUT9399,Supermarket,SP883,Beverages,Nutri Grain Drink,SKU75592,8229,191,1571739,0.0095,14931.52,1556807.48,Seasonal Promo,No,Transfer,5
TRX2022846553,2022-07-06,Bandung,West Java,Bandung,Distributor,,OUT1535,Online Store,SP591,Candy,Mint Pop Candy,SKU53437,39712,165,6552480,0.1727,1131613.3,5420866.7,Retail Discount,No,Cash,12
TRX2022472525,2022-08-11,Yogyakarta,DI Yogyakarta,Yogyakarta,Distributor,PT Nusantara Supply,OUT1823,Traditional Store,SP304,Candy,Caramel Drop Candy,SKU85321,40210,123,4945830,0.0196,96938.27,4848891.73,Seasonal Promo,No,Transfer,13
TRX2022505329,01/09/2022,Palembang,South Sumatra,Palembang,Modern Trade,,OUT3844,Supermarket,SP384,Candy,Mint Pop Candy,SKU62395,3282,64,210048,0.2483,52154.92,157893.08,Seasonal Promo,No,Transfer,13
TRX2022578552,2022-01-23,Medan,North Sumatra,Medan,General Trade,PT Global Snack Dist,OUT6035,Supermarket,SP179,Snacks,Savory Chips,SKU82273,6391,58,370678,0.2007,74395.07,296282.93,None,No,Cash,4
TRX2022119127,2022-02-23,Jakarta,DKI Jakarta,Jakarta,Modern Trade,PT Nusantara Supply,OUT4591,Supermarket,SP619,Snacks,Spicy Curl,SKU85898,16183,36,582588,0.0301,17535.9,565052.1,,No,Cash,7
TRX2022746925,2022-10-17,Makassar,South Sulawesi,Makassar,General Trade,,OUT2917,Minimarket,SP246,Nuts,Honey Roasted Peanut,SKU60459,10216,189,1930824,0.0359,69316.58,1861507.42,Retail Discount,No,Credit Term,7
TRX2022561252,2022-11-19,Medan,North Sumatra,Medan,Distributor,PT Nusantara Supply,OUT7199,Traditional Store,SP190,Beverages,Nutri Grain Drink,SKU58630,19284,161,3104724,0.0714,221677.29,2883046.71,None,No,Cash,7
TRX2022917939,2022-04-06,Palembang,South Sumatra,Palembang,Distributor,,OUT3029,Online Store,SP379,Biscuits,Golden Cream Biscuit,SKU75890,25995,13,337935,0.1461,49372.3,288562.7,Retail Discount,No,Cash,10
TRX2022723679,22/05/2022,Bandung,West Java,Bandung,E-commerce,PT Maju Jaya Distribusi,OUT3129,Online Store,SP880,Candy, Mint Pop Candy ,SKU11667,3906,132,515592,0.2435,125546.65,390045.35,None,No,Transfer,7
TRX2022510848,24/02/2022,Jakarta,DKI Jakarta,Jakarta,Distributor,PT Maju Jaya Distribusi,OUT8764,Traditional Store,SP754,Snacks,Spicy Curl,SKU58872,11083,55,609565,0.127,77414.76,532150.24,None,No,Credit Term,14
TRX2022550189,13/08/2022,Palembang,South Sumatra,Palembang,General Trade,PT Sinar Distribusi,OUT7564,Minimarket,SP121,Biscuits,Choco Delight Biscuit,SKU48019,47400,22,1042800,0.1779,185514.12,857285.88,,No,Cash,7
TRX2022787870,08/06/2022,Medan,North Sumatra,Medan,Modern Trade,,OUT7472,Traditional Store,SP748,Candy,Fruit Jelly Candy,SKU88114,22807,92,2098244,0.0656,137644.81,1960599.19,None,No,Cash,14
TRX2022855382,2022-05-10,Bandung,West Java,Bandung,General Trade,,OUT6002,Supermarket,SP240,Nuts,Salted Cashew Mix,SKU64741,16494,110,1814340,0.1122,203568.95,1610771.05,Bundle Promo,No,Credit Term,7
TRX2022521118,2022-04-23,Jakarta,DKI Jakarta,Jakarta,Modern Trade,PT Global Snack Dist,OUT4119,Supermarket,SP348,Nuts,Salted Cashew Mix,SKU59982,16335,110,1796850,0.1496,268808.76,1528041.24,Bundle Promo,No,Transfer,8
TRX2022109844,01/04/2022,Yogyakarta,DI Yogyakarta,Yogyakarta,E-commerce,PT Maju Jaya Distribusi,OUT6370,Minimarket,SP380,Candy,Caramel Drop Candy,SKU87866,3631,14,50834,0.0862,4381.89,46452.11,Bundle Promo,No,Cash,5
TRX2022572986,29/12/2022,Semarang,Central Java,Semarang,E-commerce,PT Sinar Distribusi,OUT1472,Supermarket,SP982,Beverages,Energy Cocoa Drink,SKU88279,10725,143,1533675,0.2452,376057.11,1157617.89,,No,Credit Term,5
TRX2022568980,2022-06-08,Medan,North Sumatra,Medan,Modern Trade,PT Global Snack Dist,OUT4363,Traditional Store,SP432,Biscuits,Butter Crunch Biscuit,SKU56395,22929,134,3072486,0.0159,48852.53,3023633.47,Seasonal Promo,No,Credit Term,14
TRX2022798805,22/01/2022,Medan,North Sumatra,Medan,Distributor,PT Global Snack Dist,OUT2832,Minimarket,SP482,Candy,Mint Pop Candy,SKU20645,28522,181,5162482,0.1652,852842.03,4309639.97,Bundle Promo,No,Credit Term,6
TRX2022853993,2022-10-22,Surabaya,East Java,Surabaya,Modern Trade,PT Nusantara Supply,OUT4766,Traditional Store,SP121,Nuts,Spicy Peanut Mix,SKU19310,33355,164,5470220,0.1734,948536.15,4521683.85,Retail Discount,No,Credit Term,5
TRX2022437506,2022-06-12,Makassar,South Sulawesi,Makassar,Distributor,PT Maju Jaya Distribusi,OUT9891,Traditional Store,SP813,Biscuits,Golden Cream Biscuit,SKU12333,8757,39,341523,0.0181,6181.57,335341.43,Retail Discount,No,Transfer,13
TRX2022323028,12/05/2022,Palembang,South Sumatra,Palembang,Modern Trade,,OUT7765,Online Store,SP795,Beverages,Choco Malt Drink,SKU76278,6268,89,557852,0.2484,138570.44,419281.56,None,No,Transfer,9
TRX2022858305,24/03/2022,Yogyakarta,DI Yogyakarta,Yogyakarta,General Trade,PT Global Snack Dist,OUT9270,Online Store,SP273,Snacks,Spicy Curl,SKU54095,25180,24,604320,0.2464,148904.45,455415.55,Retail Discount,No,Cash,8
TRX2022202772,06/05/2022,Medan,North Sumatra,Medan,Distributor,PT Global Snack Dist,OUT1963,Traditional Store,SP608,Beverages,Nutri Grain Drink,SKU57456,17872,153,2734416,0.1671,456920.91,2277495.09,Retail Discount,No,Credit Term,11
TRX2022794686,06/04/2022,Semarang,Central Java,Semarang,E-commerce,PT Sinar Distribusi,OUT8157,Online Store,SP891,Biscuits,Choco Delight Biscuit,SKU75130,49949,107,5344543,0.1548,827335.26,4517207.74,Bundle Promo,No,Credit Term,10
TRX2022657269,2022-06-16,Surabaya,East Java,Surabaya,Modern Trade,PT Nusantara Supply,OUT3142,Online Store,SP311,Snacks,Spicy Curl,SKU67929,48709,70,3409630,0.094,320505.22,3089124.78,Bundle Promo,No,Cash,7
TRX2022991706,09/06/2022,Bandung,West Java,Bandung,E-commerce,PT Global Snack Dist,OUT8713,Supermarket,SP151,Snacks,Spicy Curl,SKU30874,44451,165,7334415,0.2143,1571765.13,5762649.87,Retail Discount,No,Cash,6
TRX2022920798,2022-04-26,Medan,North Sumatra,Medan,E-commerce,PT Maju Jaya Distribusi,OUT1859,Minimarket,SP521,Candy,Caramel Drop Candy,SKU57640,2455,183,449265,0.2409,108227.94,341037.06,Retail Discount,No,Transfer,1
TRX2022776221,2022-06-13,Semarang,Central Java,Semarang,E-commerce,PT Maju Jaya Distribusi,OUT5803,Traditional Store,SP941,Snacks,Savory Chips,SKU24649,3680,128,471040,0.0146,6877.18,464162.82,,No,Cash,13
TRX2022944661,2022-06-09,Jakarta,DKI Jakarta,Jakarta,Modern Trade,,OUT6142,Online Store,SP881,Candy,Fruit Jelly Candy,SKU71880,26990,182,4912180,0.2088,1025663.18,3886516.82,Bundle Promo,No,Transfer,7
TRX2022739712,2022-04-25,Bandung,West Java,Bandung,General Trade,PT Sinar Distribusi,OUT3649,Minimarket,SP625,Nuts,Spicy Peanut Mix,SKU35863,26060,135,3518100,0.14,492534.0,3025566.0,Retail Discount,No,Credit Term,14
TRX2022576242,15/01/2022,Palembang,South Sumatra,Palembang,E-commerce,PT Sinar Distribusi,OUT6378,Minimarket,SP411,Candy,Caramel Drop Candy,SKU25921,39172,54,2115288,0.012,25383.46,2089904.54,Seasonal Promo,No,Credit Term,3
TRX2022918977,2022-04-10,Surabaya,East Java,Surabaya,Modern Trade,,OUT3626,Minimarket,SP787,Snacks,Crunchy Bite,SKU29062,32997,20,659940,0.0423,27915.46,632024.54,Retail Discount,No,Transfer,14
TRX2022923967,2022-11-03,Palembang,South Sumatra,Palembang,Modern Trade,,OUT8876,Minimarket,SP492,Beverages,Energy Cocoa Drink,SKU16104,40532,65,2634580,0.1056,278211.65,2356368.35,Seasonal Promo,No,Cash,2
TRX2022466314,06/03/2022,Medan,North Sumatra,Medan,Modern Trade,PT Sinar Distribusi,OUT8518,Traditional Store,SP304,Snacks,Savory Chips,SKU91845,21773,118,2569214,0.1756,451153.98,2118060.02,Retail Discount,No,Cash,8
TRX2022224723,2022-12-02,Bandung,West Java,Bandung,General Trade,,OUT9237,Online Store,SP392,Beverages,Energy Cocoa Drink,SKU22123,44178,139,6140742,0.0443,272034.87,5868707.13,Seasonal Promo,No,Transfer,13
TRX2022140141,02/02/2022,Palembang,South Sumatra,Palembang,Distributor,PT Nusantara Supply,OUT5323,Traditional Store,SP766,Snacks,Spicy Curl,SKU65060,13314,31,412734,0.0978,40365.39,372368.61,Seasonal Promo,No,Transfer,4
TRX2022579614,2022-12-20,Yogyakarta,DI Yogyakarta,Yogyakarta,E-commerce,PT Nusantara Supply,OUT5660,Traditional Store,SP658,Candy,Mint Pop Candy,SKU21117,4925,62,305350,0.1987,60673.04,244676.96,,No,Cash,2
TRX2022724989,2022-02-02,Surabaya,East Java,Surabaya,Modern Trade,PT Maju Jaya Distribusi,OUT8857,Minimarket,SP799,Biscuits,Choco Delight Biscuit,SKU85700,22099,33,729267,0.147,107202.25,622064.75,None,No,Transfer,9
TRX2022553910,2022-01-03,Yogyakarta,DI Yogyakarta,Yogyakarta,General Trade,PT Nusantara Supply,OUT2686,Traditional Store,SP804,Nuts,Salted Cashew Mix,SKU11366,21983,126,2769858,0.2151,595796.46,2174061.54,Seasonal Promo,No,Cash,5
TRX2022812151,2022-01-18,Palembang,South Sumatra,Palembang,Modern Trade,PT Sinar Distribusi,OUT9903,Online Store,SP659,Biscuits,Butter Crunch Biscuit,SKU88084,26833,133,3568789,0.0049,17487.07,3551301.93,Retail Discount,No,Credit Term,10
TRX2022213900,2022-09-17,Bandung,West Java,Bandung,General Trade,PT Nusantara Supply,OUT9134,Supermarket,SP541,Snacks,Crunchy Bite,SKU80497,45941,64,2940224,0.2365,695362.98,2244861.02,,No,Credit Term,4
TRX2022299570,2022-06-03,Bandung,West Java,Bandung,E-commerce,,OUT6799,Minimarket,SP936,Beverages,Choco Malt Drink,SKU22930,25219,187,4715953,0.1078,508379.73,4207573.27,None,No,Cash,13
TRX2022206095,2022-05-08,Surabaya,East Java,Surabaya,Modern Trade,PT Nusantara Supply,OUT4074,Online Store,SP101,Snacks,Crunchy Bite,SKU81024,5770,114,657780,0.2368,155762.3,502017.7,,No,Transfer,13
TRX2022338391,26/10/2022,Surabaya,East Java,Surabaya,Distributor,,OUT5794,Supermarket,SP119,Beverages,Choco Malt Drink,SKU11211,32525,134,4358350,0.1626,708667.71,3649682.29,Bundle Promo,No,Transfer,4
TRX2022807677,15/07/2022,Makassar,South Sulawesi,Makassar,E-commerce,PT Nusantara Supply,OUT4650,Online Store,SP301,Beverages,Energy Cocoa Drink,SKU87763,35717,173,6179041,0.1586,979995.9,5199045.1,,No,Cash,11
TRX2022217342,25/11/2022,Medan,North Sumatra,Medan,E-commerce,PT Maju Jaya Distribusi,OUT6844,Traditional Store,SP278,Beverages,Energy Cocoa Drink,SKU42394,16652,92,1531984,0.0052,7966.32,1524017.68,Bundle Promo,No,Transfer,13
TRX2022373664,2022-09-21,Yogyakarta,DI Yogyakarta,Yogyakarta,General Trade,PT Sinar Distribusi,OUT6333,Supermarket,SP326,Snacks,Spicy Curl,SKU90951,39299,122,4794478,0.0759,363900.88,4430577.12,Retail Discount,No,Cash,8
TRX2022264543,07/03/2022,Makassar,South Sulawesi,Makassar,General Trade,,OUT7895,Supermarket,SP431,Biscuits,Choco Delight Biscuit,SKU56077,43930,198,8698140,0.0724,629745.34,8068394.66,,No,Cash,11
TRX2022586497,30/05/2022,Yogyakarta,DI Yogyakarta,Yogyakarta,General Trade,PT Global Snack Dist,OUT1326,Traditional Store,SP463,Candy,Fruit Jelly Candy,SKU96323,36786,43,1581798,0.1081,170992.36,1410805.64,Bundle Promo,No,Cash,9
TRX2022308024,02/01/2022,Bandung,West Java,Bandung,Distributor,PT Maju Jaya Distribusi,OUT2448,Online Store,SP260,Candy,Caramel Drop Candy,SKU65007,35056,135,4732560,0.0553,261710.57,4470849.43,Seasonal Promo,No,Cash,5
TRX2022491722,22/10/2022,Palembang,South Sumatra,Palembang,E-commerce,PT Sinar Distribusi,OUT5464,Supermarket,SP268,Beverages,Nutri Grain Drink,SKU53222,20448,92,1881216,0.0525,98763.84,1782452.16,None,No,Credit Term,13
TRX2022649603,2022-12-01,Yogyakarta,DI Yogyakarta,Yogyakarta,Modern Trade,PT Global Snack Dist,OUT5405,Traditional Store,SP108,Biscuits,Butter Crunch Biscuit,SKU51845,45602,33,1504866,0.1159,174413.97,1330452.03,Bundle Promo,No,Transfer,5
TRX2022436104,2022-06-15,Semarang,Central Java,Semarang,Distributor,PT Sinar Distribusi,OUT8053,Supermarket,SP191,Candy,Mint Pop Candy,SKU48670,35697,63,2248911,0.0853,191832.11,2057078.89,Seasonal Promo,No,Credit Term,4
TRX2022596424,27/04/2022,Surabaya,East Java,Surabaya,Distributor,PT Maju Jaya Distribusi,OUT3937,Traditional Store,SP475,Snacks,Savory Chips,SKU26070,43226,191,8256166,0.0291,240254.43,8015911.57,None,No,Cash,6
TRX2022278724,16/01/2022,Bandung,West Java,Bandung,General Trade,PT Global Snack Dist,OUT5249,Minimarket,SP372,Beverages,Nutri Grain Drink,SKU82730,38815,156,6055140,0.1476,893738.66,5161401.34,None,No,Transfer,5
TRX2022829380,2022-04-30,Yogyakarta,DI Yogyakarta,Yogyakarta,Distributor,,OUT6698,Minimarket,SP744,Nuts,Spicy Peanut Mix,SKU69984,19654,148,2908792,0.2116,615500.39,2293291.61,Retail Discount,No,Cash,4
TRX2022412301,15/04/2022,Jakarta,DKI Jakarta,Jakarta,General Trade,PT Maju Jaya Distribusi,OUT1408,Minimarket,SP453,Biscuits,Butter Crunch Biscuit,SKU98790,3491,64,223424,0.2206,49287.33,174136.67,Retail Discount,No,Credit Term,5
TRX2022595744,2022-10-18,Yogyakarta,DI Yogyakarta,Yogyakarta,E-commerce,PT Sinar Distribusi,OUT9621,Online Store,SP308,Candy,Caramel Drop Candy,SKU58275,16009,168,2689512,0.0873,234794.4,2454717.6,Bundle Promo,No,Credit Term,11
TRX2022911247,2022-10-23,Palembang,South Sumatra,Palembang,General Trade,,OUT3245,Minimarket,SP218,Biscuits,Butter Crunch Biscuit,SKU45001,2931,158,463098,0.0938,43438.59,419659.41,Bundle Promo,No,Credit Term,7
TRX2022426698,29/04/2022,Semarang,Central Java,Semarang,General Trade,,OUT3474,Supermarket,SP813,Snacks,Savory Chips,SKU11915,22223,91,2022293,0.2104,425490.45,1596802.55,None,No,Transfer,11
TRX2022565921,2022-03-12,Surabaya,East Java,Surabaya,General Trade,PT Global Snack Dist,OUT8980,Traditional Store,SP555,Candy,Fruit Jelly Candy,SKU25696,35138,186,6535668,0.1679,1097338.66,5438329.34,Seasonal Promo,No,Credit Term,9
TRX2022941190,2022-11-02,Makassar,South Sulawesi,Makassar,E-commerce,PT Global Snack Dist,OUT2154,Online Store,SP492,Nuts,Salted Cashew Mix,SKU77995,45950,177,8133150,0.1671,1359049.36,6774100.63,Retail Discount,No,Cash,4
TRX2022987524,06/03/2022,Palembang,South Sumatra,Palembang,General Trade,PT Maju Jaya Distribusi,OUT1079,Supermarket,SP703,Biscuits,Choco Delight Biscuit,SKU20904,31966,73,2333518,0.042,98007.76,2235510.24,Seasonal Promo,No,Cash,14
TRX2022381785,2022-05-21,Semarang,Central Java,Semarang,Modern Trade,,OUT4339,Supermarket,SP742,Nuts,Spicy Peanut Mix,SKU79851,17950,183,3284850,0.2485,816285.22,2468564.77,Seasonal Promo,No,Cash,10
TRX2022406453,2022-03-11,Palembang,South Sumatra,Palembang,Distributor,PT Global Snack Dist,OUT4538,Minimarket,SP293,Candy,Fruit Jelly Candy,SKU30927,17864,33,589512,0.2175,128218.86,461293.14,Retail Discount,Yes,Transfer,5
TRX2022128640,27/05/2022,Palembang,South Sumatra,Palembang,Modern Trade,PT Global Snack Dist,OUT6260,Online Store,SP662,Candy,Caramel Drop Candy,SKU86027,45971,114,5240694,0.0462,242120.06,4998573.94,,No,Cash,2
TRX2022149091,2022-10-05,Jakarta,DKI Jakarta,Jakarta,Distributor,PT Sinar Distribusi,OUT8442,Supermarket,SP198,Nuts,Salted Cashew Mix,SKU16220,17671,120,2120520,0.1326,281180.95,1839339.05,,No,Transfer,11
TRX2022803892,2022-07-31,Bandung,West Java,Bandung,E-commerce,,OUT2986,Minimarket,SP348,Biscuits,Butter Crunch Biscuit,SKU76076,45688,124,5665312,0.2355,1334180.98,4331131.02,,No,Cash,10
TRX2022293650,14/02/2022,Semarang,Central Java,Semarang,General Trade,PT Global Snack Dist,OUT2103,Minimarket,SP718,Nuts,Spicy Peanut Mix,SKU89089,11919,81,965439,0.0478,46147.98,919291.02,,No,Transfer,8
TRX2022899994,01/10/2022,Jakarta,DKI Jakarta,Jakarta,Distributor,PT Maju Jaya Distribusi,OUT1495,Traditional Store,SP256,Biscuits,Golden Cream Biscuit,SKU37436,2476,189,467964,0.1918,89755.5,378208.5,,No,Transfer,1
TRX2022528557,2022-01-26,Medan,North Sumatra,Medan,Modern Trade,PT Maju Jaya Distribusi,OUT6362,Supermarket,SP741,Candy,Caramel Drop Candy,SKU21336,21791,187,4074917,0.0658,268129.54,3806787.46,Seasonal Promo,No,Transfer,1
TRX2022590011,2022-12-17,Bandung,West Java,Bandung,General Trade,PT Sinar Distribusi,OUT8207,Traditional Store,SP677,Nuts, Honey Roasted Peanut ,SKU21841,16832,88,1481216,0.245,362897.92,1118318.08,None,No,Transfer,2
TRX2022188238,23/08/2022,Surabaya,East Java,Surabaya,Modern Trade,PT Sinar Distribusi,OUT3299,Online Store,SP731,Nuts,Honey Roasted Peanut,SKU30367,6991,172,1202452,0.1575,189386.19,1013065.81,Retail Discount,No,Credit Term,1
TRX2022500772,2022-05-07,Surabaya,East Java,Surabaya,Distributor,PT Maju Jaya Distribusi,OUT3093,Minimarket,SP677,Nuts,Honey Roasted Peanut,SKU80849,23146,5,115730,0.0484,5601.33,110128.67,None,No,Cash,10
TRX2022173993,2022-01-01,Surabaya,East Java,Surabaya,E-commerce,PT Global Snack Dist,OUT6178,Minimarket,SP587,Snacks,Crunchy Bite,SKU90378,8912,32,285184,0.0236,6730.34,278453.66,Seasonal Promo,No,Credit Term,10
TRX2022850463,28/03/2022,Semarang,Central Java,Semarang,General Trade,,OUT4705,Minimarket,SP361,Nuts,Salted Cashew Mix,SKU45658,19758,154,3042732,0.038,115623.82,2927108.18,Bundle Promo,No,Cash,4
TRX2022800071,28/08/2022,Bandung,West Java,Bandung,Distributor,PT Sinar Distribusi,OUT6994,Minimarket,SP419,Snacks,Spicy Curl,SKU84561,16925,85,1438625,0.158,227302.75,1211322.25,Bundle Promo,No,Cash,7
TRX2022944707,08/08/2022,Bandung,West Java,Bandung,E-commerce,PT Maju Jaya Distribusi,OUT8137,Traditional Store,SP867,Snacks,Crunchy Bite,SKU20510,42932,63,2704716,0.0077,20826.31,2683889.69,Seasonal Promo,No,Credit Term,14
TRX2022882127,21/06/2022,Palembang,South Sumatra,Palembang,Distributor,PT Nusantara Supply,OUT1585,Minimarket,SP120,Snacks,Crunchy Bite,SKU44025,12339,36,444204,0.1294,57480.0,386724.0,,No,Transfer,5
TRX2022720712,2022-03-24,Surabaya,East Java,Surabaya,Modern Trade,,OUT4045,Supermarket,SP188,Snacks,Crunchy Bite,SKU68228,34987,75,2624025,0.1724,452381.91,2171643.09,None,No,Cash,6
TRX2022755397,2022-03-27,Bandung,West Java,Bandung,Modern Trade,PT Global Snack Dist,OUT5704,Supermarket,SP970,Biscuits,Choco Delight Biscuit,SKU59626,14191,25,354775,0.0547,19406.19,335368.81,Retail Discount,No,Transfer,9
TRX2022784056,23/09/2022,Palembang,South Sumatra,Palembang,Distributor,PT Maju Jaya Distribusi,OUT9642,Traditional Store,SP509,Beverages,Choco Malt Drink,SKU78449,46732,195,9112740,0.2167,1974730.76,7138009.24,Retail Discount,No,Transfer,6
TRX2022231183,21/10/2022,Medan,North Sumatra,Medan,E-commerce,PT Sinar Distribusi,OUT3559,Online Store,SP572,Candy,Caramel Drop Candy,SKU70621,10646,189,2012094,0.0702,141249.0,1870845.0,Seasonal Promo,No,Credit Term,4
TRX2022869933,2022-05-24,Bandung,West Java,Bandung,General Trade,PT Maju Jaya Distribusi,OUT8295,Supermarket,SP975,Nuts,Salted Cashew Mix,SKU36735,43117,124,5346508,0.1444,772035.76,4574472.24,Retail Discount,No,Transfer,13
TRX2022239534,2022-10-10,Surabaya,East Java,Surabaya,E-commerce,PT Sinar Distribusi,OUT7139,Traditional Store,SP147,Candy,Mint Pop Candy,SKU62368,17191,58,997078,0.1512,150758.19,846319.81,Seasonal Promo,No,Credit Term,5
TRX2022485347,2022-10-19,Yogyakarta,DI Yogyakarta,Yogyakarta,General Trade,PT Maju Jaya Distribusi,OUT2427,Minimarket,SP994,Snacks,Crunchy Bite,SKU90834,46934,136,6383024,0.2027,1293838.96,5089185.04,None,No,Credit Term,10
TRX2022664531,2022-10-27,Palembang,South Sumatra,Palembang,E-commerce,PT Global Snack Dist,OUT1363,Traditional Store,SP588,Candy,Mint Pop Candy,SKU53275,31772,162,5147064,0.1765,908456.8,4238607.2,Retail Discount,No,Transfer,7
TRX2022725924,29/01/2022,Yogyakarta,DI Yogyakarta,Yogyakarta,Modern Trade,PT Maju Jaya Distribusi,OUT8453,Online Store,SP889,Biscuits,Butter Crunch Biscuit,SKU99514,21614,45,972630,0.0264,25677.43,946952.57,,No,Cash,11
TRX2022896811,03/04/2022,Makassar,South Sulawesi,Makassar,Modern Trade,PT Global Snack Dist,OUT7365,Supermarket,SP428,Biscuits,Choco Delight Biscuit,SKU67585,38109,167,6364203,0.2101,1337119.05,5027083.95,Retail Discount,No,Credit Term,6
TRX2022886504,20/11/2022,Medan,North Sumatra,Medan,General Trade,PT Maju Jaya Distribusi,OUT4962,Traditional Store,SP873,Snacks,Spicy Curl,SKU18498,11500,146,1679000,0.0721,121055.9,1557944.1,,No,Credit Term,2
TRX2022566760,2022-01-18,Bandung,West Java,Bandung,E-commerce,PT Nusantara Supply,OUT7439,Online Store,SP215,Snacks,Spicy Curl,SKU15430,21659,53,1147927,0.2076,238309.65,909617.35,Seasonal Promo,No,Credit Term,10
TRX2022113342,2022-12-28,Medan,North Sumatra,Medan,E-commerce,PT Nusantara Supply,OUT9992,Online Store,SP568,Candy,Caramel Drop Candy,SKU24821,46752,101,4721952,0.1913,903309.42,3818642.58,,No,Credit Term,4
TRX2022630273,2022-11-01,Bandung,West Java,Bandung,E-commerce,PT Maju Jaya Distribusi,OUT7026,Traditional Store,SP135,Snacks,Spicy Curl,SKU95422,24105,62,1494510,0.1979,295763.53,1198746.47,None,No,Cash,9
TRX2022761632,21/05/2022,Jakarta,DKI Jakarta,Jakarta,E-commerce,PT Maju Jaya Distribusi,OUT3701,Minimarket,SP199,Beverages,Choco Malt Drink,SKU74177,24764,158,3912712,0.2383,932399.27,2980312.73,Seasonal Promo,No,Transfer,13
TRX2022127260,2022-07-31,Yogyakarta,DI Yogyakarta,Yogyakarta,Distributor,PT Sinar Distribusi,OUT3256,Minimarket,SP219,Biscuits,Butter Crunch Biscuit,SKU80340,32144,118,3792992,0.0539,204442.27,3588549.73,Seasonal Promo,No,Cash,7
TRX2022647698,2022-03-10,Medan,North Sumatra,Medan,Modern Trade,,OUT6486,Minimarket,SP261,Biscuits,Butter Crunch Biscuit,SKU62602,18041,17,306697,0.2001,61370.07,245326.93,Seasonal Promo,No,Transfer,11
TRX2022149429,18/09/2022,Jakarta,DKI Jakarta,Jakarta,Modern Trade,PT Sinar Distribusi,OUT4844,Minimarket,SP373,Nuts,Honey Roasted Peanut,SKU86600,15527,111,1723497,0.1856,319881.04,1403615.96,,No,Cash,4
TRX2022773789,2022-05-21,Palembang,South Sumatra,Palembang,Distributor,PT Sinar Distribusi,OUT7963,Supermarket,SP998,Beverages,Choco Malt Drink,SKU75964,45013,185,8327405,0.1819,1514754.97,6812650.03,Bundle Promo,No,Transfer,1
TRX2022424540,2022-10-08,Palembang,South Sumatra,Palembang,Distributor,PT Sinar Distribusi,OUT4057,Supermarket,SP202,Biscuits,Butter Crunch Biscuit,SKU23547,8876,4,35504,0.0766,2719.61,32784.39,Bundle Promo,No,Cash,6
TRX2022636329,2022-02-27,Medan,North Sumatra,Medan,General Trade,PT Global Snack Dist,OUT9931,Supermarket,SP782,Nuts,Spicy Peanut Mix,SKU97477,20926,132,2762232,0.2061,569296.02,2192935.98,Retail Discount,No,Transfer,11
TRX2022344584,24/10/2022,Bandung,West Java,Bandung,General Trade,PT Sinar Distribusi,OUT7350,Supermarket,SP795,Snacks,Spicy Curl,SKU91508,11065,11,121715,0.1889,22991.96,98723.04,Bundle Promo,Yes,Credit Term,1
TRX2022877440,2022-05-23,Medan,North Sumatra,Medan,Distributor,PT Sinar Distribusi,OUT2303,Traditional Store,SP508,Candy,Fruit Jelly Candy,SKU56569,45524,33,1502292,0.1676,251784.14,1250507.86,None,No,Credit Term,14
TRX2022307800,29/04/2022,Semarang,Central Java,Semarang,General Trade,PT Maju Jaya Distribusi,OUT5788,Online Store,SP714,Beverages,Energy Cocoa Drink,SKU23951,9674,15,145110,0.0904,13117.94,131992.06,Retail Discount,No,Cash,9
TRX2022158342,15/09/2022,Semarang,Central Java,Semarang,General Trade,PT Nusantara Supply,OUT6244,Minimarket,SP310,Nuts,Salted Cashew Mix,SKU78173,26968,162,4368816,0.1238,540859.42,3827956.58,Seasonal Promo,No,Cash,3
TRX2022158691,24/11/2022,Semarang,Central Java,Semarang,Modern Trade,PT Global Snack Dist,OUT2986,Traditional Store,SP626,Nuts,Salted Cashew Mix,SKU91596,21953,128,2809984,0.0981,275659.43,2534324.57,,No,Cash,13
TRX2022510299,2022-05-25,Medan,North Sumatra,Medan,General Trade,PT Sinar Distribusi,OUT9775,Supermarket,SP664,Snacks,Crunchy Bite,SKU84954,20744,12,248928,0.0787,19590.63,229337.37,None,No,Transfer,3
TRX2022439635,2022-08-13,Yogyakarta,DI Yogyakarta,Yogyakarta,General Trade,,OUT1455,Minimarket,SP685,Candy,Fruit Jelly Candy,SKU95293,45281,48,2173488,0.232,504249.22,1669238.78,,No,Transfer,5
TRX2022724675,2022-04-26,Jakarta,DKI Jakarta,Jakarta,Modern Trade,PT Global Snack Dist,OUT3548,Traditional Store,SP688,Beverages,Nutri Grain Drink,SKU99628,6849,95,650655,0.2286,148739.73,501915.27,Retail Discount,No,Credit Term,4
TRX2022810576,23/02/2022,Semarang,Central Java,Semarang,General Trade,,OUT1972,Minimarket,SP622,Beverages,Energy Cocoa Drink,SKU24015,22622,27,610794,0.0003,183.24,610610.76,None,Yes,Cash,2
TRX2022770495,28/04/2022,Yogyakarta,DI Yogyakarta,Yogyakarta,Distributor,,OUT5733,Supermarket,SP722,Biscuits,Choco Delight Biscuit,SKU11700,42834,65,2784210,0.1977,550438.32,2233771.68,Bundle Promo,No,Cash,6
TRX2022160212,12/12/2022,Surabaya,East Java,Surabaya,Modern Trade,PT Maju Jaya Distribusi,OUT7809,Traditional Store,SP720,Biscuits,Butter Crunch Biscuit,SKU28381,5716,63,360108,0.0082,2952.89,357155.11,None,No,Transfer,12
TRX2022391724,24/06/2022,Surabaya,East Java,Surabaya,General Trade,PT Sinar Distribusi,OUT5076,Online Store,SP252,Beverages,Energy Cocoa Drink,SKU17666,13389,13,174057,0.226,39336.88,134720.12,Bundle Promo,No,Credit Term,9
TRX2022779640,2022-10-10,Bandung,West Java,Bandung,Modern Trade,PT Nusantara Supply,OUT2701,Traditional Store,SP952,Beverages,Choco Malt Drink,SKU13675,30850,107,3300950,0.1549,511317.16,2789632.84,Seasonal Promo,No,Credit Term,1
TRX2022823805,2022-08-30,Palembang,South Sumatra,Palembang,Distributor,PT Sinar Distribusi,OUT5735,Supermarket,SP392,Biscuits,Butter Crunch Biscuit,SKU10263,6501,136,884136,0.1147,101410.4,782725.6,Seasonal Promo,No,Credit Term,10
TRX2022540215,23/06/2022,Bandung,West Java,Bandung,Distributor,,OUT5945,Supermarket,SP423,Biscuits,Butter Crunch Biscuit,SKU62323,17595,117,2058615,0.011,22644.76,2035970.24,Bundle Promo,No,Transfer,1
TRX2022676715,27/12/2022,Makassar,South Sulawesi,Makassar,Modern Trade,PT Nusantara Supply,OUT1394,Supermarket,SP346,Biscuits,Butter Crunch Biscuit,SKU87321,34509,157,5417913,0.161,872283.99,4545629.01,None,No,Credit Term,7
TRX2022468781,06/11/2022,Jakarta,DKI Jakarta,Jakarta,E-commerce,PT Maju Jaya Distribusi,OUT4226,Supermarket,SP131,Nuts,Salted Cashew Mix,SKU22616,42676,52,2219152,0.2058,456701.48,1762450.52,Bundle Promo,No,Transfer,6
TRX2022622602,2022-01-08,Jakarta,DKI Jakarta,Jakarta,General Trade,PT Maju Jaya Distribusi,OUT7667,Online Store,SP994,Beverages,Energy Cocoa Drink,SKU80551,18848,193,3637664,0.0394,143323.96,3494340.04,Bundle Promo,No,Credit Term,13
TRX2022890607,2022-10-12,Surabaya,East Java,Surabaya,Distributor,PT Nusantara Supply,OUT4134,Minimarket,SP274,Snacks,Savory Chips,SKU97325,22926,97,2223822,0.163,362482.99,1861339.01,Bundle Promo,No,Transfer,2
TRX2022464876,17/12/2022,Semarang,Central Java,Semarang,Modern Trade,PT Nusantara Supply,OUT7480,Online Store,SP333,Beverages,Energy Cocoa Drink,SKU22862,40230,85,3419550,0.0279,95405.45,3324144.56,,No,Cash,4
TRX2022757444,2022-09-25,Surabaya,East Java,Surabaya,General Trade,PT Nusantara Supply,OUT7360,Supermarket,SP784,Snacks,Crunchy Bite,SKU69204,32023,138,4419174,0.0833,368117.19,4051056.81,Seasonal Promo,No,Credit Term,8
TRX2022456147,2022-10-03,Palembang,South Sumatra,Palembang,Distributor,PT Global Snack Dist,OUT7592,Supermarket,SP561,Candy,Fruit Jelly Candy,SKU44737,11546,22,254012,0.1573,39956.09,214055.91,Retail Discount,No,Credit Term,7
TRX2022107904,2022-12-02,Semarang,Central Java,Semarang,E-commerce,,OUT2507,Supermarket,SP482,Candy,Caramel Drop Candy,SKU10157,9783,26,254358,0.047,11954.83,242403.17,Retail Discount,No,Credit Term,5
TRX2022200408,22/03/2022,Semarang,Central Java,Semarang,E-commerce,PT Global Snack Dist,OUT1819,Minimarket,SP229,Candy,Mint Pop Candy,SKU90609,15692,182,2855944,0.0152,43410.35,2812533.65,Seasonal Promo,No,Cash,4
TRX2022307345,22/10/2022,Palembang,South Sumatra,Palembang,General Trade,PT Global Snack Dist,OUT4565,Minimarket,SP914,Biscuits,Butter Crunch Biscuit,SKU57348,19202,47,902494,0.2489,224630.76,677863.24,Retail Discount,No,Credit Term,9
TRX2022593376,27/08/2022,Surabaya,East Java,Surabaya,Distributor,,OUT5332,Minimarket,SP137,Biscuits,Butter Crunch Biscuit,SKU18018,37198,27,1004346,0.003,3013.04,1001332.96,None,No,Cash,10
TRX2022773028,03/03/2022,Bandung,West Java,Bandung,General Trade,PT Nusantara Supply,OUT2698,Online Store,SP895,Nuts,Salted Cashew Mix,SKU31405,21860,38,830680,0.1633,135650.04,695029.96,Bundle Promo,Yes,Credit Term,1
TRX2022686848,2022-01-13,Semarang,Central Java,Semarang,General Trade,PT Global Snack Dist,OUT7379,Traditional Store,SP664,Candy,Caramel Drop Candy,SKU60963,22351,10,223510,0.1808,40410.61,183099.39,None,No,Cash,14
TRX2022899671,2022-10-12,Bandung,West Java,Bandung,Modern Trade,PT Nusantara Supply,OUT1911,Supermarket,SP530,Snacks, Crunchy Bite ,SKU48565,12344,92,1135648,0.1084,123104.24,1012543.76,,No,Cash,7
TRX2022241997,05/09/2022,Yogyakarta,DI Yogyakarta,Yogyakarta,Distributor,PT Maju Jaya Distribusi,OUT9845,Supermarket,SP320,Beverages,Nutri Grain Drink,SKU27768,9341,60,560460,0.1052,58960.39,501499.61,Bundle Promo,No,Credit Term,6
TRX2022903236,2022-03-12,Makassar,South Sulawesi,Makassar,Distributor,PT Maju Jaya Distribusi,OUT7030,Online Store,SP549,Biscuits,Golden Cream Biscuit,SKU88476,16564,75,1242300,0.163,202494.9,1039805.1,Seasonal Promo,No,Credit Term,7
TRX2022369943,08/06/2022,Surabaya,East Java,Surabaya,General Trade,PT Maju Jaya Distribusi,OUT8231,Online Store,SP822,Candy,Fruit Jelly Candy,SKU36454,41754,64,2672256,0.0312,83374.39,2588881.61,Retail Discount,No,Transfer,12
TRX2022862558,2022-10-03,Jakarta,DKI Jakarta,Jakarta,E-commerce,,OUT1512,Traditional Store,SP746,Candy,Mint Pop Candy,SKU94594,43463,53,2303539,0.1179,271587.25,2031951.75,Bundle Promo,No,Cash,13
TRX2022836701,27/11/2022,Makassar,South Sulawesi,Makassar,Distributor,PT Global Snack Dist,OUT6791,Online Store,SP965,Snacks,Savory Chips,SKU51741,15526,81,1257606,0.1468,184616.56,1072989.44,None,No,Cash,10
TRX2022172618,2022-02-28,Palembang,South Sumatra,Palembang,Modern Trade,PT Maju Jaya Distribusi,OUT9277,Minimarket,SP158,Beverages,Energy Cocoa Drink,SKU86034,35162,94,3305228,0.1537,508013.54,2797214.46,,No,Cash,12
TRX2022161783,17/06/2022,Palembang,South Sumatra,Palembang,Distributor,PT Global Snack Dist,OUT8124,Minimarket,SP927,Snacks,Savory Chips,SKU42667,17354,67,1162718,0.2144,249286.74,913431.26,Bundle Promo,No,Transfer,11
TRX2022935320,2022-03-18,Yogyakarta,DI Yogyakarta,Yogyakarta,Distributor,PT Maju Jaya Distribusi,OUT8586,Online Store,SP591,Snacks,Spicy Curl,SKU75832,3870,74,286380,0.2252,64492.78,221887.22,Seasonal Promo,No,Cash,1
TRX2022568435,12/05/2022,Yogyakarta,DI Yogyakarta,Yogyakarta,E-commerce,PT Sinar Distribusi,OUT7175,Traditional Store,SP820,Candy,Fruit Jelly Candy,SKU68945,15625,98,1531250,0.1865,285578.12,1245671.88,None,No,Cash,3
TRX2022694858,14/03/2022,Jakarta,DKI Jakarta,Jakarta,General Trade,,OUT1484,Online Store,SP462,Nuts, Salted Cashew Mix ,SKU82336,43153,164,7077092,0.0213,150742.06,6926349.94,None,No,Transfer,12
TRX2022720416,2022-08-18,Semarang,Central Java,Semarang,Distributor,PT Maju Jaya Distribusi,OUT5173,Supermarket,SP998,Beverages,Nutri Grain Drink,SKU98280,13657,192,2622144,0.0739,193776.44,2428367.56,,No,Transfer,5
TRX2022799371,2022-02-05,Bandung,West Java,Bandung,Distributor,PT Maju Jaya Distribusi,OUT6876,Supermarket,SP749,Snacks,Spicy Curl,SKU93750,38429,178,6840362,0.0831,568434.08,6271927.92,,No,Transfer,1
TRX2022610004,2022-08-15,Jakarta,DKI Jakarta,Jakarta,Modern Trade,PT Global Snack Dist,OUT4390,Traditional Store,SP215,Beverages,Nutri Grain Drink,SKU53570,38704,24,928896,0.1999,185686.31,743209.69,Bundle Promo,No,Transfer,8
TRX2022643945,2022-11-25,Yogyakarta,DI Yogyakarta,Yogyakarta,Modern Trade,PT Global Snack Dist,OUT1941,Supermarket,SP311,Snacks,Savory Chips,SKU79691,30942,23,711666,0.0435,30957.47,680708.53,Bundle Promo,No,Credit Term,14
TRX2022776505,20/09/2022,Surabaya,East Java,Surabaya,E-commerce,PT Global Snack Dist,OUT9035,Minimarket,SP207,Biscuits,Golden Cream Biscuit,SKU15752,35619,80,2849520,0.0932,265575.26,2583944.74,Bundle Promo,No,Credit Term,1
TRX2022574554,2022-05-06,Bandung,West Java,Bandung,Modern Trade,PT Maju Jaya Distribusi,OUT3658,Supermarket,SP567,Beverages,Nutri Grain Drink,SKU35534,32728,4,130912,0.1768,23145.24,107766.76,Bundle Promo,No,Credit Term,2
TRX2022958569,2022-12-19,Palembang,South Sumatra,Palembang,E-commerce,PT Global Snack Dist,OUT4981,Minimarket,SP268,Candy,Mint Pop Candy,SKU33211,38406,183,7028298,0.1144,804037.29,6224260.71,None,No,Cash,11
TRX2022137894,2022-09-28,Jakarta,DKI Jakarta,Jakarta,General Trade,PT Maju Jaya Distribusi,OUT5126,Supermarket,SP117,Nuts,Spicy Peanut Mix,SKU14365,43969,104,4572776,0.0066,30180.32,4542595.68,Seasonal Promo,No,Transfer,13
TRX2022375957,11/12/2022,Makassar,South Sulawesi,Makassar,Modern Trade,PT Nusantara Supply,OUT9469,Online Store,SP823,Biscuits,Choco Delight Biscuit,SKU21246,5146,197,1013762,0.1889,191499.64,822262.36,Retail Discount,No,Transfer,5
TRX2022408693,23/03/2022,Yogyakarta,DI Yogyakarta,Yogyakarta,Modern Trade,PT Nusantara Supply,OUT4251,Supermarket,SP853,Beverages,Nutri Grain Drink,SKU52611,49615,7,347305,0.098,34035.89,313269.11,Seasonal Promo,No,Transfer,11
TRX2022327849,2022-05-06,Yogyakarta,DI Yogyakarta,Yogyakarta,General Trade,PT Nusantara Supply,OUT1664,Supermarket,SP580,Candy,Mint Pop Candy,SKU13893,13428,119,1597932,0.1341,214282.68,1383649.32,Retail Discount,No,Cash,8
TRX2022823369,2022-03-13,Semarang,Central Java,Semarang,General Trade,PT Sinar Distribusi,OUT3851,Supermarket,SP879,Beverages,Energy Cocoa Drink,SKU35730,35072,157,5506304,0.1638,901932.6,4604371.4,None,No,Credit Term,10
TRX2022858073,2022-06-12,Jakarta,DKI Jakarta,Jakarta,E-commerce,PT Global Snack Dist,OUT1532,Minimarket,SP121,Nuts, Honey Roasted Peanut ,SKU22313,8386,199,1668814,0.0874,145854.34,1522959.66,Seasonal Promo,No,Transfer,12
TRX2022876052,17/03/2022,Surabaya,East Java,Surabaya,Distributor,,OUT7739,Minimarket,SP141,Nuts,Spicy Peanut Mix,SKU35855,13367,30,401010,0.1795,71981.29,329028.71,None,No,Transfer,5
TRX2022710930,2022-07-26,Semarang,Central Java,Semarang,E-commerce,PT Sinar Distribusi,OUT2325,Traditional Store,SP816,Candy,Mint Pop Candy,SKU96213,49617,77,3820509,0.0097,37058.94,3783450.06,Retail Discount,No,Cash,10
TRX2022115686,04/08/2022,Makassar,South Sulawesi,Makassar,Distributor,PT Nusantara Supply,OUT7393,Traditional Store,SP373,Candy,Caramel Drop Candy,SKU67616,37889,81,3069009,0.0287,88080.56,2980928.44,Seasonal Promo,No,Credit Term,5
TRX2022551480,2022-12-28,Surabaya,East Java,Surabaya,E-commerce,PT Sinar Distribusi,OUT3307,Online Store,SP158,Beverages,Energy Cocoa Drink,SKU28469,28959,81,2345679,0.1094,256617.28,2089061.72,Bundle Promo,No,Cash,10
TRX2022611793,25/12/2022,Makassar,South Sulawesi,Makassar,General Trade,PT Nusantara Supply,OUT7025,Traditional Store,SP938,Snacks,Savory Chips,SKU97880,11773,142,1671766,0.155,259123.73,1412642.27,Seasonal Promo,No,Transfer,13
TRX2022484673,17/05/2022,Semarang,Central Java,Semarang,Modern Trade,PT Sinar Distribusi,OUT2130,Online Store,SP735,Beverages,Choco Malt Drink,SKU88485,27596,115,3173540,0.1699,539184.45,2634355.55,,No,Credit Term,6
TRX2022521118,2022-10-30,Semarang,Central Java,Semarang,General Trade,PT Global Snack Dist,OUT1331,Traditional Store,SP931,Snacks,Spicy Curl,SKU46427,13340,200,2668000,0.1741,464498.8,2203501.2,Bundle Promo,No,Credit Term,11
TRX2022337662,2022-07-29,Semarang,Central Java,Semarang,E-commerce,,OUT7553,Supermarket,SP883,Biscuits,Golden Cream Biscuit,SKU85536,5347,15,80205,0.2159,17316.26,62888.74,,No,Cash,8
TRX2022205526,20/01/2022,Palembang,South Sumatra,Palembang,General Trade,PT Maju Jaya Distribusi,OUT2492,Traditional Store,SP397,Biscuits,Butter Crunch Biscuit,SKU22322,4516,182,821912,0.0074,6082.15,815829.85,None,No,Credit Term,12
TRX2022364165,06/05/2022,Yogyakarta,DI Yogyakarta,Yogyakarta,Distributor,PT Sinar Distribusi,OUT8641,Online Store,SP177,Candy,Caramel Drop Candy,SKU32858,45998,38,1747924,0.1511,264111.32,1483812.68,Seasonal Promo,No,Credit Term,3
TRX2022212620,28/01/2022,Semarang,Central Java,Semarang,E-commerce,PT Nusantara Supply,OUT6182,Traditional Store,SP616,Snacks,Savory Chips,SKU25421,37645,20,752900,0.1794,135070.26,617829.74,,No,Transfer,6
TRX2022392375,2022-10-10,Bandung,West Java,Bandung,General Trade,PT Maju Jaya Distribusi,OUT4271,Online Store,SP661,Candy,Fruit Jelly Candy,SKU14851,36514,162,5915268,0.1648,974836.17,4940431.83,Bundle Promo,No,Cash,7
TRX2022848161,2022-06-20,Palembang,South Sumatra,Palembang,Distributor,PT Nusantara Supply,OUT8335,Online Store,SP969,Candy,Caramel Drop Candy,SKU62415,25266,20,505320,0.1171,59172.97,446147.03,Retail Discount,No,Transfer,8
TRX2022834363,08/12/2022,Surabaya,East Java,Surabaya,E-commerce,PT Global Snack Dist,OUT8432,Minimarket,SP602,Biscuits,Golden Cream Biscuit,SKU81479,12995,41,532795,0.1854,98780.19,434014.81,,No,Credit Term,14
TRX2022615057,10/04/2022,Makassar,South Sulawesi,Makassar,Modern Trade,,OUT5301,Supermarket,SP787,Biscuits, Golden Cream Biscuit ,SKU88189,43602,111,4839822,0.2049,991679.53,3848142.47,Bundle Promo,No,Credit Term,11
TRX2022911282,2022-01-04,Surabaya,East Java,Surabaya,Distributor,PT Nusantara Supply,OUT2300,Online Store,SP801,Nuts,Spicy Peanut Mix,SKU47288,21269,13,276497,0.1942,53695.72,222801.28,None,No,Credit Term,14
TRX2022362502,2022-06-22,Semarang,Central Java,Semarang,Modern Trade,PT Sinar Distribusi,OUT9845,Traditional Store,SP231,Beverages,Nutri Grain Drink,SKU33667,14361,88,1263768,0.0362,45748.4,1218019.6,None,No,Cash,14
TRX2022616142,15/08/2022,Semarang,Central Java,Semarang,Distributor,PT Sinar Distribusi,OUT3960,Minimarket,SP924,Snacks,Spicy Curl,SKU26191,28201,104,2932904,0.1319,386850.04,2546053.96,,No,Credit Term,13
TRX2022778489,2022-02-09,Semarang,Central Java,Semarang,General Trade,,OUT7998,Minimarket,SP978,Beverages,Choco Malt Drink,SKU20340,4506,165,743490,0.1424,105872.98,637617.02,Bundle Promo,No,Cash,3
TRX2022594987,19/08/2022,Jakarta,DKI Jakarta,Jakarta,Distributor,PT Nusantara Supply,OUT6007,Minimarket,SP950,Beverages, Energy Cocoa Drink ,SKU28695,29418,139,4089102,0.1797,734811.63,3354290.37,None,No,Credit Term,7
TRX2022454698,23/11/2022,Palembang,South Sumatra,Palembang,Distributor,,OUT7808,Minimarket,SP227,Snacks,Spicy Curl,SKU11834,5831,3,17493,0.1954,3418.13,14074.87,Retail Discount,No,Transfer,8
TRX2022146094,2022-06-10,Semarang,Central Java,Semarang,Distributor,PT Maju Jaya Distribusi,OUT7055,Traditional Store,SP852,Nuts,Honey Roasted Peanut,SKU38811,16550,168,2780400,0.0804,223544.16,2556855.84,,No,Credit Term,9
TRX2022307968,2022-06-07,Palembang,South Sumatra,Palembang,Modern Trade,PT Maju Jaya Distribusi,OUT2466,Online Store,SP806,Nuts,Honey Roasted Peanut,SKU33703,8116,53,430148,0.0275,11829.07,418318.93,Seasonal Promo,No,Credit Term,13
TRX2022895383,2022-07-30,Bandung,West Java,Bandung,Distributor,PT Maju Jaya Distribusi,OUT8303,Minimarket,SP441,Candy,Caramel Drop Candy,SKU56924,2562,24,61488,0.2128,13084.65,48403.35,,No,Credit Term,6
TRX2022213766,2022-05-12,Palembang,South Sumatra,Palembang,Modern Trade,PT Global Snack Dist,OUT3347,Traditional Store,SP793,Nuts,Honey Roasted Peanut,SKU46534,41514,127,5272278,0.1902,1002787.28,4269490.72,,No,Credit Term,10
TRX2022220440,2022-08-01,Bandung,West Java,Bandung,General Trade,PT Maju Jaya Distribusi,OUT3461,Supermarket,SP870,Candy, Caramel Drop Candy ,SKU91781,4022,187,752114,0.1874,140946.16,611167.84,Bundle Promo,No,Transfer,2
TRX2022866968,22/07/2022,Jakarta,DKI Jakarta,Jakarta,Distributor,PT Nusantara Supply,OUT4829,Online Store,SP175,Beverages,Choco Malt Drink,SKU93661,5751,186,1069686,0.0176,18826.47,1050859.53,Bundle Promo,No,Transfer,13
TRX2022896973,2022-01-24,Surabaya,East Java,Surabaya,Distributor,PT Maju Jaya Distribusi,OUT9186,Supermarket,SP242,Nuts,Honey Roasted Peanut,SKU37109,38472,6,230832,0.1235,28507.75,202324.25,Bundle Promo,No,Cash,13
TRX2022481312,11/02/2022,Surabaya,East Java,Surabaya,Modern Trade,,OUT1705,Minimarket,SP862,Biscuits,Butter Crunch Biscuit,SKU65262,29288,39,1142232,0.1111,126901.98,1015330.02,Seasonal Promo,No,Transfer,10
TRX2022507665,11/11/2022,Yogyakarta,DI Yogyakarta,Yogyakarta,Modern Trade,PT Nusantara Supply,OUT9961,Supermarket,SP437,Snacks,Spicy Curl,SKU44014,44367,58,2573286,0.2458,632513.7,1940772.3,Retail Discount,No,Cash,4
TRX2022646061,2022-02-21,Semarang,Central Java,Semarang,Distributor,PT Nusantara Supply,OUT3751,Online Store,SP800,Candy,Mint Pop Candy,SKU32422,15595,17,265115,0.0864,22905.94,242209.06,,No,Transfer,13
TRX2022928754,08/06/2022,Bandung,West Java,Bandung,General Trade,,OUT1198,Minimarket,SP823,Snacks,Crunchy Bite,SKU35230,17991,78,1403298,0.1734,243331.87,1159966.13,Bundle Promo,No,Transfer,10
TRX2022765901,2022-05-28,Surabaya,East Java,Surabaya,Distributor,PT Nusantara Supply,OUT9640,Traditional Store,SP196,Biscuits,Choco Delight Biscuit,SKU61970,34901,27,942327,0.142,133810.43,808516.57,Retail Discount,No,Credit Term,7
TRX2022346464,2022-07-13,Palembang,South Sumatra,Palembang,Modern Trade,,OUT8258,Supermarket,SP622,Beverages, Choco Malt Drink ,SKU59683,8196,111,909756,0.2067,188046.57,721709.43,Retail Discount,No,Transfer,10
TRX2022717197,2022-04-09,Yogyakarta,DI Yogyakarta,Yogyakarta,Modern Trade,PT Nusantara Supply,OUT2114,Traditional Store,SP465,Nuts,Spicy Peanut Mix,SKU61367,5295,61,322995,0.1947,62887.13,260107.87,Retail Discount,No,Credit Term,12
TRX2022693476,2022-10-21,Bandung,West Java,Bandung,E-commerce,PT Maju Jaya Distribusi,OUT9498,Online Store,SP951,Snacks,Spicy Curl,SKU67571,6751,59,398309,0.0168,6691.59,391617.41,Bundle Promo,No,Transfer,2
TRX2022257709,2022-12-18,Surabaya,East Java,Surabaya,Distributor,PT Sinar Distribusi,OUT7058,Minimarket,SP992,Snacks, Savory Chips ,SKU65994,27192,87,2365704,0.0984,232785.27,2132918.73,,Yes,Cash,13
TRX2022189962,2022-02-26,Palembang,South Sumatra,Palembang,Modern Trade,PT Maju Jaya Distribusi,OUT2285,Online Store,SP652,Beverages,Nutri Grain Drink,SKU92777,24097,43,1036171,0.1582,163922.25,872248.75,Bundle Promo,No,Cash,7
TRX2022863799,29/06/2022,Semarang,Central Java,Semarang,Modern Trade,PT Nusantara Supply,OUT7016,Supermarket,SP451,Candy,Caramel Drop Candy,SKU59112,13790,161,2220190,0.1817,403408.52,1816781.48,None,No,Credit Term,3
TRX2022995281,2022-01-13,Bandung,West Java,Bandung,Modern Trade,,OUT5203,Traditional Store,SP456,Beverages,Choco Malt Drink,SKU41829,6336,97,614592,0.2336,143568.69,471023.31,None,Yes,Cash,6
TRX2022508589,2022-07-13,Palembang,South Sumatra,Palembang,Modern Trade,PT Maju Jaya Distribusi,OUT4266,Online Store,SP878,Candy,Mint Pop Candy,SKU44926,19482,196,3818472,0.0222,84770.08,3733701.92,None,No,Credit Term,5
TRX2022779160,2022-03-07,Jakarta,DKI Jakarta,Jakarta,Distributor,PT Global Snack Dist,OUT7499,Minimarket,SP620,Snacks,Spicy Curl,SKU33990,37142,108,4011336,0.0861,345376.03,3665959.97,Retail Discount,No,Credit Term,1
TRX2022783786,30/03/2022,Medan,North Sumatra,Medan,Distributor,,OUT1953,Online Store,SP814,Nuts,Honey Roasted Peanut,SKU94061,19812,187,3704844,0.1671,619079.43,3085764.57,None,No,Cash,14
TRX2022184853,25/08/2022,Medan,North Sumatra,Medan,E-commerce,PT Global Snack Dist,OUT9427,Minimarket,SP525,Snacks,Spicy Curl,SKU33356,18711,11,205821,0.1154,23751.74,182069.26,Bundle Promo,No,Cash,4
TRX2022411911,2022-04-25,Semarang,Central Java,Semarang,Distributor,PT Nusantara Supply,OUT4521,Minimarket,SP530,Nuts,Honey Roasted Peanut,SKU89332,21285,6,127710,0.169,21582.99,106127.01,Seasonal Promo,No,Cash,7
TRX2022110669,2022-10-19,Yogyakarta,DI Yogyakarta,Yogyakarta,General Trade,,OUT5579,Supermarket,SP230,Candy,Fruit Jelly Candy,SKU83734,2184,59,128856,0.0674,8684.89,120171.11,Bundle Promo,No,Credit Term,2
TRX2022395127,19/04/2022,Bandung,West Java,Bandung,E-commerce,,OUT2826,Online Store,SP473,Candy, Caramel Drop Candy ,SKU18091,37972,38,1442936,0.0459,66230.76,1376705.24,Seasonal Promo,No,Cash,13
TRX2022655837,2022-07-07,Yogyakarta,DI Yogyakarta,Yogyakarta,Modern Trade,PT Sinar Distribusi,OUT2954,Minimarket,SP932,Snacks,Savory Chips,SKU58300,46857,128,5997696,0.0589,353264.29,5644431.71,None,No,Cash,13
TRX2022202131,22/05/2022,Bandung,West Java,Bandung,Modern Trade,PT Nusantara Supply,OUT1419,Traditional Store,SP614,Candy,Caramel Drop Candy,SKU42094,48203,40,1928120,0.1457,280927.08,1647192.92,Bundle Promo,No,Transfer,4
TRX2022388831,2022-09-01,Palembang,South Sumatra,Palembang,Distributor,PT Nusantara Supply,OUT2163,Traditional Store,SP224,Snacks, Crunchy Bite ,SKU20772,19222,102,1960644,0.1367,268020.03,1692623.97,Seasonal Promo,No,Cash,2
TRX2022380164,2022-10-21,Yogyakarta,DI Yogyakarta,Yogyakarta,Distributor,PT Maju Jaya Distribusi,OUT9414,Online Store,SP967,Beverages,Energy Cocoa Drink,SKU85056,4072,131,533432,0.0042,2240.41,531191.59,Retail Discount,No,Transfer,11
TRX2022518832,12/01/2022,Makassar,South Sulawesi,Makassar,Distributor,PT Maju Jaya Distribusi,OUT8276,Supermarket,SP691,Nuts, Spicy Peanut Mix ,SKU25182,44268,17,752556,0.1674,125977.87,626578.13,None,No,Transfer,2
TRX2022205943,2022-08-09,Semarang,Central Java,Semarang,Distributor,PT Sinar Distribusi,OUT6232,Supermarket,SP554,Biscuits,Butter Crunch Biscuit,SKU36642,42065,169,7108985,0.1667,1185067.8,5923917.2,Bundle Promo,No,Cash,9
TRX2022389854,2022-12-15,Medan,North Sumatra,Medan,E-commerce,PT Sinar Distribusi,OUT8923,Traditional Store,SP204,Nuts,Honey Roasted Peanut,SKU62025,46620,2,93240,0.0719,6703.96,86536.04,Retail Discount,No,Transfer,1
TRX2022431915,2022-01-12,Bandung,West Java,Bandung,General Trade,PT Sinar Distribusi,OUT4471,Supermarket,SP728,Candy,Mint Pop Candy,SKU10707,8802,8,70416,0.0526,3703.88,66712.12,,No,Transfer,4
TRX2022638416,2022-02-14,Semarang,Central Java,Semarang,Modern Trade,PT Nusantara Supply,OUT7145,Online Store,SP695,Nuts,Spicy Peanut Mix,SKU64906,27871,106,2954326,0.19,561321.94,2393004.06,,No,Transfer,1
TRX2022530527,2022-01-24,Yogyakarta,DI Yogyakarta,Yogyakarta,Modern Trade,PT Maju Jaya Distribusi,OUT6930,Minimarket,SP816,Candy,Caramel Drop Candy,SKU38500,40110,131,5254410,0.1291,678344.33,4576065.67,Seasonal Promo,No,Transfer,9
TRX2022689721,2022-01-26,Palembang,South Sumatra,Palembang,Distributor,PT Maju Jaya Distribusi,OUT6566,Minimarket,SP959,Candy,Caramel Drop Candy,SKU73213,49616,19,942704,0.1082,102000.57,840703.43,None,No,Transfer,13
TRX2022309862,2022-03-12,Jakarta,DKI Jakarta,Jakarta,General Trade,,OUT7844,Minimarket,SP745,Nuts, Spicy Peanut Mix ,SKU32981,7384,106,782704,0.1758,137599.36,645104.64,None,No,Transfer,6
TRX2022413426,25/05/2022,Semarang,Central Java,Semarang,Distributor,PT Sinar Distribusi,OUT5442,Supermarket,SP506,Biscuits,Golden Cream Biscuit,SKU99757,32014,64,2048896,0.145,297089.92,1751806.08,None,No,Credit Term,3
TRX2022835496,2022-01-31,Medan,North Sumatra,Medan,General Trade,PT Sinar Distribusi,OUT3070,Supermarket,SP366,Beverages,Nutri Grain Drink,SKU16080,19382,163,3159266,0.0767,242315.7,2916950.3,,Yes,Transfer,10
TRX2022341089,2022-11-30,Medan,North Sumatra,Medan,Distributor,,OUT7839,Online Store,SP633,Beverages,Choco Malt Drink,SKU39415,46734,124,5795016,0.0665,385368.56,5409647.44,Bundle Promo,No,Transfer,7
TRX2022532088,06/01/2022,Bandung,West Java,Bandung,Distributor,PT Nusantara Supply,OUT3903,Online Store,SP724,Snacks,Crunchy Bite,SKU11914,29758,171,5088618,0.194,987191.89,4101426.11,Bundle Promo,Yes,Transfer,5
TRX2022809897,13/06/2022,Bandung,West Java,Bandung,General Trade,PT Sinar Distribusi,OUT8105,Online Store,SP915,Snacks,Spicy Curl,SKU48771,13461,105,1413405,0.0368,52013.3,1361391.7,Retail Discount,No,Cash,12
TRX2022577659,2022-07-29,Palembang,South Sumatra,Palembang,Distributor,PT Sinar Distribusi,OUT9746,Traditional Store,SP725,Candy, Mint Pop Candy ,SKU13532,26083,52,1356316,0.1684,228403.61,1127912.39,,No,Transfer,7
TRX2022124077,12/03/2022,Bandung,West Java,Bandung,E-commerce,PT Global Snack Dist,OUT6261,Minimarket,SP125,Nuts,Spicy Peanut Mix,SKU67847,6732,147,989604,0.1916,189608.13,799995.87,Retail Discount,No,Cash,8
TRX2022387940,2022-03-05,Bandung,West Java,Bandung,Modern Trade,PT Global Snack Dist,OUT6411,Online Store,SP815,Candy,Mint Pop Candy,SKU99487,13359,98,1309182,0.2331,305170.32,1004011.68,Seasonal Promo,No,Transfer,6
TRX2022180925,2022-02-25,Bandung,West Java,Bandung,Distributor,PT Global Snack Dist,OUT4444,Minimarket,SP337,Nuts,Spicy Peanut Mix,SKU80242,25693,164,4213652,0.0489,206047.58,4007604.42,Retail Discount,No,Cash,10
TRX2022676833,2022-07-15,Surabaya,East Java,Surabaya,General Trade,,OUT2473,Online Store,SP691,Biscuits,Choco Delight Biscuit,SKU98798,15863,195,3093285,0.1292,399652.42,2693632.58,Bundle Promo,No,Cash,3
TRX2022982614,13/03/2022,Jakarta,DKI Jakarta,Jakarta,Distributor,PT Maju Jaya Distribusi,OUT9233,Traditional Store,SP933,Nuts,Spicy Peanut Mix,SKU27316,43336,150,6500400,0.0846,549933.84,5950466.16,Bundle Promo,No,Cash,14
TRX2022713362,27/08/2022,Yogyakarta,DI Yogyakarta,Yogyakarta,Distributor,PT Global Snack Dist,OUT5125,Online Store,SP550,Biscuits,Choco Delight Biscuit,SKU64599,16848,109,1836432,0.237,435234.38,1401197.62,Bundle Promo,Yes,Transfer,8
TRX2022334942,08/07/2022,Semarang,Central Java,Semarang,Modern Trade,,OUT6980,Online Store,SP801,Biscuits,Golden Cream Biscuit,SKU59689,7182,5,35910,0.1131,4061.42,31848.58,,No,Cash,8
TRX2022931180,2022-06-17,Palembang,South Sumatra,Palembang,Distributor,PT Maju Jaya Distribusi,OUT1596,Traditional Store,SP666,Nuts,Honey Roasted Peanut,SKU97139,20533,65,1334645,0.0421,56188.55,1278456.45,None,No,Transfer,7
TRX2022599545,2022-03-12,Jakarta,DKI Jakarta,Jakarta,General Trade,PT Nusantara Supply,OUT6703,Supermarket,SP401,Candy, Caramel Drop Candy ,SKU51938,3691,65,239915,0.0367,8804.88,231110.12,Retail Discount,No,Cash,8
TRX2022485191,06/10/2022,Surabaya,East Java,Surabaya,General Trade,PT Global Snack Dist,OUT8944,Minimarket,SP265,Candy,Caramel Drop Candy,SKU93089,25008,125,3126000,0.1125,351675.0,2774325.0,None,No,Cash,6
TRX2022583944,08/09/2022,Makassar,South Sulawesi,Makassar,Modern Trade,PT Global Snack Dist,OUT7692,Supermarket,SP309,Nuts, Salted Cashew Mix ,SKU80833,40467,47,1901949,0.0715,135989.35,1765959.65,,No,Transfer,2
TRX2022937741,2022-08-01,Bandung,West Java,Bandung,Modern Trade,PT Global Snack Dist,OUT2489,Supermarket,SP268,Candy,Caramel Drop Candy,SKU60487,32612,113,3685156,0.0183,67438.35,3617717.65,Retail Discount,No,Credit Term,13
TRX2022485742,02/10/2022,Surabaya,East Java,Surabaya,Distributor,PT Sinar Distribusi,OUT5333,Supermarket,SP140,Snacks, Savory Chips ,SKU26299,19173,158,3029334,0.0572,173277.9,2856056.1,Seasonal Promo,No,Transfer,11
TRX2022169253,2022-05-27,Palembang,South Sumatra,Palembang,General Trade,PT Global Snack Dist,OUT9606,Supermarket,SP534,Beverages,Energy Cocoa Drink,SKU95992,39279,189,7423731,0.0488,362278.07,7061452.93,Retail Discount,No,Credit Term,4
TRX2022902809,26/02/2022,Semarang,Central Java,Semarang,E-commerce,PT Nusantara Supply,OUT9667,Supermarket,SP896,Beverages,Nutri Grain Drink,SKU62816,48343,160,7734880,0.0552,426965.38,7307914.62,Retail Discount,No,Cash,5
TRX2022779447,09/04/2022,Makassar,South Sulawesi,Makassar,Distributor,PT Maju Jaya Distribusi,OUT1063,Traditional Store,SP545,Biscuits,Choco Delight Biscuit,SKU48794,2381,150,357150,0.0191,6821.56,350328.43,,No,Transfer,10
TRX2022905006,26/05/2022,Bandung,West Java,Bandung,Distributor,PT Nusantara Supply,OUT6904,Online Store,SP522,Candy,Fruit Jelly Candy,SKU58431,26612,162,4311144,0.0749,322904.69,3988239.31,Retail Discount,No,Cash,7
TRX2022940297,05/11/2022,Jakarta,DKI Jakarta,Jakarta,Distributor,,OUT4496,Traditional Store,SP630,Snacks,Crunchy Bite,SKU43982,8391,54,453114,0.0756,34255.42,418858.58,Seasonal Promo,No,Cash,11
TRX2022443476,2022-06-05,Makassar,South Sulawesi,Makassar,Distributor,PT Sinar Distribusi,OUT3912,Traditional Store,SP276,Nuts,Spicy Peanut Mix,SKU77979,14653,144,2110032,0.2256,476023.22,1634008.78,,No,Credit Term,9
TRX2022634166,01/06/2022,Jakarta,DKI Jakarta,Jakarta,Distributor,PT Maju Jaya Distribusi,OUT2128,Minimarket,SP853,Biscuits,Golden Cream Biscuit,SKU47486,7738,133,1029154,0.1791,184321.48,844832.52,Seasonal Promo,No,Transfer,4
TRX2022936167,2022-07-14,Jakarta,DKI Jakarta,Jakarta,E-commerce,PT Sinar Distribusi,OUT8110,Supermarket,SP814,Beverages,Energy Cocoa Drink,SKU68410,29620,78,2310360,0.1024,236580.86,2073779.14,None,No,Cash,1
TRX2022227033,08/10/2022,Palembang,South Sumatra,Palembang,E-commerce,PT Global Snack Dist,OUT4143,Traditional Store,SP374,Beverages,Choco Malt Drink,SKU89750,18206,42,764652,0.164,125402.93,639249.07,,No,Cash,8
TRX2022983471,2022-08-10,Semarang,Central Java,Semarang,Distributor,,OUT7663,Online Store,SP486,Snacks,Crunchy Bite,SKU92428,7682,55,422510,0.2473,104486.72,318023.28,None,No,Cash,13
TRX2022296486,22/11/2022,Palembang,South Sumatra,Palembang,General Trade,PT Nusantara Supply,OUT6302,Online Store,SP522,Snacks,Spicy Curl,SKU83054,7211,191,1377301,0.0256,35258.91,1342042.09,Seasonal Promo,No,Credit Term,9
TRX2022135691,12/05/2022,Yogyakarta,DI Yogyakarta,Yogyakarta,Modern Trade,,OUT8487,Online Store,SP606,Beverages,Choco Malt Drink,SKU42907,11394,105,1196370,0.2107,252075.16,944294.84,None,No,Credit Term,13
TRX2022950236,2022-08-13,Medan,North Sumatra,Medan,Distributor,PT Nusantara Supply,OUT7202,Minimarket,SP666,Candy,Mint Pop Candy,SKU70076,38012,115,4371380,0.0096,41965.25,4329414.75,,No,Credit Term,11
TRX2022761255,01/09/2022,Bandung,West Java,Bandung,General Trade,PT Maju Jaya Distribusi,OUT4253,Traditional Store,SP499,Snacks,Spicy Curl,SKU35847,13886,91,1263626,0.2288,289117.63,974508.37,Bundle Promo,No,Cash,4
TRX2022496102,2022-09-12,Surabaya,East Java,Surabaya,Distributor,PT Global Snack Dist,OUT2841,Traditional Store,SP883,Beverages,Nutri Grain Drink,SKU45191,25497,36,917892,0.1001,91880.99,826011.01,Bundle Promo,No,Cash,2
TRX2022217587,2022-04-12,Semarang,Central Java,Semarang,General Trade,PT Maju Jaya Distribusi,OUT5058,Online Store,SP538,Biscuits,Golden Cream Biscuit,SKU61491,38591,57,2199687,0.1284,282439.81,1917247.19,Retail Discount,No,Cash,9
TRX2022521118,01/04/2022,Yogyakarta,DI Yogyakarta,Yogyakarta,General Trade,,OUT7936,Minimarket,SP682,Snacks,Spicy Curl,SKU98602,44224,125,5528000,0.0023,12714.4,5515285.6,,No,Credit Term,13
TRX2022802013,28/10/2022,Semarang,Central Java,Semarang,General Trade,PT Sinar Distribusi,OUT1471,Minimarket,SP455,Nuts,Honey Roasted Peanut,SKU79729,3681,113,415953,0.0784,32610.72,383342.28,Bundle Promo,No,Credit Term,12
TRX2022763371,22/06/2022,Jakarta,DKI Jakarta,Jakarta,General Trade,,OUT1182,Online Store,SP847,Candy,Caramel Drop Candy,SKU36584,22513,8,180104,0.0432,7780.49,172323.51,Seasonal Promo,No,Credit Term,12
TRX2022841099,09/09/2022,Palembang,South Sumatra,Palembang,Modern Trade,PT Sinar Distribusi,OUT1491,Traditional Store,SP559,Beverages,Choco Malt Drink,SKU37720,27311,178,4861358,0.092,447244.94,4414113.06,None,No,Credit Term,3
TRX2022135984,26/08/2022,Medan,North Sumatra,Medan,Distributor,PT Nusantara Supply,OUT3014,Traditional Store,SP321,Nuts,Salted Cashew Mix,SKU86858,15445,139,2146855,0.0842,180765.19,1966089.81,None,No,Credit Term,12
TRX2022941004,2022-04-29,Makassar,South Sulawesi,Makassar,General Trade,PT Global Snack Dist,OUT1903,Online Store,SP318,Nuts,Honey Roasted Peanut,SKU57900,47235,135,6376725,0.125,797090.62,5579634.38,Bundle Promo,No,Credit Term,3
TRX2022401164,2022-04-03,Surabaya,East Java,Surabaya,Modern Trade,PT Sinar Distribusi,OUT7651,Traditional Store,SP119,Snacks, Spicy Curl ,SKU19466,3660,51,186660,0.205,38265.3,148394.7,Retail Discount,No,Transfer,1
TRX2022934613,2022-09-11,Surabaya,East Java,Surabaya,Distributor,PT Maju Jaya Distribusi,OUT3057,Traditional Store,SP982,Candy,Caramel Drop Candy,SKU38977,44868,127,5698236,0.1366,778379.04,4919856.96,None,Yes,Transfer,11
TRX2022348374,30/07/2022,Makassar,South Sulawesi,Makassar,E-commerce,PT Sinar Distribusi,OUT5849,Minimarket,SP259,Biscuits,Choco Delight Biscuit,SKU47996,29775,47,1399425,0.2043,285902.53,1113522.47,None,No,Cash,12
TRX2022656308,2022-01-11,Yogyakarta,DI Yogyakarta,Yogyakarta,Modern Trade,,OUT8251,Minimarket,SP184,Snacks,Spicy Curl,SKU77540,49626,176,8734176,0.0428,373822.73,8360353.27,Bundle Promo,No,Transfer,14
TRX2022451085,2022-12-30,Medan,North Sumatra,Medan,Modern Trade,PT Maju Jaya Distribusi,OUT1440,Minimarket,SP379,Beverages,Energy Cocoa Drink,SKU83315,16847,34,572798,0.023,13174.35,559623.65,Seasonal Promo,No,Credit Term,12
TRX2022418349,2022-04-12,Bandung,West Java,Bandung,Distributor,,OUT7971,Traditional Store,SP666,Candy,Caramel Drop Candy,SKU39328,2209,190,419710,0.1978,83018.64,336691.36,,No,Cash,13
TRX2022271100,2022-01-30,Yogyakarta,DI Yogyakarta,Yogyakarta,Modern Trade,,OUT6759,Supermarket,SP689,Biscuits,Butter Crunch Biscuit,SKU94950,43892,141,6188772,0.1627,1006913.2,5181858.8,Seasonal Promo,No,Transfer,3
TRX2022515751,30/03/2022,Yogyakarta,DI Yogyakarta,Yogyakarta,E-commerce,PT Nusantara Supply,OUT5568,Online Store,SP927,Snacks,Crunchy Bite,SKU55254,23037,90,2073330,0.0114,23635.96,2049694.04,,No,Cash,2
TRX2022448053,2022-08-29,Palembang,South Sumatra,Palembang,General Trade,PT Maju Jaya Distribusi,OUT1195,Minimarket,SP421,Snacks,Crunchy Bite,SKU84577,6275,4,25100,0.1397,3506.47,21593.53,Retail Discount,No,Credit Term,7
TRX2022387870,2022-06-01,Surabaya,East Java,Surabaya,Distributor,PT Sinar Distribusi,OUT2435,Online Store,SP776,Nuts,Spicy Peanut Mix,SKU71150,42670,23,981410,0.1747,171452.33,809957.67,,No,Credit Term,8
TRX2022485369,12/04/2022,Palembang,South Sumatra,Palembang,Distributor,PT Global Snack Dist,OUT4676,Minimarket,SP759,Nuts,Honey Roasted Peanut,SKU28457,33522,151,5061822,0.0992,502132.74,4559689.26,None,No,Cash,7
TRX2022294647,28/09/2022,Palembang,South Sumatra,Palembang,Modern Trade,,OUT6192,Traditional Store,SP174,Nuts,Salted Cashew Mix,SKU91933,39799,139,5532061,0.0152,84087.33,5447973.67,Retail Discount,No,Cash,9
TRX2022909163,2022-12-24,Makassar,South Sulawesi,Makassar,Modern Trade,,OUT6065,Traditional Store,SP404,Snacks,Crunchy Bite,SKU70648,44446,182,8089172,0.1753,1418031.85,6671140.15,Bundle Promo,No,Transfer,13
TRX2022306418,2022-08-07,Surabaya,East Java,Surabaya,General Trade,,OUT2217,Online Store,SP256,Beverages,Energy Cocoa Drink,SKU86347,19507,182,3550274,0.2197,779995.2,2770278.8,Seasonal Promo,No,Cash,10
TRX2022802469,05/04/2022,Surabaya,East Java,Surabaya,General Trade,PT Global Snack Dist,OUT9942,Minimarket,SP512,Nuts,Spicy Peanut Mix,SKU38184,37803,59,2230377,0.0969,216123.53,2014253.47,None,No,Credit Term,4
TRX2022629368,30/01/2022,Jakarta,DKI Jakarta,Jakarta,Distributor,,OUT9305,Minimarket,SP732,Biscuits, Golden Cream Biscuit ,SKU69981,12353,49,605297,0.0566,34259.81,571037.19,Bundle Promo,No,Credit Term,8
TRX2022592354,2022-02-02,Palembang,South Sumatra,Palembang,E-commerce,PT Global Snack Dist,OUT3358,Online Store,SP358,Nuts,Salted Cashew Mix,SKU30540,5267,2,10534,0.1631,1718.1,8815.9,Bundle Promo,No,Credit Term,1
TRX2022521118,15/03/2022,Medan,North Sumatra,Medan,E-commerce,,OUT2836,Minimarket,SP721,Candy,Mint Pop Candy,SKU67209,8816,12,105792,0.2477,26204.68,79587.32,Seasonal Promo,No,Credit Term,14
TRX2022356230,20/03/2022,Yogyakarta,DI Yogyakarta,Yogyakarta,Distributor,PT Nusantara Supply,OUT2480,Online Store,SP406,Snacks,Spicy Curl,SKU95449,10578,175,1851150,0.1268,234725.82,1616424.18,Retail Discount,No,Transfer,5
TRX2022273732,2022-04-20,Palembang,South Sumatra,Palembang,Distributor,PT Nusantara Supply,OUT1566,Supermarket,SP990,Candy,Fruit Jelly Candy,SKU60641,36830,123,4530090,0.1939,878384.45,3651705.55,,No,Cash,11
TRX2022610978,27/07/2022,Surabaya,East Java,Surabaya,General Trade,PT Maju Jaya Distribusi,OUT9903,Minimarket,SP246,Nuts,Spicy Peanut Mix,SKU47298,2001,197,394197,0.1341,52861.82,341335.18,Retail Discount,No,Credit Term,5
TRX2022714879,2022-06-26,Makassar,South Sulawesi,Makassar,Distributor,PT Global Snack Dist,OUT9155,Minimarket,SP599,Biscuits, Butter Crunch Biscuit ,SKU83629,48372,128,6191616,0.016,99065.86,6092550.14,Retail Discount,No,Transfer,10
TRX2022769292,2022-12-16,Medan,North Sumatra,Medan,Modern Trade,PT Global Snack Dist,OUT5745,Supermarket,SP695,Candy,Fruit Jelly Candy,SKU85834,39347,105,4131435,0.1723,711846.25,3419588.75,Retail Discount,No,Transfer,7
TRX2022943148,06/01/2022,Bandung,West Java,Bandung,General Trade,PT Nusantara Supply,OUT4930,Online Store,SP159,Biscuits,Choco Delight Biscuit,SKU18500,43354,98,4248692,0.1207,512817.12,3735874.88,,No,Credit Term,9
TRX2022988990,2022-04-28,Yogyakarta,DI Yogyakarta,Yogyakarta,General Trade,PT Global Snack Dist,OUT8625,Supermarket,SP594,Biscuits,Choco Delight Biscuit,SKU83319,13386,116,1552776,0.155,240680.28,1312095.72,,No,Credit Term,10
TRX2022272017,2022-05-09,Semarang,Central Java,Semarang,Distributor,PT Sinar Distribusi,OUT5652,Online Store,SP946,Candy,Mint Pop Candy,SKU50745,38519,51,1964469,0.1076,211376.86,1753092.14,None,No,Transfer,10
TRX2022344320,04/12/2022,Bandung,West Java,Bandung,Modern Trade,PT Nusantara Supply,OUT9162,Supermarket,SP100,Candy, Fruit Jelly Candy ,SKU83699,20986,67,1406062,0.0883,124155.27,1281906.73,Retail Discount,No,Transfer,9
TRX2022713291,2022-07-29,Jakarta,DKI Jakarta,Jakarta,E-commerce,PT Maju Jaya Distribusi,OUT5370,Online Store,SP916,Snacks,Crunchy Bite,SKU45179,48308,129,6231732,0.057,355208.72,5876523.28,Bundle Promo,No,Transfer,8
TRX2022463593,2022-09-19,Jakarta,DKI Jakarta,Jakarta,Modern Trade,PT Maju Jaya Distribusi,OUT7156,Online Store,SP459,Biscuits,Golden Cream Biscuit,SKU23673,40680,162,6590160,0.2305,1519031.88,5071128.12,,No,Cash,6
TRX2022194280,03/05/2022,Semarang,Central Java,Semarang,Distributor,PT Maju Jaya Distribusi,OUT9640,Supermarket,SP741,Nuts,Spicy Peanut Mix,SKU21291,17880,73,1305240,0.1676,218758.22,1086481.78,Retail Discount,No,Transfer,4
TRX2022867213,07/12/2022,Semarang,Central Java,Semarang,General Trade,PT Global Snack Dist,OUT6067,Online Store,SP605,Biscuits, Choco Delight Biscuit ,SKU78637,32529,152,4944408,0.1614,798027.45,4146380.55,,No,Credit Term,14
TRX2022318395,28/04/2022,Bandung,West Java,Bandung,Modern Trade,PT Sinar Distribusi,OUT7225,Minimarket,SP957,Nuts,Spicy Peanut Mix,SKU89616,8102,134,1085668,0.2034,220824.87,864843.13,Retail Discount,No,Cash,10
TRX2022136515,28/03/2022,Semarang,Central Java,Semarang,General Trade,PT Nusantara Supply,OUT1618,Online Store,SP146,Snacks,Crunchy Bite,SKU81013,8103,14,113442,0.2265,25694.61,87747.39,,No,Cash,8
TRX2022342129,21/05/2022,Semarang,Central Java,Semarang,Modern Trade,PT Nusantara Supply,OUT6218,Supermarket,SP472,Nuts,Spicy Peanut Mix,SKU40160,35313,144,5085072,0.1622,824798.68,4260273.32,Bundle Promo,No,Credit Term,10
TRX2022630301,02/09/2022,Medan,North Sumatra,Medan,Modern Trade,PT Maju Jaya Distribusi,OUT8514,Supermarket,SP194,Beverages, Nutri Grain Drink ,SKU25573,6117,136,831912,0.0581,48334.09,783577.91,None,No,Cash,10
TRX2022188072,03/05/2022,Surabaya,East Java,Surabaya,Distributor,PT Global Snack Dist,OUT5720,Traditional Store,SP370,Beverages,Choco Malt Drink,SKU57067,49754,54,2686716,0.1186,318644.52,2368071.48,,No,Credit Term,4
TRX2022672617,19/11/2022,Bandung,West Java,Bandung,Distributor,PT Global Snack Dist,OUT2521,Traditional Store,SP570,Candy,Fruit Jelly Candy,SKU70589,29558,176,5202208,0.2482,1291188.03,3911019.97,,No,Transfer,9
TRX2022551945,2022-07-28,Makassar,South Sulawesi,Makassar,Modern Trade,,OUT2698,Minimarket,SP331,Beverages,Nutri Grain Drink,SKU43019,3318,45,149310,0.2252,33624.61,115685.39,Retail Discount,No,Cash,1
TRX2022130051,2022-08-01,Surabaya,East Java,Surabaya,Modern Trade,,OUT4349,Online Store,SP913,Beverages,Energy Cocoa Drink,SKU99519,12644,59,745996,0.0658,49086.54,696909.46,None,No,Credit Term,4
TRX2022232392,07/08/2022,Semarang,Central Java,Semarang,General Trade,PT Nusantara Supply,OUT6013,Online Store,SP335,Candy,Caramel Drop Candy,SKU84985,48065,26,1249690,0.1265,158085.79,1091604.22,Bundle Promo,No,Credit Term,12
TRX2022570280,16/03/2022,Jakarta,DKI Jakarta,Jakarta,General Trade,PT Global Snack Dist,OUT9535,Online Store,SP564,Nuts,Salted Cashew Mix,SKU49003,9844,61,600484,0.1792,107606.73,492877.27,Bundle Promo,No,Credit Term,11
TRX2022469445,21/03/2022,Medan,North Sumatra,Medan,Distributor,,OUT2018,Online Store,SP279,Beverages,Energy Cocoa Drink,SKU53618,42869,28,1200332,0.106,127235.19,1073096.81,,No,Credit Term,8
TRX2022916972,12/07/2022,Bandung,West Java,Bandung,General Trade,PT Nusantara Supply,OUT2687,Online Store,SP289,Snacks,Spicy Curl,SKU21384,34502,88,3036176,0.1737,527383.77,2508792.23,Retail Discount,No,Cash,2
TRX2022645412,28/11/2022,Makassar,South Sulawesi,Makassar,Distributor,PT Sinar Distribusi,OUT6493,Traditional Store,SP346,Candy,Caramel Drop Candy,SKU10877,2189,102,223278,0.015,3349.17,219928.83,None,No,Transfer,11
TRX2022515215,04/08/2022,Surabaya,East Java,Surabaya,General Trade,,OUT2657,Online Store,SP570,Candy,Fruit Jelly Candy,SKU19996,35248,67,2361616,0.158,373135.33,1988480.67,Bundle Promo,No,Transfer,3
TRX2022368522,18/04/2022,Makassar,South Sulawesi,Makassar,Modern Trade,PT Nusantara Supply,OUT2494,Online Store,SP306,Snacks, Savory Chips ,SKU53054,17088,142,2426496,0.1329,322481.32,2104014.68,Bundle Promo,No,Credit Term,14
TRX2022918241,19/01/2022,Yogyakarta,DI Yogyakarta,Yogyakarta,Distributor,PT Maju Jaya Distribusi,OUT9491,Minimarket,SP462,Snacks,Spicy Curl,SKU40099,26494,117,3099798,0.0377,116862.38,2982935.62,Seasonal Promo,No,Credit Term,1
TRX2022477344,2022-10-18,Makassar,South Sulawesi,Makassar,Modern Trade,PT Nusantara Supply,OUT9866,Online Store,SP117,Beverages,Energy Cocoa Drink,SKU82942,24000,45,1080000,0.1914,206712.0,873288.0,Seasonal Promo,No,Transfer,8
TRX2022204888,31/03/2022,Palembang,South Sumatra,Palembang,E-commerce,,OUT5701,Traditional Store,SP441,Beverages,Nutri Grain Drink,SKU20330,17083,186,3177438,0.2364,751146.34,2426291.66,Seasonal Promo,No,Credit Term,8
TRX2022745763,08/11/2022,Makassar,South Sulawesi,Makassar,E-commerce,PT Nusantara Supply,OUT5219,Supermarket,SP975,Candy,Fruit Jelly Candy,SKU16680,46175,124,5725700,0.1595,913249.15,4812450.85,None,No,Transfer,12
TRX2022341625,13/03/2022,Jakarta,DKI Jakarta,Jakarta,E-commerce,PT Sinar Distribusi,OUT5738,Supermarket,SP563,Snacks,Savory Chips,SKU70337,46398,81,3758238,0.0533,200314.09,3557923.91,Bundle Promo,Yes,Transfer,13
TRX2022130215,2022-11-07,Makassar,South Sulawesi,Makassar,Modern Trade,,OUT3309,Minimarket,SP465,Biscuits,Golden Cream Biscuit,SKU24741,16248,119,1933512,0.1198,231634.74,1701877.26,Retail Discount,No,Cash,7
TRX2022593318,2022-05-03,Makassar,South Sulawesi,Makassar,Distributor,PT Global Snack Dist,OUT2992,Supermarket,SP853,Beverages,Choco Malt Drink,SKU14126,34895,105,3663975,0.2218,812669.66,2851305.34,Seasonal Promo,No,Cash,9
TRX2022663467,19/01/2022,Palembang,South Sumatra,Palembang,Distributor,PT Sinar Distribusi,OUT8749,Supermarket,SP606,Biscuits,Butter Crunch Biscuit,SKU20415,2671,175,467425,0.1381,64551.39,402873.61,,No,Credit Term,11
TRX2022539696,18/05/2022,Makassar,South Sulawesi,Makassar,E-commerce,PT Nusantara Supply,OUT3731,Online Store,SP260,Biscuits,Butter Crunch Biscuit,SKU97688,19849,69,1369581,0.0234,32048.2,1337532.8,Bundle Promo,No,Transfer,6
TRX2022884561,2022-07-20,Surabaya,East Java,Surabaya,E-commerce,PT Maju Jaya Distribusi,OUT8915,Supermarket,SP816,Biscuits,Golden Cream Biscuit,SKU72612,36003,61,2196183,0.1957,429793.01,1766389.99,Seasonal Promo,No,Credit Term,11
TRX2022309138,2022-10-21,Bandung,West Java,Bandung,General Trade,,OUT5563,Online Store,SP498,Beverages,Choco Malt Drink,SKU66620,49176,66,3245616,0.0157,50956.17,3194659.83,Bundle Promo,No,Credit Term,8
TRX2022321642,2022-06-13,Medan,North Sumatra,Medan,E-commerce,PT Nusantara Supply,OUT3578,Supermarket,SP963,Beverages,Nutri Grain Drink,SKU95125,46695,165,7704675,0.0884,681093.27,7023581.73,None,No,Credit Term,3
TRX2022218608,2022-02-26,Makassar,South Sulawesi,Makassar,General Trade,PT Sinar Distribusi,OUT4435,Supermarket,SP883,Snacks,Crunchy Bite,SKU44745,43746,58,2537268,0.2015,511259.5,2026008.5,Retail Discount,No,Cash,13
TRX2022522100,2022-12-23,Medan,North Sumatra,Medan,E-commerce,PT Nusantara Supply,OUT9356,Traditional Store,SP287,Biscuits,Choco Delight Biscuit,SKU67484,11616,64,743424,0.2163,160802.61,582621.39,Seasonal Promo,No,Transfer,4
TRX2022926950,2022-08-10,Palembang,South Sumatra,Palembang,General Trade,PT Sinar Distribusi,OUT2896,Online Store,SP239,Snacks,Savory Chips,SKU43261,43597,75,3269775,0.2413,788996.71,2480778.29,Retail Discount,No,Credit Term,14
TRX2022326553,2022-05-05,Yogyakarta,DI Yogyakarta,Yogyakarta,General Trade,PT Nusantara Supply,OUT5143,Supermarket,SP864,Nuts,Salted Cashew Mix,SKU84121,43058,112,4822496,0.2276,1097600.09,3724895.91,,No,Cash,3
TRX2022648334,2022-10-01,Medan,North Sumatra,Medan,E-commerce,PT Sinar Distribusi,OUT2114,Minimarket,SP182,Beverages,Energy Cocoa Drink,SKU85849,29958,160,4793280,0.1186,568483.01,4224796.99,Seasonal Promo,No,Transfer,7
TRX2022163831,29/03/2022,Jakarta,DKI Jakarta,Jakarta,General Trade,PT Sinar Distribusi,OUT5837,Supermarket,SP311,Biscuits,Butter Crunch Biscuit,SKU23974,43653,14,611142,0.097,59280.77,551861.23,Seasonal Promo,No,Transfer,4
TRX2022782887,2022-05-26,Surabaya,East Java,Surabaya,Distributor,,OUT7612,Minimarket,SP186,Biscuits,Choco Delight Biscuit,SKU51135,15883,159,2525397,0.0822,207587.63,2317809.37,None,No,Transfer,1
TRX2022824456,23/10/2022,Bandung,West Java,Bandung,E-commerce,PT Maju Jaya Distribusi,OUT8003,Traditional Store,SP330,Nuts,Honey Roasted Peanut,SKU53288,46518,96,4465728,0.1512,675218.07,3790509.93,,No,Transfer,2
TRX2022562084,11/10/2022,Palembang,South Sumatra,Palembang,Modern Trade,PT Sinar Distribusi,OUT5692,Supermarket,SP349,Biscuits, Choco Delight Biscuit ,SKU38018,46842,54,2529468,0.0676,170992.04,2358475.96,,No,Transfer,11
TRX2022699913,25/12/2022,Makassar,South Sulawesi,Makassar,General Trade,PT Maju Jaya Distribusi,OUT3686,Supermarket,SP779,Nuts,Spicy Peanut Mix,SKU23361,25684,96,2465664,0.2213,545651.44,1920012.56,Bundle Promo,No,Credit Term,1
TRX2022521118,2022-08-29,Surabaya,East Java,Surabaya,Distributor,PT Nusantara Supply,OUT4599,Online Store,SP435,Candy,Mint Pop Candy,SKU12975,3087,184,568008,0.2251,127858.6,440149.4,Retail Discount,No,Transfer,3
TRX2022752802,16/09/2022,Bandung,West Java,Bandung,General Trade,PT Nusantara Supply,OUT6859,Minimarket,SP622,Snacks,Spicy Curl,SKU72284,22515,114,2566710,0.2095,537725.74,2028984.25,Bundle Promo,No,Credit Term,13
TRX2022648627,19/07/2022,Surabaya,East Java,Surabaya,E-commerce,,OUT8103,Online Store,SP689,Beverages,Energy Cocoa Drink,SKU33205,6231,115,716565,0.2036,145892.63,570672.37,None,No,Credit Term,9
TRX2022515998,2022-12-04,Bandung,West Java,Bandung,Modern Trade,PT Global Snack Dist,OUT7109,Supermarket,SP682,Candy,Fruit Jelly Candy,SKU36793,29844,116,3461904,0.1245,431007.05,3030896.95,Bundle Promo,No,Credit Term,7
TRX2022852366,2022-07-23,Yogyakarta,DI Yogyakarta,Yogyakarta,General Trade,,OUT4003,Traditional Store,SP946,Candy,Mint Pop Candy,SKU90010,12248,77,943096,0.1636,154290.51,788805.49,,No,Transfer,5
TRX2022389880,20/12/2022,Jakarta,DKI Jakarta,Jakarta,General Trade,PT Maju Jaya Distribusi,OUT4542,Traditional Store,SP691,Biscuits,Butter Crunch Biscuit,SKU43020,45485,138,6276930,0.0688,431852.78,5845077.22,Seasonal Promo,Yes,Transfer,11
TRX2022276084,05/07/2022,Medan,North Sumatra,Medan,Modern Trade,PT Global Snack Dist,OUT4749,Minimarket,SP483,Nuts,Spicy Peanut Mix,SKU81808,17678,113,1997614,0.2255,450461.96,1547152.04,,No,Cash,12
TRX2022792481,09/05/2022,Jakarta,DKI Jakarta,Jakarta,Modern Trade,PT Global Snack Dist,OUT5591,Traditional Store,SP246,Beverages,Nutri Grain Drink,SKU17603,13892,79,1097468,0.0871,95589.46,1001878.54,Seasonal Promo,No,Transfer,11
TRX2022897585,13/12/2022,Medan,North Sumatra,Medan,E-commerce,PT Sinar Distribusi,OUT1387,Traditional Store,SP374,Candy,Caramel Drop Candy,SKU61179,37000,149,5513000,0.1666,918465.8,4594534.2,Seasonal Promo,No,Cash,4
TRX2022875469,2022-09-29,Bandung,West Java,Bandung,Distributor,,OUT3384,Supermarket,SP231,Nuts,Honey Roasted Peanut,SKU33937,40547,74,3000478,0.0578,173427.63,2827050.37,Retail Discount,No,Credit Term,1
TRX2022668789,04/04/2022,Palembang,South Sumatra,Palembang,E-commerce,PT Maju Jaya Distribusi,OUT3865,Minimarket,SP984,Beverages,Nutri Grain Drink,SKU65713,9076,15,136140,0.1898,25839.37,110300.63,None,No,Cash,5
TRX2022803377,2022-08-04,Semarang,Central Java,Semarang,E-commerce,PT Nusantara Supply,OUT2935,Minimarket,SP107,Beverages,Nutri Grain Drink,SKU48430,15647,72,1126584,0.1241,139809.07,986774.93,Seasonal Promo,Yes,Cash,12
TRX2022210922,07/01/2022,Palembang,South Sumatra,Palembang,General Trade,PT Global Snack Dist,OUT1804,Traditional Store,SP758,Candy,Caramel Drop Candy,SKU48489,9685,3,29055,0.2002,5816.81,23238.19,None,No,Transfer,4
TRX2022539107,2022-09-10,Jakarta,DKI Jakarta,Jakarta,Modern Trade,PT Nusantara Supply,OUT8765,Online Store,SP908,Beverages,Energy Cocoa Drink,SKU99926,21201,180,3816180,0.0694,264842.89,3551337.11,Seasonal Promo,No,Credit Term,14
TRX2022469971,20/05/2022,Bandung,West Java,Bandung,General Trade,PT Nusantara Supply,OUT4336,Traditional Store,SP596,Biscuits,Choco Delight Biscuit,SKU92237,19328,4,77312,0.0071,548.92,76763.08,,No,Transfer,1
TRX2022960364,25/04/2022,Makassar,South Sulawesi,Makassar,E-commerce,PT Global Snack Dist,OUT8110,Online Store,SP788,Beverages,Nutri Grain Drink,SKU66300,14495,2,28990,0.1816,5264.58,23725.42,Seasonal Promo,No,Transfer,3
TRX2022618466,21/11/2022,Surabaya,East Java,Surabaya,Distributor,PT Sinar Distribusi,OUT4760,Supermarket,SP866,Nuts,Salted Cashew Mix,SKU89699,2332,135,314820,0.0272,8563.1,306256.9,Bundle Promo,Yes,Credit Term,13
TRX2022538031,12/10/2022,Makassar,South Sulawesi,Makassar,Distributor,PT Nusantara Supply,OUT3535,Online Store,SP532,Nuts,Salted Cashew Mix,SKU77437,20179,21,423759,0.1369,58012.61,365746.39,Bundle Promo,No,Cash,14
TRX2022525161,2022-07-08,Makassar,South Sulawesi,Makassar,General Trade,PT Maju Jaya Distribusi,OUT2161,Traditional Store,SP214,Snacks,Crunchy Bite,SKU67989,39932,21,838572,0.0111,9308.15,829263.85,Seasonal Promo,No,Transfer,1
TRX2022466511,20/11/2022,Surabaya,East Java,Surabaya,General Trade,PT Global Snack Dist,OUT3640,Online Store,SP344,Candy,Fruit Jelly Candy,SKU42876,36524,125,4565500,0.032,146096.0,4419404.0,Retail Discount,No,Credit Term,13
TRX2022997758,2022-06-17,Jakarta,DKI Jakarta,Jakarta,Modern Trade,,OUT6586,Traditional Store,SP846,Nuts,Spicy Peanut Mix,SKU28081,5427,5,27135,0.0959,2602.25,24532.75,Bundle Promo,No,Transfer,6
TRX2022737750,20/04/2022,Medan,North Sumatra,Medan,Modern Trade,PT Global Snack Dist,OUT8601,Traditional Store,SP388,Nuts,Spicy Peanut Mix,SKU50355,13001,133,1729133,0.2445,422773.02,1306359.98,Seasonal Promo,No,Credit Term,5
TRX2022927940,2022-06-01,Bandung,West Java,Bandung,General Trade,PT Nusantara Supply,OUT9635,Supermarket,SP958,Candy,Caramel Drop Candy,SKU15424,6586,48,316128,0.1014,32055.38,284072.62,,No,Cash,4
TRX2022174696,24/08/2022,Makassar,South Sulawesi,Makassar,Distributor,PT Global Snack Dist,OUT5502,Supermarket,SP469,Biscuits,Choco Delight Biscuit,SKU31983,29330,94,2757020,0.0354,97598.51,2659421.49,Seasonal Promo,No,Transfer,6
TRX2022298123,2022-11-22,Makassar,South Sulawesi,Makassar,General Trade,PT Maju Jaya Distribusi,OUT9462,Traditional Store,SP654,Candy,Caramel Drop Candy,SKU27922,3610,30,108300,0.2258,24454.14,83845.86,None,No,Cash,12
TRX2022582494,2022-12-03,Jakarta,DKI Jakarta,Jakarta,Modern Trade,PT Global Snack Dist,OUT4147,Online Store,SP593,Candy,Caramel Drop Candy,SKU41393,13665,131,1790115,0.0916,163974.53,1626140.47,,No,Transfer,6
TRX2022913713,2022-08-03,Palembang,South Sumatra,Palembang,General Trade,PT Maju Jaya Distribusi,OUT2902,Traditional Store,SP864,Nuts,Spicy Peanut Mix,SKU51574,18437,114,2101818,0.0899,188953.44,1912864.56,Retail Discount,No,Transfer,13
TRX2022791501,13/11/2022,Makassar,South Sulawesi,Makassar,E-commerce,PT Maju Jaya Distribusi,OUT1611,Traditional Store,SP403,Snacks,Crunchy Bite,SKU94777,23202,194,4501188,0.1685,758450.18,3742737.82,,No,Cash,10
TRX2022185730,06/12/2022,Surabaya,East Java,Surabaya,General Trade,PT Nusantara Supply,OUT6034,Supermarket,SP497,Nuts,Spicy Peanut Mix,SKU91482,25566,18,460188,0.1023,47077.23,413110.77,Retail Discount,No,Transfer,3
TRX2022980891,2022-09-21,Yogyakarta,DI Yogyakarta,Yogyakarta,General Trade,PT Global Snack Dist,OUT5226,Supermarket,SP182,Beverages, Nutri Grain Drink ,SKU55157,42618,39,1662102,0.1955,324940.94,1337161.06,Bundle Promo,Yes,Credit Term,13
TRX2022967653,2022-12-28,Semarang,Central Java,Semarang,Distributor,PT Maju Jaya Distribusi,OUT5938,Traditional Store,SP921,Nuts,Honey Roasted Peanut,SKU24462,5508,153,842724,0.2204,185736.37,656987.63,,Yes,Cash,13
TRX2022293201,20/11/2022,Palembang,South Sumatra,Palembang,General Trade,PT Global Snack Dist,OUT1030,Supermarket,SP593,Biscuits,Golden Cream Biscuit,SKU39388,29485,71,2093435,0.1192,249537.45,1843897.55,Bundle Promo,Yes,Transfer,10
TRX2022925112,2022-05-21,Palembang,South Sumatra,Palembang,Modern Trade,,OUT7174,Online Store,SP746,Snacks,Spicy Curl,SKU45777,26254,60,1575240,0.2192,345292.61,1229947.39,Bundle Promo,No,Credit Term,4
TRX2022865859,2022-11-24,Medan,North Sumatra,Medan,Distributor,PT Global Snack Dist,OUT5324,Supermarket,SP857,Snacks, Crunchy Bite ,SKU49419,41545,2,83090,0.0879,7303.61,75786.39,Retail Discount,Yes,Cash,14
TRX2022339513,2022-02-13,Semarang,Central Java,Semarang,Distributor,PT Maju Jaya Distribusi,OUT9192,Supermarket,SP184,Snacks, Spicy Curl ,SKU92349,3937,47,185039,0.1091,20187.75,164851.25,None,No,Cash,2
TRX2022668044,18/07/2022,Semarang,Central Java,Semarang,General Trade,PT Nusantara Supply,OUT6328,Traditional Store,SP850,Nuts,Spicy Peanut Mix,SKU85877,7493,47,352171,0.1713,60326.89,291844.11,Retail Discount,No,Cash,5
TRX2022962254,09/12/2022,Bandung,West Java,Bandung,E-commerce,PT Nusantara Supply,OUT2196,Traditional Store,SP982,Beverages,Choco Malt Drink,SKU75471,20774,68,1412632,0.0416,58765.49,1353866.51,,No,Credit Term,1
TRX2022356082,21/09/2022,Palembang,South Sumatra,Palembang,Modern Trade,PT Global Snack Dist,OUT5237,Traditional Store,SP765,Beverages,Energy Cocoa Drink,SKU62133,4359,49,213591,0.1387,29625.07,183965.93,None,No,Credit Term,11
TRX2022872409,18/09/2022,Makassar,South Sulawesi,Makassar,E-commerce,PT Maju Jaya Distribusi,OUT2365,Online Store,SP983,Biscuits,Golden Cream Biscuit,SKU62355,11161,174,1942014,0.1672,324704.74,1617309.26,Retail Discount,No,Transfer,11
TRX2022589196,21/12/2022,Bandung,West Java,Bandung,E-commerce,PT Nusantara Supply,OUT9126,Online Store,SP290,Candy,Mint Pop Candy,SKU16073,46227,50,2311350,0.2384,551025.84,1760324.16,Bundle Promo,No,Credit Term,4
TRX2022297231,06/04/2022,Semarang,Central Java,Semarang,E-commerce,PT Sinar Distribusi,OUT4078,Traditional Store,SP640,Snacks,Savory Chips,SKU38287,45979,115,5287585,0.0034,17977.79,5269607.21,,No,Credit Term,7
TRX2022199745,2022-07-11,Bandung,West Java,Bandung,Modern Trade,,OUT8426,Supermarket,SP151,Candy,Mint Pop Candy,SKU51081,41413,127,5259451,0.0594,312411.39,4947039.61,,No,Transfer,4
TRX2022341188,25/02/2022,Makassar,South Sulawesi,Makassar,Distributor,PT Global Snack Dist,OUT3960,Online Store,SP137,Beverages,Nutri Grain Drink,SKU55013,10047,15,150705,0.0338,5093.83,145611.17,Bundle Promo,No,Cash,1
TRX2022556611,2022-08-20,Bandung,West Java,Bandung,General Trade,PT Maju Jaya Distribusi,OUT6442,Supermarket,SP589,Beverages,Energy Cocoa Drink,SKU37213,40359,70,2825130,0.1224,345795.91,2479334.09,Bundle Promo,No,Credit Term,4
TRX2022498456,2022-09-07,Jakarta,DKI Jakarta,Jakarta,Distributor,,OUT2676,Online Store,SP200,Candy,Fruit Jelly Candy,SKU90532,44866,20,897320,0.1074,96372.17,800947.83,Retail Discount,No,Credit Term,3
TRX2022296404,2022-09-09,Medan,North Sumatra,Medan,E-commerce,PT Nusantara Supply,OUT7686,Online Store,SP633,Nuts,Salted Cashew Mix,SKU35104,24026,178,4276628,0.0447,191165.27,4085462.73,Bundle Promo,No,Credit Term,4
TRX2022107335,2022-09-28,Makassar,South Sulawesi,Makassar,General Trade,,OUT5038,Supermarket,SP132,Nuts,Honey Roasted Peanut,SKU44693,11951,78,932178,0.2406,224282.03,707895.97,None,No,Credit Term,12
TRX2022568333,04/10/2022,Yogyakarta,DI Yogyakarta,Yogyakarta,E-commerce,,OUT3491,Supermarket,SP795,Beverages,Nutri Grain Drink,SKU85607,2486,100,248600,0.0212,5270.32,243329.68,None,No,Credit Term,5
TRX2022879693,26/12/2022,Surabaya,East Java,Surabaya,E-commerce,PT Maju Jaya Distribusi,OUT1977,Traditional Store,SP108,Biscuits,Butter Crunch Biscuit,SKU14216,14638,100,1463800,0.1065,155894.7,1307905.3,Retail Discount,No,Credit Term,3
TRX2022651162,2022-06-06,Jakarta,DKI Jakarta,Jakarta,E-commerce,PT Nusantara Supply,OUT4638,Traditional Store,SP487,Snacks,Savory Chips,SKU96530,47218,119,5618942,0.14,786651.88,4832290.12,Retail Discount,No,Cash,6
TRX2022319941,2022-08-14,Surabaya,East Java,Surabaya,Distributor,PT Sinar Distribusi,OUT2017,Traditional Store,SP892,Candy,Fruit Jelly Candy,SKU75301,47526,118,5608068,0.0371,208059.32,5400008.68,None,No,Credit Term,11
TRX2022885451,21/01/2022,Medan,North Sumatra,Medan,Modern Trade,PT Sinar Distribusi,OUT6247,Minimarket,SP792,Biscuits,Butter Crunch Biscuit,SKU18720,36309,161,5845749,0.1468,858155.95,4987593.05,,No,Transfer,2
TRX2022518520,24/07/2022,Medan,North Sumatra,Medan,General Trade,PT Global Snack Dist,OUT9234,Minimarket,SP471,Nuts,Honey Roasted Peanut,SKU29487,42829,119,5096651,0.1841,938293.45,4158357.55,None,No,Cash,4
TRX2022682565,2022-09-03,Yogyakarta,DI Yogyakarta,Yogyakarta,E-commerce,,OUT2688,Online Store,SP582,Beverages,Nutri Grain Drink,SKU82873,12388,86,1065368,0.0135,14382.47,1050985.53,Seasonal Promo,No,Cash,8
TRX2022484725,2022-11-30,Bandung,West Java,Bandung,Modern Trade,PT Sinar Distribusi,OUT4200,Online Store,SP184,Candy, Fruit Jelly Candy ,SKU44462,17634,151,2662734,0.084,223669.66,2439064.34,None,No,Cash,2
TRX2022497528,23/11/2022,Semarang,Central Java,Semarang,E-commerce,,OUT5968,Traditional Store,SP130,Beverages,Nutri Grain Drink,SKU16840,28443,116,3299388,0.2015,664826.68,2634561.32,Retail Discount,No,Credit Term,1
TRX2022567953,07/06/2022,Bandung,West Java,Bandung,Modern Trade,,OUT1976,Minimarket,SP233,Nuts,Salted Cashew Mix,SKU93194,31138,88,2740144,0.2447,670513.24,2069630.76,None,No,Cash,10
TRX2022466378,2022-01-21,Yogyakarta,DI Yogyakarta,Yogyakarta,Modern Trade,,OUT7559,Minimarket,SP287,Nuts,Spicy Peanut Mix,SKU32333,24087,133,3203571,0.0616,197339.97,3006231.03,None,No,Transfer,11
TRX2022130445,04/03/2022,Surabaya,East Java,Surabaya,General Trade,PT Nusantara Supply,OUT3314,Minimarket,SP443,Beverages,Nutri Grain Drink,SKU86753,5852,88,514976,0.154,79306.3,435669.7,,No,Cash,8
TRX2022998787,2022-11-10,Makassar,South Sulawesi,Makassar,Modern Trade,PT Nusantara Supply,OUT4063,Minimarket,SP761,Candy,Mint Pop Candy,SKU92413,8405,92,773260,0.0313,24203.04,749056.96,Seasonal Promo,No,Credit Term,5
TRX2022562808,2022-07-31,Medan,North Sumatra,Medan,Distributor,PT Nusantara Supply,OUT4707,Minimarket,SP953,Beverages,Choco Malt Drink,SKU24131,12099,52,629148,0.0624,39258.84,589889.16,Bundle Promo,No,Credit Term,10
TRX2022755413,2022-01-05,Semarang,Central Java,Semarang,General Trade,,OUT5784,Minimarket,SP886,Nuts,Spicy Peanut Mix,SKU30509,35646,184,6558864,0.0373,244645.63,6314218.37,None,No,Transfer,3
TRX2022117440,31/08/2022,Medan,North Sumatra,Medan,General Trade,PT Nusantara Supply,OUT1867,Online Store,SP177,Nuts,Spicy Peanut Mix,SKU74166,10487,49,513863,0.1846,94859.11,419003.89,Retail Discount,No,Cash,5
TRX2022667695,2022-09-26,Bandung,West Java,Bandung,General Trade,PT Nusantara Supply,OUT3889,Minimarket,SP869,Biscuits,Choco Delight Biscuit,SKU53921,38883,151,5871333,0.1485,871892.95,4999440.05,,No,Transfer,7
TRX2022991472,2022-07-21,Semarang,Central Java,Semarang,E-commerce,PT Global Snack Dist,OUT6340,Minimarket,SP758,Biscuits,Golden Cream Biscuit,SKU34428,39900,79,3152100,0.0285,89834.85,3062265.15,Retail Discount,No,Cash,9
TRX2022210640,2022-01-03,Bandung,West Java,Bandung,E-commerce,PT Sinar Distribusi,OUT7623,Traditional Store,SP192,Nuts,Honey Roasted Peanut,SKU47569,12265,132,1618980,0.0455,73663.59,1545316.41,None,No,Cash,1
TRX2022974924,16/07/2022,Makassar,South Sulawesi,Makassar,E-commerce,PT Global Snack Dist,OUT5568,Minimarket,SP190,Candy, Fruit Jelly Candy ,SKU80907,6858,123,843534,0.0806,67988.84,775545.16,None,No,Transfer,1
TRX2022915370,2022-07-22,Medan,North Sumatra,Medan,Modern Trade,,OUT2117,Supermarket,SP179,Snacks,Savory Chips,SKU56296,10201,8,81608,0.002,163.22,81444.78,,No,Credit Term,2
TRX2022900157,2022-03-16,Palembang,South Sumatra,Palembang,E-commerce,PT Nusantara Supply,OUT5903,Online Store,SP707,Biscuits,Golden Cream Biscuit,SKU14862,13279,1,13279,0.182,2416.78,10862.22,,No,Credit Term,1
TRX2022537405,27/10/2022,Jakarta,DKI Jakarta,Jakarta,E-commerce,PT Global Snack Dist,OUT6501,Online Store,SP998,Nuts,Salted Cashew Mix,SKU73578,44608,31,1382848,0.1408,194705.0,1188143.0,,No,Credit Term,12
TRX2022927122,2022-08-02,Yogyakarta,DI Yogyakarta,Yogyakarta,Modern Trade,PT Global Snack Dist,OUT1151,Minimarket,SP334,Nuts,Honey Roasted Peanut,SKU73929,31906,77,2456762,0.0268,65841.22,2390920.78,Retail Discount,No,Cash,4
TRX2022127073,22/04/2022,Semarang,Central Java,Semarang,General Trade,PT Maju Jaya Distribusi,OUT3856,Online Store,SP404,Beverages,Energy Cocoa Drink,SKU68351,9822,115,1129530,0.1188,134188.16,995341.84,Seasonal Promo,Yes,Cash,11
TRX2022971159,2022-08-24,Bandung,West Java,Bandung,General Trade,PT Sinar Distribusi,OUT2847,Minimarket,SP521,Beverages,Energy Cocoa Drink,SKU73852,30399,150,4559850,0.1977,901482.34,3658367.66,Retail Discount,No,Transfer,11
TRX2022151423,19/06/2022,Makassar,South Sulawesi,Makassar,Modern Trade,PT Maju Jaya Distribusi,OUT7853,Minimarket,SP985,Candy, Caramel Drop Candy ,SKU62936,40661,86,3496846,0.216,755318.74,2741527.26,,No,Cash,13
TRX2022744407,11/12/2022,Semarang,Central Java,Semarang,E-commerce,PT Sinar Distribusi,OUT8272,Supermarket,SP417,Nuts, Salted Cashew Mix ,SKU35004,43469,84,3651396,0.1554,567426.94,3083969.06,Retail Discount,No,Cash,4
TRX2022461836,2022-11-08,Palembang,South Sumatra,Palembang,E-commerce,PT Global Snack Dist,OUT9317,Traditional Store,SP125,Beverages,Choco Malt Drink,SKU82365,2442,180,439560,0.1005,44175.78,395384.22,,No,Transfer,4
TRX2022101490,2022-08-28,Yogyakarta,DI Yogyakarta,Yogyakarta,Modern Trade,,OUT2969,Traditional Store,SP939,Snacks,Savory Chips,SKU31158,20626,62,1278812,0.122,156015.06,1122796.94,,No,Transfer,7
TRX2022904798,2022-09-16,Surabaya,East Java,Surabaya,General Trade,PT Maju Jaya Distribusi,OUT2741,Supermarket,SP209,Biscuits,Butter Crunch Biscuit,SKU46630,36666,2,73332,0.243,17819.68,55512.32,Seasonal Promo,No,Transfer,2
TRX2022206632,2022-06-22,Yogyakarta,DI Yogyakarta,Yogyakarta,Modern Trade,,OUT7469,Minimarket,SP250,Snacks,Spicy Curl,SKU99295,28109,23,646507,0.1987,128460.94,518046.06,Seasonal Promo,No,Transfer,5
TRX2022186932,2022-03-28,Yogyakarta,DI Yogyakarta,Yogyakarta,General Trade,PT Sinar Distribusi,OUT9916,Traditional Store,SP163,Snacks,Crunchy Bite,SKU89400,30075,123,3699225,0.0976,361044.36,3338180.64,,No,Credit Term,13
TRX2022497835,20/08/2022,Jakarta,DKI Jakarta,Jakarta,Modern Trade,PT Global Snack Dist,OUT9509,Traditional Store,SP250,Nuts,Salted Cashew Mix,SKU68921,39827,38,1513426,0.1195,180854.41,1332571.59,Bundle Promo,No,Credit Term,1
TRX2022847652,26/11/2022,Jakarta,DKI Jakarta,Jakarta,General Trade,PT Maju Jaya Distribusi,OUT8853,Traditional Store,SP562,Snacks,Savory Chips,SKU84825,48214,70,3374980,0.0089,30037.32,3344942.68,Bundle Promo,No,Cash,5
TRX2022103155,29/01/2022,Bandung,West Java,Bandung,Distributor,PT Nusantara Supply,OUT1375,Minimarket,SP278,Biscuits,Golden Cream Biscuit,SKU85003,10623,78,828594,0.1015,84102.29,744491.71,None,No,Transfer,7
TRX2022968890,2022-12-10,Yogyakarta,DI Yogyakarta,Yogyakarta,Modern Trade,PT Maju Jaya Distribusi,OUT2990,Online Store,SP685,Candy,Mint Pop Candy,SKU38912,15564,54,840456,0.15,126068.4,714387.6,Bundle Promo,No,Transfer,11
TRX2022940145,2022-11-02,Surabaya,East Java,Surabaya,E-commerce,PT Maju Jaya Distribusi,OUT8784,Minimarket,SP621,Candy,Mint Pop Candy,SKU41868,48997,186,9113442,0.1107,1008858.03,8104583.97,Retail Discount,No,Cash,9
TRX2022983812,18/03/2022,Makassar,South Sulawesi,Makassar,Modern Trade,PT Global Snack Dist,OUT6505,Traditional Store,SP522,Snacks, Savory Chips ,SKU60044,11135,33,367455,0.1186,43580.16,323874.84,Retail Discount,No,Cash,11
TRX2022462567,2022-01-04,Makassar,South Sulawesi,Makassar,Distributor,PT Maju Jaya Distribusi,OUT6165,Online Store,SP580,Candy, Caramel Drop Candy ,SKU19563,20387,1,20387,0.0443,903.14,19483.86,Seasonal Promo,No,Credit Term,13
TRX2022405169,2022-10-02,Yogyakarta,DI Yogyakarta,Yogyakarta,Modern Trade,,OUT4070,Traditional Store,SP129,Biscuits,Choco Delight Biscuit,SKU82119,39955,134,5353970,0.1956,1047236.53,4306733.47,Retail Discount,No,Credit Term,13
TRX2022662772,12/06/2022,Surabaya,East Java,Surabaya,Distributor,PT Sinar Distribusi,OUT3295,Online Store,SP376,Snacks,Spicy Curl,SKU69746,13858,68,942344,0.183,172448.95,769895.05,Retail Discount,No,Credit Term,9
TRX2022966394,2022-02-04,Jakarta,DKI Jakarta,Jakarta,Modern Trade,PT Global Snack Dist,OUT8242,Traditional Store,SP251,Snacks,Spicy Curl,SKU75528,14819,154,2282126,0.1607,366737.65,1915388.35,None,No,Cash,3
TRX2022834574,2022-12-13,Bandung,West Java,Bandung,Modern Trade,PT Nusantara Supply,OUT1844,Traditional Store,SP681,Beverages,Choco Malt Drink,SKU19935,10086,167,1684362,0.1075,181068.92,1503293.08,None,No,Cash,9
TRX2022404535,2022-08-03,Jakarta,DKI Jakarta,Jakarta,Modern Trade,PT Sinar Distribusi,OUT6777,Online Store,SP493,Beverages,Energy Cocoa Drink,SKU71702,37338,29,1082802,0.0199,21547.76,1061254.24,Seasonal Promo,Yes,Transfer,3
TRX2022787164,23/11/2022,Bandung,West Java,Bandung,Modern Trade,PT Nusantara Supply,OUT1729,Online Store,SP646,Nuts, Honey Roasted Peanut ,SKU47475,13045,119,1552355,0.1262,195907.2,1356447.8,Bundle Promo,No,Credit Term,6
TRX2022287975,2022-07-21,Bandung,West Java,Bandung,General Trade,PT Maju Jaya Distribusi,OUT1255,Supermarket,SP524,Snacks,Savory Chips,SKU22633,11310,69,780390,0.2287,178475.19,601914.81,Seasonal Promo,No,Cash,7
TRX2022480913,2022-05-20,Jakarta,DKI Jakarta,Jakarta,E-commerce,PT Sinar Distribusi,OUT7134,Online Store,SP409,Beverages,Nutri Grain Drink,SKU51521,10253,199,2040347,0.0592,120788.54,1919558.46,None,No,Transfer,14
TRX2022869178,25/05/2022,Bandung,West Java,Bandung,Distributor,PT Global Snack Dist,OUT8799,Minimarket,SP632,Biscuits,Choco Delight Biscuit,SKU70277,42528,124,5273472,0.1792,945006.18,4328465.82,Seasonal Promo,No,Transfer,6
TRX2022598965,26/12/2022,Surabaya,East Java,Surabaya,E-commerce,,OUT3216,Online Store,SP471,Beverages,Energy Cocoa Drink,SKU49542,21945,181,3972045,0.0512,203368.7,3768676.3,Retail Discount,No,Transfer,9
TRX2022715307,2022-02-24,Jakarta,DKI Jakarta,Jakarta,Modern Trade,PT Global Snack Dist,OUT9548,Minimarket,SP450,Candy,Fruit Jelly Candy,SKU18065,49649,27,1340523,0.0214,28687.19,1311835.81,Bundle Promo,No,Transfer,4
TRX2022335047,2022-09-29,Medan,North Sumatra,Medan,General Trade,PT Maju Jaya Distribusi,OUT7416,Minimarket,SP945,Snacks,Spicy Curl,SKU36753,41204,102,4202808,0.1037,435831.19,3766976.81,Retail Discount,No,Transfer,10
TRX2022216882,2022-04-09,Yogyakarta,DI Yogyakarta,Yogyakarta,E-commerce,PT Sinar Distribusi,OUT5706,Traditional Store,SP749,Beverages,Energy Cocoa Drink,SKU61006,8722,139,1212358,0.1025,124266.69,1088091.3,Seasonal Promo,No,Cash,7
TRX2022376800,2022-06-05,Makassar,South Sulawesi,Makassar,General Trade,PT Maju Jaya Distribusi,OUT7453,Supermarket,SP698,Beverages,Choco Malt Drink,SKU97487,29034,43,1248462,0.0811,101250.27,1147211.73,None,No,Cash,3
TRX2022206805,02/07/2022,Palembang,South Sumatra,Palembang,E-commerce,PT Nusantara Supply,OUT1746,Online Store,SP538,Biscuits, Butter Crunch Biscuit ,SKU17246,44890,42,1885380,0.2238,421948.04,1463431.96,Retail Discount,No,Credit Term,3
TRX2022645295,2022-01-09,Medan,North Sumatra,Medan,Modern Trade,PT Global Snack Dist,OUT6080,Traditional Store,SP237,Beverages,Choco Malt Drink,SKU28233,47637,93,4430241,0.1998,885162.15,3545078.85,Bundle Promo,No,Transfer,5
TRX2022796036,2022-10-04,Surabaya,East Java,Surabaya,Modern Trade,,OUT6968,Online Store,SP510,Snacks,Savory Chips,SKU76485,24540,77,1889580,0.2146,405503.87,1484076.13,,No,Transfer,7
TRX2022944105,2022-12-04,Jakarta,DKI Jakarta,Jakarta,General Trade,PT Sinar Distribusi,OUT4780,Online Store,SP924,Biscuits,Choco Delight Biscuit,SKU47618,37049,165,6113085,0.1936,1183493.26,4929591.74,Seasonal Promo,No,Credit Term,9
TRX2022227610,08/04/2022,Surabaya,East Java,Surabaya,General Trade,,OUT4710,Supermarket,SP554,Candy,Fruit Jelly Candy,SKU66521,47162,73,3442826,0.0246,84693.52,3358132.48,Retail Discount,No,Credit Term,7
TRX2022838290,16/06/2022,Surabaya,East Java,Surabaya,Distributor,PT Nusantara Supply,OUT3630,Supermarket,SP440,Beverages,Nutri Grain Drink,SKU18303,19377,81,1569537,0.0926,145339.13,1424197.87,,No,Cash,2
TRX2022370725,2022-01-13,Bandung,West Java,Bandung,Distributor,,OUT1591,Minimarket,SP110,Nuts,Honey Roasted Peanut,SKU41773,32851,10,328510,0.0127,4172.08,324337.92,Bundle Promo,No,Cash,7
TRX2022171352,18/03/2022,Surabaya,East Java,Surabaya,E-commerce,,OUT2251,Traditional Store,SP684,Nuts,Salted Cashew Mix,SKU98574,30250,22,665500,0.1911,127177.05,538322.95,Retail Discount,No,Credit Term,12
TRX2022439650,2022-08-10,Palembang,South Sumatra,Palembang,Modern Trade,,OUT8222,Online Store,SP489,Biscuits,Golden Cream Biscuit,SKU94874,43476,10,434760,0.0521,22651.0,412109.0,Retail Discount,No,Transfer,9
TRX2022449326,05/09/2022,Semarang,Central Java,Semarang,General Trade,PT Sinar Distribusi,OUT7345,Traditional Store,SP601,Candy,Fruit Jelly Candy,SKU50082,34960,47,1643120,0.1982,325666.38,1317453.62,,No,Transfer,12
TRX2022335512,13/08/2022,Bandung,West Java,Bandung,E-commerce,PT Global Snack Dist,OUT1522,Minimarket,SP348,Snacks,Savory Chips,SKU33169,12083,28,338324,0.0669,22633.88,315690.12,Bundle Promo,No,Cash,6
TRX2022424687,2022-12-27,Surabaya,East Java,Surabaya,Distributor,PT Nusantara Supply,OUT4132,Online Store,SP140,Biscuits,Butter Crunch Biscuit,SKU38453,23937,91,2178267,0.0777,169251.35,2009015.65,None,Yes,Transfer,13
TRX2022918348,07/04/2022,Palembang,South Sumatra,Palembang,General Trade,PT Nusantara Supply,OUT9280,Online Store,SP260,Snacks,Crunchy Bite,SKU56435,30790,130,4002700,0.0304,121682.08,3881017.92,Bundle Promo,No,Transfer,3
TRX2022782936,2022-04-05,Semarang,Central Java,Semarang,E-commerce,PT Sinar Distribusi,OUT2075,Supermarket,SP602,Biscuits,Golden Cream Biscuit,SKU24583,22111,113,2498543,0.0847,211626.59,2286916.41,None,No,Credit Term,2
TRX2022350939,25/03/2022,Surabaya,East Java,Surabaya,Modern Trade,PT Global Snack Dist,OUT6473,Traditional Store,SP905,Biscuits, Butter Crunch Biscuit ,SKU63977,32293,160,5166880,0.1777,918154.58,4248725.42,Bundle Promo,No,Cash,9
TRX2022725037,2022-04-23,Medan,North Sumatra,Medan,Modern Trade,,OUT6761,Traditional Store,SP504,Candy,Mint Pop Candy,SKU95122,29778,66,1965348,0.221,434341.91,1531006.09,Seasonal Promo,No,Transfer,7
TRX2022390812,2022-09-23,Jakarta,DKI Jakarta,Jakarta,E-commerce,PT Global Snack Dist,OUT9863,Online Store,SP756,Nuts,Honey Roasted Peanut,SKU44845,47126,134,6314884,0.2034,1284447.41,5030436.59,Bundle Promo,No,Cash,1
TRX2022330458,2022-07-26,Makassar,South Sulawesi,Makassar,Modern Trade,PT Global Snack Dist,OUT9689,Traditional Store,SP271,Candy,Mint Pop Candy,SKU15602,27604,180,4968720,0.101,501840.72,4466879.28,Seasonal Promo,No,Cash,12
TRX2022630847,27/12/2022,Jakarta,DKI Jakarta,Jakarta,E-commerce,PT Global Snack Dist,OUT1481,Supermarket,SP727,Snacks,Spicy Curl,SKU81109,34256,95,3254320,0.0029,9437.53,3244882.47,None,No,Credit Term,11
TRX2022499910,2022-07-21,Palembang,South Sumatra,Palembang,Distributor,PT Nusantara Supply,OUT1587,Traditional Store,SP722,Biscuits,Golden Cream Biscuit,SKU49623,20886,11,229746,0.1128,25915.35,203830.65,Retail Discount,No,Cash,14
TRX2022395655,25/08/2022,Yogyakarta,DI Yogyakarta,Yogyakarta,Modern Trade,PT Maju Jaya Distribusi,OUT7548,Online Store,SP810,Beverages,Energy Cocoa Drink,SKU59463,16993,33,560769,0.1435,80470.35,480298.65,Retail Discount,No,Credit Term,11
TRX2022199347,2022-04-25,Surabaya,East Java,Surabaya,Modern Trade,,OUT7089,Traditional Store,SP883,Beverages,Energy Cocoa Drink,SKU50340,38296,157,6012472,0.1227,737730.31,5274741.69,,No,Cash,1
TRX2022503455,21/08/2022,Palembang,South Sumatra,Palembang,Distributor,PT Global Snack Dist,OUT6118,Minimarket,SP202,Biscuits, Butter Crunch Biscuit ,SKU36202,49515,118,5842770,0.1272,743200.34,5099569.66,Retail Discount,No,Transfer,7
TRX2022771692,2022-10-13,Yogyakarta,DI Yogyakarta,Yogyakarta,Distributor,PT Nusantara Supply,OUT4132,Traditional Store,SP899,Biscuits,Golden Cream Biscuit,SKU86833,6176,87,537312,0.1639,88065.44,449246.56,,No,Transfer,11
TRX2022624448,03/09/2022,Bandung,West Java,Bandung,Modern Trade,PT Maju Jaya Distribusi,OUT8699,Supermarket,SP148,Snacks,Crunchy Bite,SKU14312,19073,92,1754716,0.1295,227235.72,1527480.28,Seasonal Promo,No,Credit Term,8
TRX2022924547,16/03/2022,Yogyakarta,DI Yogyakarta,Yogyakarta,E-commerce,,OUT6794,Supermarket,SP939,Nuts,Honey Roasted Peanut,SKU45715,45465,200,9093000,0.0634,576496.2,8516503.8,Bundle Promo,No,Transfer,6
TRX2022521118,2022-02-23,Jakarta,DKI Jakarta,Jakarta,E-commerce,PT Sinar Distribusi,OUT5257,Online Store,SP489,Beverages,Energy Cocoa Drink,SKU88537,47823,38,1817274,0.0473,85957.06,1731316.94,Bundle Promo,No,Cash,3
TRX2022433886,2022-09-22,Bandung,West Java,Bandung,Modern Trade,PT Sinar Distribusi,OUT1545,Supermarket,SP647,Candy,Fruit Jelly Candy,SKU90822,2574,145,373230,0.1562,58298.53,314931.47,None,No,Credit Term,9
TRX2022211625,2022-02-18,Yogyakarta,DI Yogyakarta,Yogyakarta,Distributor,PT Nusantara Supply,OUT8159,Traditional Store,SP113,Snacks,Crunchy Bite,SKU68720,10465,88,920920,0.1039,95683.59,825236.41,,No,Cash,3
TRX2022679014,2022-08-01,Surabaya,East Java,Surabaya,E-commerce,PT Nusantara Supply,OUT8184,Supermarket,SP944,Biscuits,Golden Cream Biscuit,SKU46306,29604,196,5802384,0.0486,281995.86,5520388.14,Retail Discount,No,Credit Term,4
TRX2022779468,04/08/2022,Semarang,Central Java,Semarang,E-commerce,PT Nusantara Supply,OUT7650,Traditional Store,SP878,Nuts,Spicy Peanut Mix,SKU98172,33265,23,765095,0.0733,56081.46,709013.54,None,No,Cash,2
TRX2022610710,2022-08-24,Medan,North Sumatra,Medan,General Trade,,OUT9444,Minimarket,SP484,Snacks,Savory Chips,SKU43585,10244,186,1905384,0.1948,371168.8,1534215.2,Seasonal Promo,No,Cash,8
TRX2022958247,31/12/2022,Medan,North Sumatra,Medan,General Trade,PT Global Snack Dist,OUT2995,Minimarket,SP659,Candy,Mint Pop Candy,SKU24214,7230,131,947130,0.1104,104563.15,842566.85,None,No,Credit Term,5
TRX2022535831,2022-01-18,Medan,North Sumatra,Medan,E-commerce,PT Global Snack Dist,OUT4264,Minimarket,SP110,Candy,Mint Pop Candy,SKU18073,21174,38,804612,0.1513,121737.8,682874.2,Retail Discount,No,Transfer,10
TRX2022144841,2022-08-24,Surabaya,East Java,Surabaya,Distributor,PT Maju Jaya Distribusi,OUT6897,Supermarket,SP130,Candy,Fruit Jelly Candy,SKU43668,8314,11,91454,0.1597,14605.2,76848.8,Seasonal Promo,No,Credit Term,8
TRX2022494230,01/10/2022,Yogyakarta,DI Yogyakarta,Yogyakarta,General Trade,PT Global Snack Dist,OUT4075,Minimarket,SP516,Snacks,Savory Chips,SKU41567,29376,187,5493312,0.1232,676776.04,4816535.96,,No,Cash,4
TRX2022162770,2022-09-25,Bandung,West Java,Bandung,General Trade,PT Nusantara Supply,OUT9016,Minimarket,SP990,Nuts,Salted Cashew Mix,SKU17449,38594,165,6368010,0.0996,634253.8,5733756.2,Retail Discount,No,Transfer,6
TRX2022837016,11/11/2022,Yogyakarta,DI Yogyakarta,Yogyakarta,E-commerce,PT Global Snack Dist,OUT3860,Minimarket,SP738,Candy,Fruit Jelly Candy,SKU96986,22101,71,1569171,0.1293,202893.81,1366277.19,None,No,Cash,11
TRX2022962474,2022-12-30,Semarang,Central Java,Semarang,Distributor,PT Maju Jaya Distribusi,OUT7893,Online Store,SP783,Beverages,Choco Malt Drink,SKU78421,17396,18,313128,0.0107,3350.47,309777.53,Seasonal Promo,No,Cash,6
TRX2022437616,02/06/2022,Surabaya,East Java,Surabaya,Modern Trade,,OUT6250,Online Store,SP799,Candy,Fruit Jelly Candy,SKU47429,25829,68,1756372,0.058,101869.58,1654502.42,Retail Discount,No,Credit Term,6
TRX2022220159,2022-03-21,Surabaya,East Java,Surabaya,E-commerce,PT Nusantara Supply,OUT3479,Traditional Store,SP759,Biscuits, Golden Cream Biscuit ,SKU55125,41708,105,4379340,0.2495,1092645.33,3286694.67,,No,Cash,5
TRX2022935712,2022-07-02,Makassar,South Sulawesi,Makassar,Distributor,PT Sinar Distribusi,OUT2238,Traditional Store,SP148,Biscuits,Choco Delight Biscuit,SKU69433,6157,90,554130,0.1783,98801.38,455328.62,,No,Transfer,3
TRX2022118925,01/03/2022,Semarang,Central Java,Semarang,General Trade,PT Nusantara Supply,OUT9816,Supermarket,SP439,Snacks,Spicy Curl,SKU38770,19025,150,2853750,0.2133,608704.88,2245045.12,Retail Discount,No,Cash,14
TRX2022893966,16/01/2022,Bandung,West Java,Bandung,General Trade,PT Sinar Distribusi,OUT7304,Traditional Store,SP379,Biscuits,Golden Cream Biscuit,SKU47378,32321,111,3587631,0.1718,616355.01,2971275.99,Bundle Promo,No,Cash,12
TRX2022211988,2022-11-17,Semarang,Central Java,Semarang,Modern Trade,PT Sinar Distribusi,OUT4634,Online Store,SP611,Biscuits,Choco Delight Biscuit,SKU79699,35113,98,3441074,0.0647,222637.49,3218436.51,,No,Transfer,9
TRX2022785192,03/06/2022,Jakarta,DKI Jakarta,Jakarta,Distributor,,OUT7197,Traditional Store,SP108,Candy,Caramel Drop Candy,SKU90956,43803,56,2452968,0.0379,92967.49,2360000.51,Seasonal Promo,No,Cash,6
TRX2022123536,22/01/2022,Palembang,South Sumatra,Palembang,Modern Trade,PT Global Snack Dist,OUT1168,Online Store,SP542,Candy,Fruit Jelly Candy,SKU11933,29490,124,3656760,0.1779,650537.6,3006222.4,Retail Discount,No,Cash,14
TRX2022337391,2022-01-28,Semarang,Central Java,Semarang,General Trade,PT Maju Jaya Distribusi,OUT5000,Minimarket,SP816,Snacks,Savory Chips,SKU60371,10359,130,1346670,0.1052,141669.68,1205000.32,None,No,Cash,6
TRX2022333872,16/05/2022,Semarang,Central Java,Semarang,Modern Trade,PT Global Snack Dist,OUT6113,Traditional Store,SP245,Nuts,Salted Cashew Mix,SKU47176,29087,78,2268786,0.1433,325117.03,1943668.97,Seasonal Promo,No,Credit Term,3
TRX2022105241,2022-04-19,Palembang,South Sumatra,Palembang,Modern Trade,PT Nusantara Supply,OUT7549,Supermarket,SP735,Beverages,Choco Malt Drink,SKU24661,13288,48,637824,0.0492,31380.94,606443.06,Seasonal Promo,No,Transfer,13
TRX2022519240,2022-05-30,Makassar,South Sulawesi,Makassar,E-commerce,PT Global Snack Dist,OUT7170,Minimarket,SP395,Beverages,Choco Malt Drink,SKU57665,47509,18,855162,0.1,85516.2,769645.8,None,No,Credit Term,10
TRX2022462377,2022-03-25,Makassar,South Sulawesi,Makassar,Modern Trade,,OUT5218,Online Store,SP376,Biscuits, Butter Crunch Biscuit ,SKU73299,31144,184,5730496,0.0547,313458.13,5417037.87,Seasonal Promo,No,Credit Term,7
TRX2022990585,27/07/2022,Bandung,West Java,Bandung,E-commerce,PT Maju Jaya Distribusi,OUT6250,Supermarket,SP141,Beverages,Energy Cocoa Drink,SKU26341,23717,94,2229398,0.02,44587.96,2184810.04,None,No,Transfer,1
TRX2022205087,11/04/2022,Palembang,South Sumatra,Palembang,Distributor,,OUT1344,Traditional Store,SP302,Nuts,Salted Cashew Mix,SKU70566,31491,156,4912596,0.1345,660744.16,4251851.84,Bundle Promo,No,Transfer,5
TRX2022129566,2022-12-26,Jakarta,DKI Jakarta,Jakarta,General Trade,PT Global Snack Dist,OUT9467,Supermarket,SP948,Biscuits,Choco Delight Biscuit,SKU19071,22870,142,3247540,0.0899,291953.85,2955586.15,None,No,Transfer,8
TRX2022509151,2022-11-27,Jakarta,DKI Jakarta,Jakarta,E-commerce,PT Sinar Distribusi,OUT6888,Traditional Store,SP677,Candy,Fruit Jelly Candy,SKU61225,44065,145,6389425,0.0237,151429.37,6237995.63,Bundle Promo,No,Transfer,6
TRX2022934180,2022-12-24,Palembang,South Sumatra,Palembang,E-commerce,PT Sinar Distribusi,OUT5959,Supermarket,SP398,Candy,Caramel Drop Candy,SKU97932,20439,99,2023461,0.1712,346416.52,1677044.48,Bundle Promo,No,Transfer,6
TRX2022956792,19/11/2022,Bandung,West Java,Bandung,Distributor,PT Global Snack Dist,OUT9370,Online Store,SP857,Nuts,Spicy Peanut Mix,SKU41135,39027,35,1365945,0.2221,303376.38,1062568.62,,No,Transfer,1
TRX2022814591,22/04/2022,Semarang,Central Java,Semarang,Modern Trade,PT Sinar Distribusi,OUT7250,Traditional Store,SP158,Biscuits,Choco Delight Biscuit,SKU13316,44709,193,8628837,0.0982,847351.79,7781485.21,Retail Discount,No,Credit Term,9
TRX2022273671,15/03/2022,Surabaya,East Java,Surabaya,Distributor,,OUT3523,Traditional Store,SP777,Beverages,Nutri Grain Drink,SKU14374,37754,42,1585668,0.0711,112740.99,1472927.01,None,No,Credit Term,11
TRX2022839841,10/01/2022,Medan,North Sumatra,Medan,E-commerce,,OUT7437,Online Store,SP597,Candy,Fruit Jelly Candy,SKU12230,29948,130,3893240,0.2183,849894.29,3043345.71,Bundle Promo,No,Cash,7
TRX2022402100,2022-05-02,Jakarta,DKI Jakarta,Jakarta,Distributor,PT Maju Jaya Distribusi,OUT2558,Supermarket,SP279,Biscuits,Choco Delight Biscuit,SKU11261,4133,143,591019,0.1022,60402.14,530616.86,Seasonal Promo,No,Cash,14
TRX2022937167,2022-05-09,Yogyakarta,DI Yogyakarta,Yogyakarta,Distributor,PT Sinar Distribusi,OUT2985,Online Store,SP629,Biscuits,Golden Cream Biscuit,SKU10129,10719,5,53595,0.1488,7974.94,45620.06,Bundle Promo,No,Transfer,5
TRX2022417303,2022-07-12,Medan,North Sumatra,Medan,Distributor,PT Global Snack Dist,OUT6160,Online Store,SP208,Biscuits,Butter Crunch Biscuit,SKU23702,12576,38,477888,0.1937,92566.91,385321.09,Retail Discount,Yes,Credit Term,6
TRX2022101344,06/02/2022,Jakarta,DKI Jakarta,Jakarta,General Trade,PT Maju Jaya Distribusi,OUT1974,Online Store,SP965,Snacks,Spicy Curl,SKU31951,33654,69,2322126,0.1539,357375.19,1964750.81,,No,Cash,6
TRX2022186350,2022-06-06,Yogyakarta,DI Yogyakarta,Yogyakarta,E-commerce,PT Maju Jaya Distribusi,OUT6008,Traditional Store,SP983,Candy,Fruit Jelly Candy,SKU93423,2395,174,416730,0.1699,70802.43,345927.57,,No,Credit Term,4
TRX2022450853,30/10/2022,Jakarta,DKI Jakarta,Jakarta,Modern Trade,PT Maju Jaya Distribusi,OUT6668,Minimarket,SP621,Nuts,Spicy Peanut Mix,SKU86636,20618,28,577304,0.1237,71412.5,505891.5,,No,Transfer,1
TRX2022622101,2022-10-13,Palembang,South Sumatra,Palembang,General Trade,PT Maju Jaya Distribusi,OUT1146,Supermarket,SP994,Biscuits,Butter Crunch Biscuit,SKU56399,15240,104,1584960,0.1545,244876.32,1340083.68,,No,Credit Term,6
TRX2022614967,05/04/2022,Surabaya,East Java,Surabaya,Distributor,,OUT3606,Traditional Store,SP886,Beverages,Choco Malt Drink,SKU73321,38765,123,4768095,0.0442,210749.8,4557345.2,,No,Credit Term,12
TRX2022523399,03/09/2022,Bandung,West Java,Bandung,Distributor,PT Nusantara Supply,OUT6380,Minimarket,SP445,Candy,Fruit Jelly Candy,SKU51303,2651,40,106040,0.1685,17867.74,88172.26,Retail Discount,No,Cash,3
TRX2022360178,2022-01-03,Palembang,South Sumatra,Palembang,General Trade,PT Global Snack Dist,OUT9387,Traditional Store,SP646,Snacks,Savory Chips,SKU52159,42414,39,1654146,0.1727,285671.01,1368474.99,Bundle Promo,No,Transfer,10
TRX2022220056,23/08/2022,Jakarta,DKI Jakarta,Jakarta,General Trade,PT Sinar Distribusi,OUT7598,Traditional Store,SP920,Beverages,Energy Cocoa Drink,SKU28527,27603,18,496854,0.2445,121480.8,375373.2,None,No,Credit Term,8
TRX2022803034,2022-02-03,Semarang,Central Java,Semarang,Modern Trade,,OUT1279,Supermarket,SP706,Nuts,Spicy Peanut Mix,SKU35302,17039,179,3049981,0.1485,452922.18,2597058.82,None,No,Transfer,8
TRX2022956741,2022-06-13,Semarang,Central Java,Semarang,E-commerce,PT Maju Jaya Distribusi,OUT1546,Online Store,SP378,Biscuits,Butter Crunch Biscuit,SKU58172,31116,199,6192084,0.1703,1054511.91,5137572.09,None,No,Cash,13
TRX2022974052,10/09/2022,Bandung,West Java,Bandung,General Trade,,OUT8700,Traditional Store,SP323,Candy,Fruit Jelly Candy,SKU89413,23940,70,1675800,0.1157,193890.06,1481909.94,Retail Discount,No,Credit Term,5
TRX2022153813,2022-05-17,Semarang,Central Java,Semarang,E-commerce,PT Maju Jaya Distribusi,OUT7125,Supermarket,SP460,Beverages,Choco Malt Drink,SKU50817,24445,98,2395610,0.2353,563687.03,1831922.97,,No,Credit Term,9
TRX2022478170,24/10/2022,Palembang,South Sumatra,Palembang,Modern Trade,,OUT2586,Traditional Store,SP744,Snacks,Crunchy Bite,SKU55571,18275,197,3600175,0.1674,602669.29,2997505.71,None,No,Credit Term,2
TRX2022679050,26/05/2022,Surabaya,East Java,Surabaya,Distributor,PT Global Snack Dist,OUT5729,Traditional Store,SP442,Biscuits,Golden Cream Biscuit,SKU87569,8965,160,1434400,0.118,169259.2,1265140.8,Seasonal Promo,No,Transfer,14
TRX2022597375,07/05/2022,Semarang,Central Java,Semarang,Distributor,,OUT5076,Traditional Store,SP389,Candy,Caramel Drop Candy,SKU41391,15941,184,2933144,0.0666,195347.39,2737796.61,Seasonal Promo,No,Cash,4
TRX2022137609,2022-03-11,Medan,North Sumatra,Medan,Modern Trade,PT Nusantara Supply,OUT4515,Traditional Store,SP112,Snacks,Spicy Curl,SKU45736,7345,145,1065025,0.2136,227489.34,837535.66,,No,Transfer,3
TRX2022983725,2022-12-02,Jakarta,DKI Jakarta,Jakarta,E-commerce,PT Global Snack Dist,OUT1333,Supermarket,SP860,Beverages,Choco Malt Drink,SKU46191,15640,152,2377280,0.0412,97943.94,2279336.06,Retail Discount,No,Cash,8
TRX2022808073,2022-03-30,Jakarta,DKI Jakarta,Jakarta,Modern Trade,PT Sinar Distribusi,OUT2504,Online Store,SP293,Snacks,Spicy Curl,SKU18489,34132,198,6758136,0.2245,1517201.53,5240934.47,Seasonal Promo,No,Credit Term,1
TRX2022883384,2022-05-11,Bandung,West Java,Bandung,Distributor,PT Global Snack Dist,OUT2297,Minimarket,SP976,Nuts,Honey Roasted Peanut,SKU61606,46916,104,4879264,0.0775,378142.96,4501121.04,None,No,Credit Term,4
TRX2022898412,18/12/2022,Makassar,South Sulawesi,Makassar,E-commerce,PT Nusantara Supply,OUT7855,Minimarket,SP142,Nuts,Spicy Peanut Mix,SKU98838,26259,125,3282375,0.1886,619055.92,2663319.08,,No,Cash,2
TRX2022517518,11/11/2022,Yogyakarta,DI Yogyakarta,Yogyakarta,Distributor,,OUT5672,Traditional Store,SP248,Candy,Fruit Jelly Candy,SKU96401,25925,190,4925750,0.0271,133487.82,4792262.17,None,No,Cash,5
TRX2022275210,08/06/2022,Surabaya,East Java,Surabaya,E-commerce,PT Maju Jaya Distribusi,OUT8597,Online Store,SP801,Biscuits, Butter Crunch Biscuit ,SKU60125,26815,37,992155,0.0649,64390.86,927764.14,None,No,Transfer,4
TRX2022396946,2022-12-21,Medan,North Sumatra,Medan,E-commerce,,OUT4320,Supermarket,SP371,Beverages,Nutri Grain Drink,SKU76260,7353,41,301473,0.1439,43381.96,258091.04,Bundle Promo,No,Credit Term,13
TRX2022394068,2022-08-01,Jakarta,DKI Jakarta,Jakarta,Modern Trade,PT Maju Jaya Distribusi,OUT2054,Traditional Store,SP648,Nuts,Salted Cashew Mix,SKU28138,2892,47,135924,0.1997,27144.02,108779.98,Bundle Promo,No,Cash,10
TRX2022504849,2022-09-20,Yogyakarta,DI Yogyakarta,Yogyakarta,Distributor,PT Maju Jaya Distribusi,OUT3259,Traditional Store,SP960,Beverages,Energy Cocoa Drink,SKU43989,29961,124,3715164,0.1346,500061.07,3215102.93,Seasonal Promo,No,Cash,5
TRX2022925252,2022-05-24,Yogyakarta,DI Yogyakarta,Yogyakarta,Distributor,,OUT2945,Traditional Store,SP396,Biscuits, Golden Cream Biscuit ,SKU33754,19159,2,38318,0.0607,2325.9,35992.1,,No,Credit Term,6
TRX2022444770,2022-12-13,Makassar,South Sulawesi,Makassar,E-commerce,,OUT8685,Traditional Store,SP407,Nuts,Salted Cashew Mix,SKU95889,47116,96,4523136,0.1468,663996.36,3859139.64,Bundle Promo,No,Credit Term,13
TRX2022555568,2022-02-27,Semarang,Central Java,Semarang,General Trade,PT Nusantara Supply,OUT1981,Supermarket,SP246,Beverages,Energy Cocoa Drink,SKU59733,48609,75,3645675,0.0656,239156.28,3406518.72,,No,Transfer,6
TRX2022892149,2022-07-19,Bandung,West Java,Bandung,E-commerce,PT Nusantara Supply,OUT8255,Supermarket,SP412,Biscuits,Choco Delight Biscuit,SKU91725,42587,96,4088352,0.172,703196.54,3385155.46,Retail Discount,No,Credit Term,4
TRX2022682054,27/06/2022,Makassar,South Sulawesi,Makassar,Modern Trade,PT Nusantara Supply,OUT5632,Minimarket,SP207,Biscuits, Butter Crunch Biscuit ,SKU48898,25352,50,1267600,0.2351,298012.76,969587.24,,No,Transfer,10
TRX2022745794,2022-01-25,Surabaya,East Java,Surabaya,General Trade,PT Maju Jaya Distribusi,OUT7578,Supermarket,SP990,Candy,Fruit Jelly Candy,SKU46029,2954,76,224504,0.194,43553.78,180950.22,Bundle Promo,No,Transfer,6
TRX2022605609,2022-08-10,Yogyakarta,DI Yogyakarta,Yogyakarta,General Trade,,OUT2180,Online Store,SP554,Snacks,Spicy Curl,SKU42800,40442,144,5823648,0.0392,228287.0,5595361.0,None,No,Transfer,2
TRX2022252707,31/10/2022,Bandung,West Java,Bandung,General Trade,PT Maju Jaya Distribusi,OUT4953,Minimarket,SP688,Nuts,Honey Roasted Peanut,SKU44787,7929,104,824616,0.1305,107612.39,717003.61,Bundle Promo,No,Credit Term,12
TRX2022462858,2022-06-11,Makassar,South Sulawesi,Makassar,Modern Trade,PT Nusantara Supply,OUT5064,Supermarket,SP627,Snacks,Crunchy Bite,SKU61203,31249,19,593731,0.1511,89712.75,504018.25,Bundle Promo,No,Cash,1
TRX2022739166,20/11/2022,Bandung,West Java,Bandung,General Trade,PT Nusantara Supply,OUT3243,Traditional Store,SP169,Nuts,Spicy Peanut Mix,SKU83373,4391,73,320543,0.0535,17149.05,303393.95,,No,Credit Term,13
TRX2022930783,2022-11-04,Makassar,South Sulawesi,Makassar,E-commerce,PT Nusantara Supply,OUT1810,Minimarket,SP541,Snacks,Spicy Curl,SKU11814,37324,106,3956344,0.197,779399.77,3176944.23,Retail Discount,No,Transfer,11
TRX2022296228,18/07/2022,Medan,North Sumatra,Medan,General Trade,PT Nusantara Supply,OUT5236,Online Store,SP857,Candy,Caramel Drop Candy,SKU82318,21650,24,519600,0.0749,38918.04,480681.96,Retail Discount,No,Transfer,5
TRX2022949605,16/04/2022,Bandung,West Java,Bandung,E-commerce,,OUT8640,Supermarket,SP293,Candy,Fruit Jelly Candy,SKU41606,12574,181,2275894,0.1648,375067.33,1900826.67,Retail Discount,No,Cash,9
TRX2022602260,2022-02-11,Medan,North Sumatra,Medan,E-commerce,PT Maju Jaya Distribusi,OUT8923,Minimarket,SP674,Snacks,Savory Chips,SKU83577,29039,64,1858496,0.0043,7991.53,1850504.47,,No,Cash,7
TRX2022469452,2022-11-22,Makassar,South Sulawesi,Makassar,General Trade,PT Global Snack Dist,OUT7419,Online Store,SP492,Beverages,Nutri Grain Drink,SKU24011,39732,199,7906668,0.2396,1894437.65,6012230.35,None,No,Credit Term,3
TRX2022410378,2022-11-29,Surabaya,East Java,Surabaya,Distributor,PT Global Snack Dist,OUT7301,Minimarket,SP328,Beverages,Choco Malt Drink,SKU67162,28732,119,3419108,0.1771,605524.03,2813583.97,Bundle Promo,No,Credit Term,12
TRX2022781606,2022-10-22,Medan,North Sumatra,Medan,General Trade,PT Global Snack Dist,OUT9221,Minimarket,SP986,Candy,Caramel Drop Candy,SKU47890,39685,127,5039995,0.0741,373463.63,4666531.37,Retail Discount,No,Credit Term,3
TRX2022484480,24/05/2022,Surabaya,East Java,Surabaya,Distributor,,OUT4329,Minimarket,SP989,Snacks,Spicy Curl,SKU57338,21261,18,382698,0.0537,20550.88,362147.12,Retail Discount,No,Credit Term,14
TRX2022704042,14/03/2022,Palembang,South Sumatra,Palembang,E-commerce,PT Nusantara Supply,OUT7459,Supermarket,SP649,Snacks,Savory Chips,SKU25110,44106,23,1014438,0.2274,230683.2,783754.8,Seasonal Promo,No,Cash,3
TRX2022307365,2022-02-21,Semarang,Central Java,Semarang,Distributor,PT Nusantara Supply,OUT3336,Minimarket,SP980,Nuts,Spicy Peanut Mix,SKU47943,12686,149,1890214,0.0969,183161.74,1707052.26,Retail Discount,No,Credit Term,8
TRX2022225265,29/03/2022,Bandung,West Java,Bandung,E-commerce,PT Global Snack Dist,OUT3962,Supermarket,SP970,Nuts,Salted Cashew Mix,SKU50144,4824,42,202608,0.0614,12440.13,190167.87,Retail Discount,No,Transfer,14
TRX2022508986,09/09/2022,Yogyakarta,DI Yogyakarta,Yogyakarta,Distributor,,OUT1527,Traditional Store,SP512,Beverages,Choco Malt Drink,SKU15874,30448,84,2557632,0.1328,339653.53,2217978.47,None,No,Cash,5
TRX2022332687,2022-04-08,Jakarta,DKI Jakarta,Jakarta,Distributor,,OUT8474,Supermarket,SP451,Candy,Caramel Drop Candy,SKU40620,45820,199,9118180,0.0484,441319.91,8676860.09,,No,Transfer,12
TRX2022690671,2022-01-14,Medan,North Sumatra,Medan,E-commerce,PT Global Snack Dist,OUT9766,Minimarket,SP684,Nuts,Spicy Peanut Mix,SKU80639,35683,130,4638790,0.1335,619278.47,4019511.54,Seasonal Promo,No,Transfer,10
TRX2022723419,12/01/2022,Bandung,West Java,Bandung,Modern Trade,PT Maju Jaya Distribusi,OUT8726,Minimarket,SP530,Candy,Caramel Drop Candy,SKU87095,29350,2,58700,0.119,6985.3,51714.7,None,No,Credit Term,1
TRX2022203237,2022-08-08,Medan,North Sumatra,Medan,Modern Trade,PT Global Snack Dist,OUT8577,Traditional Store,SP913,Nuts,Honey Roasted Peanut,SKU99615,46854,75,3514050,0.0938,329617.89,3184432.11,None,No,Credit Term,4
TRX2022579314,08/12/2022,Semarang,Central Java,Semarang,Distributor,PT Global Snack Dist,OUT1303,Supermarket,SP108,Snacks,Crunchy Bite,SKU53529,35775,123,4400325,0.0637,280300.7,4120024.3,None,No,Transfer,7
TRX2022756696,24/12/2022,Yogyakarta,DI Yogyakarta,Yogyakarta,General Trade,PT Maju Jaya Distribusi,OUT4992,Minimarket,SP385,Nuts,Honey Roasted Peanut,SKU55994,31497,150,4724550,0.1118,528204.69,4196345.31,Seasonal Promo,No,Cash,4
TRX2022891935,08/09/2022,Semarang,Central Java,Semarang,Modern Trade,PT Global Snack Dist,OUT8309,Minimarket,SP654,Nuts,Salted Cashew Mix,SKU56469,8762,194,1699828,0.1925,327216.89,1372611.11,None,No,Credit Term,12
TRX2022557284,02/11/2022,Semarang,Central Java,Semarang,E-commerce,PT Nusantara Supply,OUT6574,Minimarket,SP537,Biscuits,Choco Delight Biscuit,SKU56168,35061,143,5013723,0.0336,168461.09,4845261.91,Retail Discount,No,Transfer,7
TRX2022145449,19/03/2022,Jakarta,DKI Jakarta,Jakarta,E-commerce,,OUT8996,Minimarket,SP865,Beverages,Nutri Grain Drink,SKU81425,34241,66,2259906,0.2375,536727.67,1723178.33,None,No,Transfer,1
TRX2022606169,28/06/2022,Medan,North Sumatra,Medan,Modern Trade,PT Maju Jaya Distribusi,OUT1727,Traditional Store,SP747,Beverages,Choco Malt Drink,SKU14042,19874,106,2106644,0.1539,324212.51,1782431.49,Seasonal Promo,No,Transfer,6
TRX2022220989,2022-08-02,Bandung,West Java,Bandung,Distributor,PT Global Snack Dist,OUT9781,Online Store,SP129,Nuts,Salted Cashew Mix,SKU89158,20574,50,1028700,0.1525,156876.75,871823.25,Bundle Promo,No,Transfer,7
TRX2022127230,16/12/2022,Bandung,West Java,Bandung,E-commerce,PT Nusantara Supply,OUT3751,Online Store,SP177,Snacks,Spicy Curl,SKU27085,28484,172,4899248,0.0051,24986.16,4874261.84,Bundle Promo,No,Transfer,3
TRX2022293727,2022-08-21,Semarang,Central Java,Semarang,E-commerce,PT Maju Jaya Distribusi,OUT4952,Online Store,SP572,Snacks,Spicy Curl,SKU90886,45093,156,7034508,0.2238,1574322.89,5460185.11,Bundle Promo,No,Credit Term,4
TRX2022823134,16/12/2022,Jakarta,DKI Jakarta,Jakarta,Distributor,PT Nusantara Supply,OUT6559,Online Store,SP647,Beverages, Energy Cocoa Drink ,SKU79586,22077,133,2936241,0.1761,517072.04,2419168.96,Retail Discount,No,Credit Term,13
TRX2022788850,07/12/2022,Makassar,South Sulawesi,Makassar,Distributor,PT Sinar Distribusi,OUT7845,Minimarket,SP324,Candy,Fruit Jelly Candy,SKU13667,3049,148,451252,0.0939,42372.56,408879.44,Retail Discount,No,Cash,10
TRX2022660944,11/12/2022,Bandung,West Java,Bandung,Modern Trade,PT Maju Jaya Distribusi,OUT3439,Traditional Store,SP810,Candy,Mint Pop Candy,SKU30993,45191,103,4654673,0.0201,93558.93,4561114.07,Retail Discount,No,Transfer,3
TRX2022722311,26/03/2022,Semarang,Central Java,Semarang,Modern Trade,PT Nusantara Supply,OUT7489,Minimarket,SP327,Nuts,Salted Cashew Mix,SKU54849,27602,87,2401374,0.1165,279760.07,2121613.93,Seasonal Promo,No,Transfer,5
TRX2022870602,17/11/2022,Medan,North Sumatra,Medan,E-commerce,PT Global Snack Dist,OUT7743,Online Store,SP546,Candy,Fruit Jelly Candy,SKU35308,8872,102,904944,0.0735,66513.38,838430.62,Retail Discount,No,Cash,2
TRX2022693986,07/08/2022,Surabaya,East Java,Surabaya,General Trade,PT Maju Jaya Distribusi,OUT3611,Supermarket,SP587,Snacks,Crunchy Bite,SKU95900,7081,123,870963,0.0376,32748.21,838214.79,None,No,Transfer,7
TRX2022397603,2022-10-23,Bandung,West Java,Bandung,E-commerce,PT Nusantara Supply,OUT2295,Traditional Store,SP111,Candy,Caramel Drop Candy,SKU75072,39993,158,6318894,0.1595,1007863.59,5311030.41,,No,Credit Term,10
TRX2022896376,28/07/2022,Makassar,South Sulawesi,Makassar,General Trade,PT Nusantara Supply,OUT3557,Traditional Store,SP728,Nuts,Spicy Peanut Mix,SKU77193,21373,155,3312815,0.0708,234547.3,3078267.7,Seasonal Promo,No,Cash,9
TRX2022139971,11/09/2022,Makassar,South Sulawesi,Makassar,E-commerce,,OUT3660,Online Store,SP217,Snacks,Crunchy Bite,SKU82083,42829,9,385461,0.1069,41205.78,344255.22,None,No,Transfer,14
TRX2022391518,29/07/2022,Semarang,Central Java,Semarang,E-commerce,PT Maju Jaya Distribusi,OUT4580,Supermarket,SP179,Beverages,Choco Malt Drink,SKU95927,9854,169,1665326,0.1405,233978.3,1431347.7,None,No,Transfer,14
TRX2022585146,2022-09-13,Medan,North Sumatra,Medan,Distributor,PT Sinar Distribusi,OUT4946,Online Store,SP272,Biscuits,Choco Delight Biscuit,SKU50662,2835,5,14175,0.1174,1664.14,12510.85,Bundle Promo,No,Cash,7
TRX2022976105,2022-07-20,Makassar,South Sulawesi,Makassar,General Trade,PT Nusantara Supply,OUT8900,Traditional Store,SP428,Biscuits,Golden Cream Biscuit,SKU70626,22918,166,3804388,0.0012,4565.27,3799822.73,Retail Discount,No,Cash,2
TRX2022833376,29/12/2022,Medan,North Sumatra,Medan,E-commerce,PT Global Snack Dist,OUT5395,Online Store,SP317,Nuts,Spicy Peanut Mix,SKU23609,29053,64,1859392,0.1322,245811.62,1613580.38,None,No,Transfer,2
TRX2022848216,2022-02-16,Semarang,Central Java,Semarang,Distributor,,OUT4966,Minimarket,SP785,Candy,Fruit Jelly Candy,SKU19654,7317,124,907308,0.1867,169394.4,737913.6,Retail Discount,No,Credit Term,3
TRX2022847185,24/02/2022,Surabaya,East Java,Surabaya,E-commerce,PT Global Snack Dist,OUT2459,Traditional Store,SP127,Biscuits,Butter Crunch Biscuit,SKU70541,44964,175,7868700,0.1638,1288893.06,6579806.94,Bundle Promo,No,Transfer,10
TRX2022897785,2022-05-29,Medan,North Sumatra,Medan,E-commerce,PT Sinar Distribusi,OUT7510,Supermarket,SP275,Nuts,Spicy Peanut Mix,SKU27495,22391,32,716512,0.2124,152187.15,564324.85,Seasonal Promo,No,Transfer,12
TRX2022223975,2022-07-25,Yogyakarta,DI Yogyakarta,Yogyakarta,General Trade,PT Nusantara Supply,OUT1936,Traditional Store,SP240,Nuts,Honey Roasted Peanut,SKU88682,7650,134,1025100,0.1922,197024.22,828075.78,Retail Discount,No,Credit Term,10
TRX2022542150,2022-04-05,Semarang,Central Java,Semarang,E-commerce,PT Nusantara Supply,OUT5090,Traditional Store,SP960,Biscuits,Choco Delight Biscuit,SKU97606,29733,170,5054610,0.1186,599476.75,4455133.25,None,No,Cash,4
TRX2022925336,2022-03-19,Jakarta,DKI Jakarta,Jakarta,General Trade,,OUT1679,Minimarket,SP681,Snacks, Crunchy Bite ,SKU49199,7002,19,133038,0.0382,5082.05,127955.95,Retail Discount,No,Cash,6
TRX2022344002,2022-10-30,Surabaya,East Java,Surabaya,Distributor,PT Nusantara Supply,OUT8178,Online Store,SP908,Biscuits,Butter Crunch Biscuit,SKU15407,27757,182,5051774,0.2475,1250314.06,3801459.94,Seasonal Promo,No,Cash,9
TRX2022228364,11/10/2022,Medan,North Sumatra,Medan,General Trade,PT Nusantara Supply,OUT7039,Minimarket,SP516,Nuts,Salted Cashew Mix,SKU49266,6146,111,682206,0.0289,19715.75,662490.25,,No,Transfer,13
TRX2022887939,20/10/2022,Bandung,West Java,Bandung,Modern Trade,PT Maju Jaya Distribusi,OUT1923,Online Store,SP215,Beverages,Energy Cocoa Drink,SKU11763,22562,14,315868,0.189,59699.05,256168.95,None,No,Credit Term,13
TRX2022477697,2022-09-06,Bandung,West Java,Bandung,Modern Trade,PT Global Snack Dist,OUT4775,Traditional Store,SP345,Snacks,Crunchy Bite,SKU82186,29254,181,5294974,0.009,47654.77,5247319.23,None,No,Cash,6
TRX2022634301,08/12/2022,Semarang,Central Java,Semarang,E-commerce,PT Sinar Distribusi,OUT4007,Online Store,SP795,Beverages,Energy Cocoa Drink,SKU89030,7130,42,299460,0.1012,30305.35,269154.65,Seasonal Promo,No,Transfer,1
TRX2022162625,29/12/2022,Surabaya,East Java,Surabaya,General Trade,PT Sinar Distribusi,OUT4207,Online Store,SP211,Snacks,Crunchy Bite,SKU40739,33747,39,1316133,0.2451,322584.2,993548.8,Seasonal Promo,No,Credit Term,10
TRX2022590673,2022-08-21,Semarang,Central Java,Semarang,Distributor,PT Nusantara Supply,OUT6146,Online Store,SP833,Beverages,Choco Malt Drink,SKU64762,26532,166,4404312,0.0035,15415.09,4388896.91,Seasonal Promo,No,Cash,7
TRX2022518299,2022-07-15,Yogyakarta,DI Yogyakarta,Yogyakarta,Modern Trade,PT Global Snack Dist,OUT5412,Traditional Store,SP994,Beverages,Choco Malt Drink,SKU79192,4816,6,28896,0.0417,1204.96,27691.04,Seasonal Promo,No,Transfer,5
TRX2022541717,2022-07-15,Surabaya,East Java,Surabaya,Modern Trade,PT Nusantara Supply,OUT8544,Minimarket,SP560,Snacks,Spicy Curl,SKU93743,18711,57,1066527,0.0285,30396.02,1036130.98,None,No,Credit Term,5
TRX2022892375,2022-06-18,Surabaya,East Java,Surabaya,Modern Trade,PT Nusantara Supply,OUT5470,Minimarket,SP741,Snacks, Spicy Curl ,SKU70810,29742,107,3182394,0.0553,175986.39,3006407.61,None,No,Transfer,8
TRX2022423237,14/04/2022,Surabaya,East Java,Surabaya,Modern Trade,PT Global Snack Dist,OUT9115,Supermarket,SP323,Nuts,Salted Cashew Mix,SKU16206,42245,126,5322870,0.1712,911275.34,4411594.66,None,No,Transfer,7
TRX2022963104,2022-03-23,Makassar,South Sulawesi,Makassar,Modern Trade,PT Nusantara Supply,OUT8537,Traditional Store,SP103,Biscuits,Choco Delight Biscuit,SKU60652,26153,178,4655234,0.2329,1084204.0,3571030.0,,No,Transfer,12
TRX2022119820,24/02/2022,Yogyakarta,DI Yogyakarta,Yogyakarta,E-commerce,,OUT3433,Minimarket,SP745,Nuts,Spicy Peanut Mix,SKU95291,35080,57,1999560,0.0032,6398.59,1993161.41,Bundle Promo,No,Credit Term,7
TRX2022535485,2022-01-14,Makassar,South Sulawesi,Makassar,Distributor,PT Maju Jaya Distribusi,OUT6041,Traditional Store,SP437,Nuts,Honey Roasted Peanut,SKU20519,42660,128,5460480,0.0575,313977.6,5146502.4,Bundle Promo,No,Credit Term,11
TRX2022402807,27/03/2022,Bandung,West Java,Bandung,Modern Trade,,OUT1250,Online Store,SP655,Candy,Caramel Drop Candy,SKU87878,34885,197,6872345,0.0124,85217.08,6787127.92,None,No,Credit Term,14
TRX2022227368,20/07/2022,Makassar,South Sulawesi,Makassar,General Trade,PT Global Snack Dist,OUT4680,Traditional Store,SP588,Biscuits, Golden Cream Biscuit ,SKU54349,43785,52,2276820,0.0734,167118.59,2109701.41,Bundle Promo,Yes,Transfer,10
TRX2022530510,2022-02-20,Semarang,Central Java,Semarang,Modern Trade,PT Maju Jaya Distribusi,OUT7623,Traditional Store,SP842,Snacks,Savory Chips,SKU69269,16677,154,2568258,0.1351,346971.66,2221286.34,Bundle Promo,No,Credit Term,6
TRX2022256268,2022-03-21,Surabaya,East Java,Surabaya,General Trade,PT Sinar Distribusi,OUT4789,Traditional Store,SP768,Beverages,Nutri Grain Drink,SKU64844,22184,37,820808,0.0209,17154.89,803653.11,,No,Credit Term,12
TRX2022237929,2022-07-19,Palembang,South Sumatra,Palembang,E-commerce,PT Global Snack Dist,OUT2233,Supermarket,SP713,Beverages,Choco Malt Drink,SKU42685,33527,147,4928469,0.2118,1043849.73,3884619.27,None,No,Transfer,9
TRX2022323840,27/09/2022,Medan,North Sumatra,Medan,E-commerce,PT Sinar Distribusi,OUT8339,Supermarket,SP460,Biscuits,Butter Crunch Biscuit,SKU38489,4579,102,467058,0.076,35496.41,431561.59,None,No,Transfer,14
TRX2022342420,16/01/2022,Semarang,Central Java,Semarang,General Trade,PT Nusantara Supply,OUT6741,Traditional Store,SP257,Beverages,Energy Cocoa Drink,SKU80177,40747,50,2037350,0.1206,245704.41,1791645.59,,No,Transfer,10
TRX2022876401,15/02/2022,Semarang,Central Java,Semarang,E-commerce,,OUT5744,Supermarket,SP444,Beverages,Energy Cocoa Drink,SKU33442,6014,183,1100562,0.0319,35107.93,1065454.07,Retail Discount,No,Transfer,6
TRX2022225517,2022-08-14,Makassar,South Sulawesi,Makassar,E-commerce,,OUT7903,Online Store,SP916,Biscuits,Golden Cream Biscuit,SKU43260,14530,121,1758130,0.0229,40261.18,1717868.82,Bundle Promo,No,Credit Term,4
TRX2022844084,2022-02-03,Surabaya,East Java,Surabaya,E-commerce,,OUT2851,Online Store,SP800,Nuts,Spicy Peanut Mix,SKU61852,44793,156,6987708,0.0218,152332.03,6835375.97,None,No,Transfer,11
TRX2022277302,22/03/2022,Surabaya,East Java,Surabaya,General Trade,PT Global Snack Dist,OUT4127,Minimarket,SP466,Biscuits,Choco Delight Biscuit,SKU84618,20216,197,3982552,0.0807,321391.95,3661160.05,Bundle Promo,No,Transfer,14
TRX2022315341,2022-04-30,Medan,North Sumatra,Medan,Distributor,,OUT2233,Traditional Store,SP109,Snacks,Crunchy Bite,SKU10674,35240,90,3171600,0.212,672379.2,2499220.8,Retail Discount,No,Cash,2
TRX2022650122,20/01/2022,Bandung,West Java,Bandung,E-commerce,PT Nusantara Supply,OUT2022,Online Store,SP931,Candy,Fruit Jelly Candy,SKU23452,5864,167,979288,0.1009,98810.16,880477.84,Bundle Promo,No,Credit Term,11
TRX2022829186,27/09/2022,Bandung,West Java,Bandung,Distributor,PT Sinar Distribusi,OUT9402,Online Store,SP672,Beverages,Energy Cocoa Drink,SKU51347,8074,116,936584,0.1974,184881.68,751702.32,None,No,Credit Term,6
TRX2022694754,15/06/2022,Semarang,Central Java,Semarang,General Trade,PT Global Snack Dist,OUT5701,Supermarket,SP330,Nuts,Spicy Peanut Mix,SKU69802,35790,178,6370620,0.0458,291774.4,6078845.6,Retail Discount,No,Transfer,2
TRX2022515928,21/01/2022,Bandung,West Java,Bandung,Distributor,PT Global Snack Dist,OUT1983,Minimarket,SP800,Biscuits, Choco Delight Biscuit ,SKU23203,39728,49,1946672,0.0657,127896.35,1818775.65,None,No,Cash,8
TRX2022773779,24/11/2022,Jakarta,DKI Jakarta,Jakarta,Modern Trade,,OUT4714,Traditional Store,SP964,Snacks,Crunchy Bite,SKU92488,14237,96,1366752,0.1081,147745.89,1219006.11,Bundle Promo,No,Credit Term,2
TRX2022727311,2022-06-02,Yogyakarta,DI Yogyakarta,Yogyakarta,Modern Trade,PT Sinar Distribusi,OUT5693,Online Store,SP220,Nuts,Honey Roasted Peanut,SKU32197,15057,123,1852011,0.0219,40559.04,1811451.96,Bundle Promo,No,Cash,14
TRX2022885596,2022-02-25,Semarang,Central Java,Semarang,Distributor,PT Sinar Distribusi,OUT5404,Traditional Store,SP921,Biscuits,Golden Cream Biscuit,SKU11498,15636,25,390900,0.0297,11609.73,379290.27,Bundle Promo,No,Transfer,13
TRX2022235720,2022-04-22,Yogyakarta,DI Yogyakarta,Yogyakarta,General Trade,PT Nusantara Supply,OUT2237,Supermarket,SP669,Snacks,Spicy Curl,SKU50829,23362,31,724222,0.2189,158532.2,565689.8,Bundle Promo,No,Credit Term,13
TRX2022970972,10/10/2022,Surabaya,East Java,Surabaya,Distributor,PT Global Snack Dist,OUT1373,Supermarket,SP646,Snacks,Spicy Curl,SKU27199,24700,78,1926600,0.1988,383008.08,1543591.92,Seasonal Promo,No,Transfer,5
TRX2022501708,16/10/2022,Surabaya,East Java,Surabaya,Modern Trade,PT Sinar Distribusi,OUT4955,Traditional Store,SP905,Biscuits,Butter Crunch Biscuit,SKU79032,35661,38,1355118,0.0527,71414.72,1283703.28,Bundle Promo,No,Credit Term,11
TRX2022109930,03/10/2022,Yogyakarta,DI Yogyakarta,Yogyakarta,E-commerce,PT Global Snack Dist,OUT5456,Supermarket,SP584,Nuts,Honey Roasted Peanut,SKU93609,24748,44,1088912,0.0786,85588.48,1003323.52,Bundle Promo,No,Transfer,12
TRX2022219878,21/01/2022,Makassar,South Sulawesi,Makassar,E-commerce,PT Sinar Distribusi,OUT1191,Traditional Store,SP349,Biscuits,Golden Cream Biscuit,SKU87494,33998,150,5099700,0.2021,1030649.37,4069050.63,Bundle Promo,No,Cash,3
TRX2022679565,2022-11-13,Medan,North Sumatra,Medan,E-commerce,PT Sinar Distribusi,OUT7210,Minimarket,SP436,Candy,Fruit Jelly Candy,SKU50401,21271,155,3297005,0.1229,405201.91,2891803.09,Seasonal Promo,No,Transfer,11
TRX2022904350,2022-01-19,Jakarta,DKI Jakarta,Jakarta,Modern Trade,PT Global Snack Dist,OUT2466,Supermarket,SP676,Candy,Fruit Jelly Candy,SKU95670,49356,101,4984956,0.1021,508964.01,4475991.99,Retail Discount,No,Cash,14
TRX2022389707,2022-05-03,Semarang,Central Java,Semarang,Distributor,PT Global Snack Dist,OUT2906,Supermarket,SP750,Biscuits,Golden Cream Biscuit,SKU53612,17912,60,1074720,0.24,257932.8,816787.2,,No,Cash,8
TRX2022134853,2022-03-15,Semarang,Central Java,Semarang,Modern Trade,,OUT9204,Online Store,SP184,Biscuits,Butter Crunch Biscuit,SKU73837,35027,59,2066593,0.053,109529.43,1957063.57,None,No,Credit Term,10
TRX2022894894,2022-11-03,Makassar,South Sulawesi,Makassar,Modern Trade,PT Nusantara Supply,OUT7816,Online Store,SP402,Nuts,Spicy Peanut Mix,SKU86561,44503,171,7610013,0.2133,1623215.77,5986797.23,,No,Transfer,5
TRX2022610867,04/06/2022,Bandung,West Java,Bandung,Modern Trade,PT Nusantara Supply,OUT5167,Online Store,SP151,Biscuits,Choco Delight Biscuit,SKU53821,32545,118,3840310,0.1951,749244.48,3091065.52,,No,Cash,9
TRX2022677628,2022-02-25,Yogyakarta,DI Yogyakarta,Yogyakarta,Distributor,PT Sinar Distribusi,OUT7343,Minimarket,SP561,Beverages,Nutri Grain Drink,SKU50796,15817,37,585229,0.1825,106804.29,478424.71,Bundle Promo,No,Credit Term,10
TRX2022954511,05/08/2022,Medan,North Sumatra,Medan,General Trade,PT Sinar Distribusi,OUT9043,Online Store,SP561,Biscuits,Choco Delight Biscuit,SKU89258,43084,74,3188216,0.1781,567821.27,2620394.73,None,No,Cash,5
TRX2022442455,23/08/2022,Jakarta,DKI Jakarta,Jakarta,Modern Trade,,OUT5151,Traditional Store,SP722,Nuts,Salted Cashew Mix,SKU74044,42703,61,2604883,0.0034,8856.6,2596026.4,None,No,Cash,1
TRX2022578939,06/04/2022,Jakarta,DKI Jakarta,Jakarta,Distributor,,OUT8683,Traditional Store,SP379,Nuts,Honey Roasted Peanut,SKU20214,24610,107,2633270,0.0088,23172.78,2610097.22,None,No,Credit Term,14
TRX2022135102,2022-08-21,Medan,North Sumatra,Medan,E-commerce,PT Nusantara Supply,OUT5877,Minimarket,SP582,Biscuits,Golden Cream Biscuit,SKU54383,16424,178,2923472,0.1719,502544.84,2420927.16,None,No,Credit Term,1
TRX2022865458,14/06/2022,Makassar,South Sulawesi,Makassar,General Trade,PT Global Snack Dist,OUT5351,Minimarket,SP864,Beverages,Energy Cocoa Drink,SKU32883,30639,156,4779684,0.1677,801553.01,3978130.99,None,No,Transfer,3
TRX2022900915,27/03/2022,Yogyakarta,DI Yogyakarta,Yogyakarta,E-commerce,PT Sinar Distribusi,OUT5973,Minimarket,SP368,Candy, Fruit Jelly Candy ,SKU50216,3039,125,379875,0.0261,9914.74,369960.26,Seasonal Promo,No,Credit Term,1
TRX2022818341,19/05/2022,Surabaya,East Java,Surabaya,E-commerce,PT Sinar Distribusi,OUT2558,Supermarket,SP373,Candy,Caramel Drop Candy,SKU63511,21648,134,2900832,0.2307,669221.94,2231610.06,Seasonal Promo,No,Credit Term,11
TRX2022405117,2022-02-28,Medan,North Sumatra,Medan,General Trade,PT Sinar Distribusi,OUT8217,Traditional Store,SP439,Nuts,Spicy Peanut Mix,SKU80053,37068,43,1593924,0.1636,260765.97,1333158.03,Retail Discount,No,Transfer,8
TRX2022192068,15/08/2022,Semarang,Central Java,Semarang,Modern Trade,PT Maju Jaya Distribusi,OUT4794,Supermarket,SP904,Nuts,Salted Cashew Mix,SKU80128,38440,146,5612240,0.2186,1226835.66,4385404.34,None,No,Transfer,5
TRX2022124058,2022-05-20,Yogyakarta,DI Yogyakarta,Yogyakarta,Distributor,PT Nusantara Supply,OUT6282,Minimarket,SP727,Beverages,Choco Malt Drink,SKU96557,42171,112,4723152,0.0749,353764.08,4369387.92,Bundle Promo,No,Cash,10
TRX2022872724,2022-09-30,Surabaya,East Java,Surabaya,General Trade,PT Nusantara Supply,OUT1405,Online Store,SP653,Candy,Fruit Jelly Candy,SKU42757,41622,140,5827080,0.1996,1163085.17,4663994.83,Bundle Promo,No,Credit Term,14
TRX2022139472,05/03/2022,Makassar,South Sulawesi,Makassar,E-commerce,PT Maju Jaya Distribusi,OUT6977,Traditional Store,SP143,Biscuits,Golden Cream Biscuit,SKU86380,17235,10,172350,0.0609,10496.11,161853.89,Bundle Promo,No,Transfer,10
TRX2022971674,2022-06-01,Palembang,South Sumatra,Palembang,E-commerce,PT Maju Jaya Distribusi,OUT3440,Traditional Store,SP617,Nuts,Spicy Peanut Mix,SKU88202,41475,4,165900,0.169,28037.1,137862.9,Seasonal Promo,No,Cash,2
TRX2022834260,26/10/2022,Semarang,Central Java,Semarang,E-commerce,PT Sinar Distribusi,OUT7717,Supermarket,SP961,Nuts, Honey Roasted Peanut ,SKU61560,47348,162,7670376,0.2151,1649897.88,6020478.12,Retail Discount,No,Cash,11
TRX2022743273,08/11/2022,Palembang,South Sumatra,Palembang,Distributor,PT Maju Jaya Distribusi,OUT8273,Supermarket,SP140,Biscuits,Golden Cream Biscuit,SKU53091,45634,138,6297492,0.0727,457827.67,5839664.33,Retail Discount,No,Transfer,14
TRX2022285209,21/11/2022,Palembang,South Sumatra,Palembang,Modern Trade,PT Global Snack Dist,OUT8057,Traditional Store,SP396,Beverages, Nutri Grain Drink ,SKU16520,37901,34,1288634,0.1387,178733.54,1109900.46,,No,Credit Term,8
TRX2022927536,2022-05-20,Palembang,South Sumatra,Palembang,Distributor,PT Global Snack Dist,OUT1629,Minimarket,SP163,Beverages,Energy Cocoa Drink,SKU70722,9050,171,1547550,0.2385,369090.67,1178459.32,Seasonal Promo,No,Cash,2
TRX2022716506,13/07/2022,Palembang,South Sumatra,Palembang,Distributor,,OUT9771,Traditional Store,SP978,Beverages,Choco Malt Drink,SKU98124,3720,113,420360,0.0981,41237.32,379122.68,Bundle Promo,No,Transfer,11
TRX2022900793,28/09/2022,Jakarta,DKI Jakarta,Jakarta,Modern Trade,PT Global Snack Dist,OUT4938,Supermarket,SP127,Snacks,Spicy Curl,SKU76090,46719,136,6353784,0.0226,143595.52,6210188.48,None,No,Cash,11
TRX2022797663,29/04/2022,Bandung,West Java,Bandung,Modern Trade,PT Nusantara Supply,OUT5849,Minimarket,SP311,Nuts,Salted Cashew Mix,SKU85120,24480,123,3011040,0.1159,348979.54,2662060.46,Retail Discount,No,Credit Term,6
TRX2022221028,2022-10-11,Jakarta,DKI Jakarta,Jakarta,Modern Trade,PT Nusantara Supply,OUT4110,Online Store,SP626,Biscuits,Choco Delight Biscuit,SKU89329,31236,43,1343148,0.2184,293343.52,1049804.48,,No,Credit Term,2
TRX2022714454,2022-02-09,Makassar,South Sulawesi,Makassar,Distributor,PT Nusantara Supply,OUT2137,Minimarket,SP338,Biscuits,Butter Crunch Biscuit,SKU49885,15904,175,2783200,0.0263,73198.16,2710001.84,None,No,Credit Term,3
TRX2022966074,2022-11-08,Jakarta,DKI Jakarta,Jakarta,Distributor,PT Nusantara Supply,OUT2929,Supermarket,SP981,Snacks, Crunchy Bite ,SKU93072,38461,148,5692228,0.1506,857249.54,4834978.46,Seasonal Promo,No,Cash,1
TRX2022962621,26/06/2022,Bandung,West Java,Bandung,E-commerce,PT Maju Jaya Distribusi,OUT5381,Online Store,SP924,Beverages,Energy Cocoa Drink,SKU39004,8842,20,176840,0.2347,41504.35,135335.65,Bundle Promo,No,Credit Term,14
TRX2022734544,2022-07-11,Yogyakarta,DI Yogyakarta,Yogyakarta,Modern Trade,PT Maju Jaya Distribusi,OUT1399,Online Store,SP898,Snacks, Savory Chips ,SKU48940,32172,101,3249372,0.0069,22420.67,3226951.33,,No,Credit Term,11
TRX2022364851,2022-02-06,Semarang,Central Java,Semarang,E-commerce,PT Nusantara Supply,OUT5020,Minimarket,SP123,Beverages,Choco Malt Drink,SKU43196,43541,94,4092854,0.1345,550488.86,3542365.14,,No,Cash,2
TRX2022329012,2022-06-07,Yogyakarta,DI Yogyakarta,Yogyakarta,General Trade,,OUT2935,Traditional Store,SP581,Candy,Caramel Drop Candy,SKU27174,37586,124,4660664,0.2132,993653.56,3667010.44,Retail Discount,No,Credit Term,13
TRX2022760866,2022-01-09,Surabaya,East Java,Surabaya,Modern Trade,PT Sinar Distribusi,OUT3999,Supermarket,SP284,Candy,Caramel Drop Candy,SKU13243,40073,129,5169417,0.0497,256920.02,4912496.98,Bundle Promo,No,Credit Term,14
TRX2022258316,2022-07-14,Jakarta,DKI Jakarta,Jakarta,Distributor,PT Maju Jaya Distribusi,OUT2784,Online Store,SP443,Candy,Mint Pop Candy,SKU89944,45600,74,3374400,0.0076,25645.44,3348754.56,Retail Discount,No,Credit Term,9
TRX2022327132,2022-12-05,Palembang,South Sumatra,Palembang,General Trade,PT Maju Jaya Distribusi,OUT8812,Online Store,SP612,Beverages,Nutri Grain Drink,SKU60783,35547,144,5118768,0.0325,166359.96,4952408.04,,No,Credit Term,8
TRX2022821651,2022-12-09,Bandung,West Java,Bandung,General Trade,PT Global Snack Dist,OUT7067,Supermarket,SP833,Candy,Fruit Jelly Candy,SKU11715,11816,37,437192,0.0625,27324.5,409867.5,Retail Discount,No,Transfer,4
TRX2022718786,29/04/2022,Surabaya,East Java,Surabaya,Modern Trade,PT Global Snack Dist,OUT4324,Supermarket,SP445,Candy, Fruit Jelly Candy ,SKU79425,13155,180,2367900,0.1003,237500.37,2130399.63,Retail Discount,No,Credit Term,1
TRX2022164254,2022-04-30,Semarang,Central Java,Semarang,Modern Trade,PT Maju Jaya Distribusi,OUT5774,Traditional Store,SP342,Beverages, Nutri Grain Drink ,SKU66752,6431,174,1118994,0.2364,264530.18,854463.82,Bundle Promo,No,Cash,2
TRX2022514158,22/10/2022,Surabaya,East Java,Surabaya,Distributor,PT Sinar Distribusi,OUT1667,Traditional Store,SP731,Beverages,Nutri Grain Drink,SKU62358,47222,78,3683316,0.0902,332235.1,3351080.9,Retail Discount,No,Cash,7
TRX2022783487,03/09/2022,Makassar,South Sulawesi,Makassar,General Trade,PT Sinar Distribusi,OUT1694,Minimarket,SP532,Snacks,Spicy Curl,SKU91460,12770,24,306480,0.0838,25683.02,280796.98,Seasonal Promo,No,Credit Term,14
TRX2022236277,11/11/2022,Medan,North Sumatra,Medan,E-commerce,PT Maju Jaya Distribusi,OUT8987,Online Store,SP542,Beverages,Choco Malt Drink,SKU31828,33672,36,1212192,0.061,73943.71,1138248.29,Bundle Promo,No,Transfer,8
